date,code,weight
2012-08-01,000002.XSHE,0.015559558571485
2012-08-01,000027.XSHE,0.0028101139450961
2012-08-01,000651.XSHE,0.0111450024684582
2012-08-01,000725.XSHE,0.0034403980342687
2012-08-01,000786.XSHE,0.0013301037554959
2012-08-01,000825.XSHE,0.0034901213537365
2012-08-01,000963.XSHE,0.0015379803198672
2012-08-01,002191.XSHE,0.0010715402217792
2012-08-01,002344.XSHE,0.0006981311620685
2012-08-01,300027.XSHE,0.0010025281288964
2012-08-01,600000.XSHG,0.0197041662671507
2012-08-01,600005.XSHG,0.004529749133001
2012-08-01,600009.XSHG,0.0023705331230123
2012-08-01,600016.XSHG,0.0234310408715828
2012-08-01,600019.XSHG,0.0126647884404921
2012-08-01,600028.XSHG,0.0730177998828945
2012-08-01,600036.XSHG,0.0304006995601029
2012-08-01,600098.XSHG,0.0023706712826496
2012-08-01,600276.XSHG,0.0061847285587134
2012-08-01,600377.XSHG,0.0033147056244086
2012-08-01,600535.XSHG,0.0042330491811857
2012-08-01,600570.XSHG,0.0014211232468585
2012-08-01,600600.XSHG,0.0043265927504789
2012-08-01,600642.XSHG,0.0035831093278005
2012-08-01,600660.XSHG,0.0025447817801101
2012-08-01,600718.XSHG,0.001750176573153
2012-08-01,600795.XSHG,0.006455043668626
2012-08-01,600832.XSHG,0.0028818387669437
2012-08-01,600867.XSHG,0.0010811878430568
2012-08-01,600900.XSHG,0.0083635519213774
2012-08-01,600998.XSHG,0.0011010615627489
2012-08-01,601006.XSHG,0.0154475893929555
2012-08-01,601009.XSHG,0.004217423717155
2012-08-01,601018.XSHG,0.001334355080029
2012-08-01,601088.XSHG,0.062838059329867
2012-08-01,601166.XSHG,0.0232161605620524
2012-08-01,601169.XSHG,0.0097256272150176
2012-08-01,601288.XSHG,0.0110338658344314
2012-08-01,601328.XSHG,0.0245586340366522
2012-08-01,601390.XSHG,0.0074607457219804
2012-08-01,601398.XSHG,0.1708294000753737
2012-08-01,601618.XSHG,0.0014525443160665
2012-08-01,601668.XSHG,0.0161555900412268
2012-08-01,601766.XSHG,0.0070134108967305
2012-08-01,601818.XSHG,0.0072490644108669
2012-08-01,601857.XSHG,0.2484028487614715
2012-08-01,601899.XSHG,0.010092768799873
2012-08-01,601939.XSHG,0.0066235555240289
2012-08-01,601988.XSHG,0.0931447741695072
2012-08-01,601998.XSHG,0.0213877047872132
2012-09-03,000001.XSHE,0.0076009804242087
2012-09-03,000651.XSHE,0.0106270118697429
2012-09-03,000725.XSHE,0.003553178601702
2012-09-03,000793.XSHE,0.0014658050219483
2012-09-03,000825.XSHE,0.0031985015602548
2012-09-03,002001.XSHE,0.0023684160465079
2012-09-03,002007.XSHE,0.0025375129904148
2012-09-03,002142.XSHE,0.0041025303652595
2012-09-03,300027.XSHE,0.0010514797713324
2012-09-03,600000.XSHG,0.0194842021084801
2012-09-03,600005.XSHG,0.0043466793421937
2012-09-03,600009.XSHG,0.0022451710605562
2012-09-03,600016.XSHG,0.022488564790967
2012-09-03,600019.XSHG,0.0131216958007047
2012-09-03,600028.XSHG,0.0729901020528418
2012-09-03,600036.XSHG,0.0304606585525993
2012-09-03,600066.XSHG,0.0026642611525032
2012-09-03,600276.XSHG,0.0064740745578416
2012-09-03,600309.XSHG,0.0047452174294616
2012-09-03,600489.XSHG,0.007353586094186
2012-09-03,600535.XSHG,0.0044930919367796
2012-09-03,600600.XSHG,0.0039773653263959
2012-09-03,600642.XSHG,0.0033966311349821
2012-09-03,600649.XSHG,0.0026296382014988
2012-09-03,600660.XSHG,0.0024144911256639
2012-09-03,600718.XSHG,0.0017149026259934
2012-09-03,600795.XSHG,0.0060332997661109
2012-09-03,600811.XSHG,0.0015159419862873
2012-09-03,600832.XSHG,0.0027771906913145
2012-09-03,600886.XSHG,0.001549690227152
2012-09-03,600900.XSHG,0.0080801809750856
2012-09-03,601006.XSHG,0.0153905978245725
2012-09-03,601009.XSHG,0.0040298641884599
2012-09-03,601018.XSHG,0.0013157281441177
2012-09-03,601088.XSHG,0.060743673871042
2012-09-03,601166.XSHG,0.0228345585468634
2012-09-03,601169.XSHG,0.009384056052596
2012-09-03,601186.XSHG,0.0073498474808449
2012-09-03,601288.XSHG,0.0107912204936164
2012-09-03,601328.XSHG,0.0241143472969877
2012-09-03,601390.XSHG,0.0070446722011114
2012-09-03,601398.XSHG,0.1704823438508202
2012-09-03,601668.XSHG,0.0157610396400788
2012-09-03,601766.XSHG,0.0065238095278214
2012-09-03,601818.XSHG,0.0072081258780762
2012-09-03,601857.XSHG,0.2451159478213701
2012-09-03,601899.XSHG,0.0102355983924988
2012-09-03,601939.XSHG,0.0065770486437156
2012-09-03,601988.XSHG,0.0926187462332187
2012-09-03,601998.XSHG,0.0210167203212155
2012-10-08,000027.XSHE,0.0027558606348184
2012-10-08,000100.XSHE,0.0026507105589654
2012-10-08,000423.XSHE,0.0045046170731147
2012-10-08,000651.XSHE,0.0111634918494732
2012-10-08,000793.XSHE,0.0014708178469274
2012-10-08,000999.XSHE,0.0014397934771302
2012-10-08,002007.XSHE,0.0026518249577138
2012-10-08,002142.XSHE,0.0040307092760119
2012-10-08,002152.XSHE,0.001531233769308
2012-10-08,600000.XSHG,0.0195033356838506
2012-10-08,600005.XSHG,0.0043252700766704
2012-10-08,600009.XSHG,0.0023154865566419
2012-10-08,600016.XSHG,0.0226649419691347
2012-10-08,600019.XSHG,0.014288982452372
2012-10-08,600028.XSHG,0.0749065626242235
2012-10-08,600036.XSHG,0.0320782419215976
2012-10-08,600079.XSHG,0.001696343932737
2012-10-08,600161.XSHG,0.0011716278389926
2012-10-08,600219.XSHG,0.0023137377154054
2012-10-08,600276.XSHG,0.0066378855730481
2012-10-08,600309.XSHG,0.0055015611911476
2012-10-08,600315.XSHG,0.0036108359639891
2012-10-08,600535.XSHG,0.0047420797710093
2012-10-08,600583.XSHG,0.0038333132977875
2012-10-08,600600.XSHG,0.0040580713303846
2012-10-08,600642.XSHG,0.003326541513704
2012-10-08,600660.XSHG,0.002457139502629
2012-10-08,600795.XSHG,0.0059298379415691
2012-10-08,600832.XSHG,0.0029184814926016
2012-10-08,600859.XSHG,0.0019559174494871
2012-10-08,600886.XSHG,0.0016326426716811
2012-10-08,600900.XSHG,0.0084148431263526
2012-10-08,601006.XSHG,0.0161387164546372
2012-10-08,601009.XSHG,0.0039809665102993
2012-10-08,601018.XSHG,0.0013528012170652
2012-10-08,601088.XSHG,0.0659626304949035
2012-10-08,601166.XSHG,0.0229562733229051
2012-10-08,601186.XSHG,0.0081191202785902
2012-10-08,601288.XSHG,0.0112767987463917
2012-10-08,601328.XSHG,0.0246449866804634
2012-10-08,601390.XSHG,0.0074504721969593
2012-10-08,601398.XSHG,0.1757736358860603
2012-10-08,601607.XSHG,0.0022745357758057
2012-10-08,601668.XSHG,0.0162297580286177
2012-10-08,601818.XSHG,0.0071454537311824
2012-10-08,601857.XSHG,0.2514759974295807
2012-10-08,601877.XSHG,0.0007717473106244
2012-10-08,601939.XSHG,0.0068173477597089
2012-10-08,601988.XSHG,0.0946062632752971
2012-10-08,601998.XSHG,0.0205397538604262
2012-11-01,000100.XSHE,0.0027389851787067
2012-11-01,000423.XSHE,0.0047661203479129
2012-11-01,000651.XSHE,0.0120012440947523
2012-11-01,000667.XSHE,0.0009451798839524
2012-11-01,000786.XSHE,0.0013858384676291
2012-11-01,000793.XSHE,0.0015389175490415
2012-11-01,000999.XSHE,0.0013967970174268
2012-11-01,002142.XSHE,0.0039051775407097
2012-11-01,002191.XSHE,0.001088523849413
2012-11-01,600000.XSHG,0.0197654668903038
2012-11-01,600004.XSHG,0.0013278106127093
2012-11-01,600009.XSHG,0.0021971358732277
2012-11-01,600016.XSHG,0.0236130187662703
2012-11-01,600019.XSHG,0.0141780951843369
2012-11-01,600028.XSHG,0.0774692994767684
2012-11-01,600036.XSHG,0.0315458863525933
2012-11-01,600066.XSHG,0.0025156539868859
2012-11-01,600276.XSHG,0.0064838554888204
2012-11-01,600309.XSHG,0.0052557536579434
2012-11-01,600583.XSHG,0.0036681749601331
2012-11-01,600587.XSHG,0.0009511130216473
2012-11-01,600642.XSHG,0.0034268012110697
2012-11-01,600660.XSHG,0.0024369169170151
2012-11-01,600690.XSHG,0.0053533646307659
2012-11-01,600717.XSHG,0.001689826028505
2012-11-01,600795.XSHG,0.0059029838907562
2012-11-01,600832.XSHG,0.0028614439453343
2012-11-01,600886.XSHG,0.0017350457379987
2012-11-01,600887.XSHG,0.0060321894661186
2012-11-01,600900.XSHG,0.008247350889379
2012-11-01,601006.XSHG,0.0158252174955532
2012-11-01,601009.XSHG,0.0039787255721278
2012-11-01,601018.XSHG,0.0013188995974993
2012-11-01,601088.XSHG,0.0657741697265707
2012-11-01,601166.XSHG,0.0236554689114328
2012-11-01,601169.XSHG,0.0090560860279053
2012-11-01,601186.XSHG,0.0088560325211452
2012-11-01,601288.XSHG,0.0112156720515255
2012-11-01,601328.XSHG,0.0242136307959026
2012-11-01,601390.XSHG,0.007868439831611
2012-11-01,601398.XSHG,0.1761364900726607
2012-11-01,601588.XSHG,0.0013373457457161
2012-11-01,601668.XSHG,0.0161230430842105
2012-11-01,601818.XSHG,0.0071756107394766
2012-11-01,601857.XSHG,0.2447413725621889
2012-11-01,601877.XSHG,0.0007861486240514
2012-11-01,601888.XSHG,0.0046500936647519
2012-11-01,601939.XSHG,0.0069688690442456
2012-11-01,601988.XSHG,0.0938958227314227
2012-11-01,601998.XSHG,0.019998890281873
2012-12-03,000001.XSHE,0.0067561534907107
2012-12-03,000027.XSHE,0.0024905383976154
2012-12-03,000423.XSHE,0.0041924650608197
2012-12-03,000538.XSHE,0.0075352963412127
2012-12-03,000608.XSHE,0.000657294013816
2012-12-03,000651.XSHE,0.0119449167665653
2012-12-03,000825.XSHE,0.003186880811203
2012-12-03,002250.XSHE,0.0009635902606257
2012-12-03,600000.XSHG,0.0189991902399763
2012-12-03,600009.XSHG,0.0021536145515864
2012-12-03,600015.XSHG,0.0069848323105417
2012-12-03,600016.XSHG,0.0242191491953218
2012-12-03,600019.XSHG,0.0140448152753707
2012-12-03,600028.XSHG,0.0741283261622001
2012-12-03,600036.XSHG,0.0303258650162601
2012-12-03,600050.XSHG,0.0118962269280235
2012-12-03,600066.XSHG,0.0023688375497265
2012-12-03,600098.XSHG,0.0023149484566751
2012-12-03,600276.XSHG,0.0058711782329255
2012-12-03,600535.XSHG,0.0044414167037107
2012-12-03,600583.XSHG,0.0033416953329101
2012-12-03,600638.XSHG,0.0008612348867981
2012-12-03,600642.XSHG,0.0033338117465531
2012-12-03,600660.XSHG,0.002414460375275
2012-12-03,600690.XSHG,0.0051814129854558
2012-12-03,600717.XSHG,0.0015868664215355
2012-12-03,600795.XSHG,0.0055354290351976
2012-12-03,600832.XSHG,0.0027983206384008
2012-12-03,600867.XSHG,0.0011079137564979
2012-12-03,600886.XSHG,0.0018832265771142
2012-12-03,600900.XSHG,0.0107369026214664
2012-12-03,601006.XSHG,0.0163269328901539
2012-12-03,601009.XSHG,0.0038056622692724
2012-12-03,601018.XSHG,0.001307118315883
2012-12-03,601088.XSHG,0.0605200341137137
2012-12-03,601166.XSHG,0.0232992275352168
2012-12-03,601169.XSHG,0.0091779065676547
2012-12-03,601288.XSHG,0.0115605719637219
2012-12-03,601328.XSHG,0.0238532835239019
2012-12-03,601333.XSHG,0.0023287000047909
2012-12-03,601390.XSHG,0.0082073862917182
2012-12-03,601398.XSHG,0.1755333781008576
2012-12-03,601668.XSHG,0.0166291224920187
2012-12-03,601808.XSHG,0.007521938030271
2012-12-03,601818.XSHG,0.0083965051272173
2012-12-03,601857.XSHG,0.2369809316012212
2012-12-03,601877.XSHG,0.0008015989820741
2012-12-03,601939.XSHG,0.0069297627940336
2012-12-03,601988.XSHG,0.0928006672355247
2012-12-03,601998.XSHG,0.0197624620186605
2013-01-04,000060.XSHE,0.00324665535249
2013-01-04,000100.XSHE,0.0029790659960229
2013-01-04,000402.XSHE,0.0035405607065532
2013-01-04,000690.XSHE,0.0013546166190047
2013-01-04,000709.XSHE,0.0023546557163898
2013-01-04,000768.XSHE,0.0032752588183087
2013-01-04,000825.XSHE,0.0035266288346972
2013-01-04,000900.XSHE,0.0008886172044374
2013-01-04,600004.XSHG,0.0013849186666462
2013-01-04,600009.XSHG,0.0023063449804136
2013-01-04,600016.XSHG,0.0306595796614005
2013-01-04,600018.XSHG,0.0093902663905106
2013-01-04,600019.XSHG,0.0144163089962063
2013-01-04,600028.XSHG,0.0829177102931666
2013-01-04,600066.XSHG,0.0027901867876163
2013-01-04,600098.XSHG,0.0026059413432306
2013-01-04,600219.XSHG,0.002256879897209
2013-01-04,600269.XSHG,0.0013625419155805
2013-01-04,600307.XSHG,0.0023730941649559
2013-01-04,600497.XSHG,0.0032646289909179
2013-01-04,600583.XSHG,0.0038636083349786
2013-01-04,600642.XSHG,0.0035310694143007
2013-01-04,600649.XSHG,0.0027847426233502
2013-01-04,600660.XSHG,0.0029052001495573
2013-01-04,600690.XSHG,0.0061292961499148
2013-01-04,600717.XSHG,0.0017234690562558
2013-01-04,600795.XSHG,0.0061951436932118
2013-01-04,600808.XSHG,0.0021925910133639
2013-01-04,600832.XSHG,0.0029971585585155
2013-01-04,600839.XSHG,0.0016153294511653
2013-01-04,600886.XSHG,0.0034789519345935
2013-01-04,600887.XSHG,0.0060344967339083
2013-01-04,600900.XSHG,0.0114549979976811
2013-01-04,601006.XSHG,0.0172462547133696
2013-01-04,601018.XSHG,0.0013306921779547
2013-01-04,601088.XSHG,0.0698325634695681
2013-01-04,601288.XSHG,0.0125698972739805
2013-01-04,601299.XSHG,0.0081800943254523
2013-01-04,601328.XSHG,0.0281521561591504
2013-01-04,601333.XSHG,0.0028938767470059
2013-01-04,601390.XSHG,0.0091056501002976
2013-01-04,601398.XSHG,0.1886565206902292
2013-01-04,601668.XSHG,0.0201563328417569
2013-01-04,601818.XSHG,0.0098876261911673
2013-01-04,601857.XSHG,0.2486415147186256
2013-01-04,601898.XSHG,0.0119040091446424
2013-01-04,601899.XSHG,0.0102418820942578
2013-01-04,601939.XSHG,0.0076696446637579
2013-01-04,601988.XSHG,0.0984435632678712
2013-01-04,601998.XSHG,0.0232872049743555
2013-02-01,000538.XSHE,0.0088601374562557
2013-02-01,000539.XSHE,0.0021339120855769
2013-02-01,000651.XSHE,0.0148778118244809
2013-02-01,000667.XSHE,0.0009511519680925
2013-02-01,000709.XSHE,0.0023447834556168
2013-02-01,000807.XSHE,0.001402660251218
2013-02-01,000825.XSHE,0.0035724064782635
2013-02-01,000895.XSHE,0.0071306651272911
2013-02-01,600005.XSHG,0.0050407726873848
2013-02-01,600009.XSHG,0.0024545818345106
2013-02-01,600018.XSHG,0.010482678823882
2013-02-01,600019.XSHG,0.0144813994962266
2013-02-01,600022.XSHG,0.0019765488246092
2013-02-01,600028.XSHG,0.0833805940742561
2013-02-01,600029.XSHG,0.0048719916410421
2013-02-01,600122.XSHG,0.0008076104808666
2013-02-01,600177.XSHG,0.0027990858513175
2013-02-01,600219.XSHG,0.0023253270315823
2013-02-01,600221.XSHG,0.0024636684202904
2013-02-01,600269.XSHG,0.0014333170981448
2013-02-01,600309.XSHG,0.0060246561782866
2013-02-01,600583.XSHG,0.004126703559209
2013-02-01,600597.XSHG,0.0018184741307037
2013-02-01,600642.XSHG,0.0035780624377133
2013-02-01,600649.XSHG,0.0028181300516997
2013-02-01,600690.XSHG,0.0064188230866862
2013-02-01,600717.XSHG,0.0018276224261076
2013-02-01,600795.XSHG,0.0065464999644362
2013-02-01,600808.XSHG,0.0021373573961071
2013-02-01,600832.XSHG,0.0031396112014808
2013-02-01,600839.XSHG,0.0016510763652781
2013-02-01,600881.XSHG,0.0017618128431168
2013-02-01,600886.XSHG,0.0034627555046614
2013-02-01,600900.XSHG,0.0126183149048485
2013-02-01,601006.XSHG,0.0180985029799699
2013-02-01,601018.XSHG,0.0013568718883356
2013-02-01,601088.XSHG,0.0674688864646984
2013-02-01,601179.XSHG,0.0027985802174541
2013-02-01,601288.XSHG,0.0135007283830422
2013-02-01,601328.XSHG,0.0305794453355281
2013-02-01,601333.XSHG,0.0028131890074937
2013-02-01,601398.XSHG,0.1966586469530598
2013-02-01,601808.XSHG,0.0085397488207227
2013-02-01,601818.XSHG,0.0113980447184358
2013-02-01,601857.XSHG,0.2523099884735322
2013-02-01,601898.XSHG,0.0122370648044377
2013-02-01,601899.XSHG,0.0102307905060021
2013-02-01,601939.XSHG,0.0081463380805347
2013-02-01,601988.XSHG,0.1042193937053329
2013-02-01,601998.XSHG,0.0279227747001744
2013-03-01,000100.XSHE,0.0039706008148263
2013-03-01,000538.XSHE,0.0110588561873534
2013-03-01,000539.XSHE,0.0025821575075394
2013-03-01,000651.XSHE,0.0183374060333385
2013-03-01,000667.XSHE,0.0011817397531723
2013-03-01,000729.XSHE,0.0027082127362376
2013-03-01,000825.XSHE,0.0042099757809608
2013-03-01,002001.XSHE,0.0026866480310368
2013-03-01,002152.XSHE,0.0020595074148326
2013-03-01,002250.XSHE,0.0015153321794628
2013-03-01,002311.XSHE,0.0028619012143706
2013-03-01,600005.XSHG,0.0061439452841811
2013-03-01,600009.XSHG,0.002992864466871
2013-03-01,600019.XSHG,0.0177244145305207
2013-03-01,600022.XSHG,0.0023673255444294
2013-03-01,600028.XSHG,0.1045505570387635
2013-03-01,600037.XSHG,0.0015586945220954
2013-03-01,600098.XSHG,0.0033211016547137
2013-03-01,600196.XSHG,0.0046919482495285
2013-03-01,600219.XSHG,0.0027670397020203
2013-03-01,600221.XSHG,0.0033856193341096
2013-03-01,600256.XSHG,0.0082928815227632
2013-03-01,600269.XSHG,0.0017164735480057
2013-03-01,600276.XSHG,0.0086528618097983
2013-03-01,600309.XSHG,0.0077090746409365
2013-03-01,600315.XSHG,0.0055917524579852
2013-03-01,600535.XSHG,0.006791423928823
2013-03-01,600572.XSHG,0.0016747224124469
2013-03-01,600600.XSHG,0.0050514194015465
2013-03-01,600642.XSHG,0.004562266625326
2013-03-01,600664.XSHG,0.0015026380581643
2013-03-01,600674.XSHG,0.0037247330728951
2013-03-01,600717.XSHG,0.0021671109359428
2013-03-01,600795.XSHG,0.0080028390097159
2013-03-01,600832.XSHG,0.0037668099322168
2013-03-01,600839.XSHG,0.0019756829292149
2013-03-01,600886.XSHG,0.0044677182944885
2013-03-01,600900.XSHG,0.0145278878146702
2013-03-01,600978.XSHG,0.0013229517360553
2013-03-01,601006.XSHG,0.0243159097884831
2013-03-01,601018.XSHG,0.0016196852040422
2013-03-01,601106.XSHG,0.0037900865655076
2013-03-01,601139.XSHG,0.0040930079402799
2013-03-01,601179.XSHG,0.0033105473658892
2013-03-01,601398.XSHG,0.2269072829868261
2013-03-01,601618.XSHG,0.0071611878643755
2013-03-01,601857.XSHG,0.301302590411496
2013-03-01,601933.XSHG,0.0029498429906251
2013-03-01,601939.XSHG,0.0093352994689154
2013-03-01,601988.XSHG,0.1210374633021983
2013-04-01,000027.XSHE,0.0011735499735643
2013-04-01,000100.XSHE,0.0044200222660298
2013-04-01,000511.XSHE,0.0010766483318531
2013-04-01,000538.XSHE,0.012056239151779
2013-04-01,000651.XSHE,0.0178536573769644
2013-04-01,000725.XSHE,0.0058671725684385
2013-04-01,000729.XSHE,0.0027741305348922
2013-04-01,000778.XSHE,0.0023661232403809
2013-04-01,000792.XSHE,0.0034407195184034
2013-04-01,000825.XSHE,0.0039153640852549
2013-04-01,002311.XSHE,0.0027072051531042
2013-04-01,600005.XSHG,0.0056919998055878
2013-04-01,600009.XSHG,0.0030021039733902
2013-04-01,600011.XSHG,0.0139537256656941
2013-04-01,600018.XSHG,0.0119233573983019
2013-04-01,600019.XSHG,0.0169144326971892
2013-04-01,600021.XSHG,0.0020125076549535
2013-04-01,600028.XSHG,0.106380522221365
2013-04-01,600050.XSHG,0.015573808604363
2013-04-01,600196.XSHG,0.0047227396922139
2013-04-01,600256.XSHG,0.0089538767086517
2013-04-01,600276.XSHG,0.0082458538737886
2013-04-01,600315.XSHG,0.0059485725306028
2013-04-01,600535.XSHG,0.0074260077666343
2013-04-01,600572.XSHG,0.0018018298059083
2013-04-01,600600.XSHG,0.0054468089987655
2013-04-01,600614.XSHG,0.0010463490617034
2013-04-01,600642.XSHG,0.0044183987088871
2013-04-01,600655.XSHG,0.0024670650619324
2013-04-01,600660.XSHG,0.0032848433730661
2013-04-01,600664.XSHG,0.0014503592353491
2013-04-01,600674.XSHG,0.0036742044686161
2013-04-01,600795.XSHG,0.0084723063870601
2013-04-01,600804.XSHG,0.0021569728180105
2013-04-01,600820.XSHG,0.0013828297601433
2013-04-01,600832.XSHG,0.0036198533879243
2013-04-01,600839.XSHG,0.0019165165597003
2013-04-01,600863.XSHG,0.0017791068366511
2013-04-01,600886.XSHG,0.004688517412358
2013-04-01,600900.XSHG,0.0147625744259208
2013-04-01,601018.XSHG,0.0015593597142158
2013-04-01,601398.XSHG,0.2196302503552656
2013-04-01,601618.XSHG,0.0067844681224626
2013-04-01,601808.XSHG,0.0099792594105135
2013-04-01,601857.XSHG,0.288876461489287
2013-04-01,601877.XSHG,0.0044883455188833
2013-04-01,601933.XSHG,0.0027289806787952
2013-04-01,601939.XSHG,0.0090429510326475
2013-04-01,601988.XSHG,0.117099740657093
2013-04-01,601991.XSHG,0.0090413059254368
2013-05-02,000027.XSHE,0.0012200698908387
2013-05-02,000501.XSHE,0.0012323184080484
2013-05-02,000538.XSHE,0.0131278107573401
2013-05-02,000652.XSHE,0.0012682021649873
2013-05-02,000667.XSHE,0.0011312246700646
2013-05-02,000690.XSHE,0.001961959366739
2013-05-02,000726.XSHE,0.001035930756126
2013-05-02,000778.XSHE,0.0024815494209126
2013-05-02,000825.XSHE,0.0040327665370333
2013-05-02,000998.XSHE,0.0019089607061227
2013-05-02,002242.XSHE,0.001172886936064
2013-05-02,002251.XSHE,0.0011916714886228
2013-05-02,002311.XSHE,0.0032082748199544
2013-05-02,600005.XSHG,0.0056150852985098
2013-05-02,600009.XSHG,0.0030775236026855
2013-05-02,600011.XSHG,0.0142700898129448
2013-05-02,600019.XSHG,0.0181461610232315
2013-05-02,600028.XSHG,0.1028735535218302
2013-05-02,600050.XSHG,0.016685190395735
2013-05-02,600068.XSHG,0.0038264114120741
2013-05-02,600219.XSHG,0.0025899445350024
2013-05-02,600251.XSHG,0.0013343954387741
2013-05-02,600276.XSHG,0.0082586791552545
2013-05-02,600315.XSHG,0.0069663402327392
2013-05-02,600415.XSHG,0.0035306888712038
2013-05-02,600535.XSHG,0.0090703539591965
2013-05-02,600572.XSHG,0.0018494989855056
2013-05-02,600578.XSHG,0.0013397286902495
2013-05-02,600600.XSHG,0.0056600683463355
2013-05-02,600614.XSHG,0.0010903823911305
2013-05-02,600642.XSHG,0.004668495179339
2013-05-02,600660.XSHG,0.0035673441958477
2013-05-02,600664.XSHG,0.0014916153969075
2013-05-02,600674.XSHG,0.0039904703866083
2013-05-02,600690.XSHG,0.0074926319388574
2013-05-02,600795.XSHG,0.0088060887253319
2013-05-02,600832.XSHG,0.0036151234161009
2013-05-02,600839.XSHG,0.0022097300588475
2013-05-02,600886.XSHG,0.0047566439383753
2013-05-02,600900.XSHG,0.0152790143515401
2013-05-02,601018.XSHG,0.0016524280271532
2013-05-02,601398.XSHG,0.235224229941955
2013-05-02,601618.XSHG,0.0072126135086944
2013-05-02,601808.XSHG,0.0097592104207235
2013-05-02,601857.XSHG,0.299392886249046
2013-05-02,601877.XSHG,0.0045278291366498
2013-05-02,601933.XSHG,0.0028406070838986
2013-05-02,601939.XSHG,0.0099354406033214
2013-05-02,601988.XSHG,0.1229562192136329
2013-05-02,601991.XSHG,0.0094636566319106
2013-06-03,000027.XSHE,0.001403566578593
2013-06-03,000501.XSHE,0.001420900495052
2013-06-03,000511.XSHE,0.0012935208667772
2013-06-03,000538.XSHE,0.0147966112468863
2013-06-03,000667.XSHE,0.001276281426855
2013-06-03,000778.XSHE,0.0027924557631183
2013-06-03,000839.XSHE,0.002412916061008
2013-06-03,000850.XSHE,0.0013062506653731
2013-06-03,002051.XSHE,0.0035286822202197
2013-06-03,002191.XSHE,0.0014877001375734
2013-06-03,002311.XSHE,0.0034550387413022
2013-06-03,002399.XSHE,0.0036623298022097
2013-06-03,600009.XSHG,0.0035822313026135
2013-06-03,600019.XSHG,0.0190848811792317
2013-06-03,600050.XSHG,0.0192492043829399
2013-06-03,600153.XSHG,0.0042314252132153
2013-06-03,600196.XSHG,0.0059314416090827
2013-06-03,600320.XSHG,0.0022539282126225
2013-06-03,600415.XSHG,0.0041302018770371
2013-06-03,600509.XSHG,0.0016584314476788
2013-06-03,600572.XSHG,0.0022929570238049
2013-06-03,600578.XSHG,0.0015028311688471
2013-06-03,600583.XSHG,0.007598243960727
2013-06-03,600600.XSHG,0.0065092061799842
2013-06-03,600611.XSHG,0.0015012813932817
2013-06-03,600614.XSHG,0.0013096936499528
2013-06-03,600638.XSHG,0.0013341733105175
2013-06-03,600642.XSHG,0.0049781395270339
2013-06-03,600660.XSHG,0.0043423597285708
2013-06-03,600664.XSHG,0.0019056108657164
2013-06-03,600674.XSHG,0.0053695513727203
2013-06-03,600755.XSHG,0.0014201477588267
2013-06-03,600795.XSHG,0.0090086403202205
2013-06-03,600820.XSHG,0.0016114353938386
2013-06-03,600827.XSHG,0.0025845035109821
2013-06-03,600832.XSHG,0.0046665970173492
2013-06-03,600839.XSHG,0.002387506061529
2013-06-03,600886.XSHG,0.0058340617608218
2013-06-03,600895.XSHG,0.0025069111628583
2013-06-03,600900.XSHG,0.0179358705571511
2013-06-03,601179.XSHG,0.003977700436324
2013-06-03,601398.XSHG,0.2665588066440748
2013-06-03,601618.XSHG,0.0079407335354259
2013-06-03,601668.XSHG,0.0273883436056278
2013-06-03,601808.XSHG,0.0117431049729361
2013-06-03,601857.XSHG,0.3318839321553603
2013-06-03,601933.XSHG,0.003148854588813
2013-06-03,601939.XSHG,0.0111156430987349
2013-06-03,601988.XSHG,0.1394117798704889
2013-06-03,601991.XSHG,0.0112733801380888
2013-07-01,000027.XSHE,0.0010209222180222
2013-07-01,000501.XSHE,0.0011764757380927
2013-07-01,000511.XSHE,0.0010503654980708
2013-07-01,000538.XSHE,0.0126851707923807
2013-07-01,000690.XSHE,0.0017000015869151
2013-07-01,000729.XSHE,0.0029932248746101
2013-07-01,000778.XSHE,0.0019497227494822
2013-07-01,002191.XSHE,0.0011771908727328
2013-07-01,600005.XSHG,0.0046742274855505
2013-07-01,600009.XSHG,0.0028292974624227
2013-07-01,600019.XSHG,0.0133741747317749
2013-07-01,600028.XSHG,0.0807360974636011
2013-07-01,600050.XSHG,0.0135571375225929
2013-07-01,600079.XSHG,0.0024832834794439
2013-07-01,600085.XSHG,0.0060404211595879
2013-07-01,600132.XSHG,0.0015195761276651
2013-07-01,600276.XSHG,0.0076210799533381
2013-07-01,600309.XSHG,0.0073820314223534
2013-07-01,600436.XSHG,0.0042022045649321
2013-07-01,600519.XSHG,0.0418865181668112
2013-07-01,600578.XSHG,0.0011011425556546
2013-07-01,600600.XSHG,0.0056287758045065
2013-07-01,600638.XSHG,0.0011361758736453
2013-07-01,600642.XSHG,0.0036676576386372
2013-07-01,600660.XSHG,0.0029905979464083
2013-07-01,600674.XSHG,0.0042193614045436
2013-07-01,600690.XSHG,0.006085356338471
2013-07-01,600755.XSHG,0.0010335875284974
2013-07-01,600795.XSHG,0.0075127613546101
2013-07-01,600820.XSHG,0.0014070747474838
2013-07-01,600832.XSHG,0.0037185950506471
2013-07-01,600839.XSHG,0.0017135820555913
2013-07-01,600886.XSHG,0.0048304671946467
2013-07-01,600900.XSHG,0.0133370680904453
2013-07-01,601006.XSHG,0.0179059100511831
2013-07-01,601009.XSHG,0.0051356637517207
2013-07-01,601179.XSHG,0.0028681243504012
2013-07-01,601288.XSHG,0.0132218192691282
2013-07-01,601328.XSHG,0.0275089587976726
2013-07-01,601390.XSHG,0.008423700087119
2013-07-01,601398.XSHG,0.2199743976961648
2013-07-01,601668.XSHG,0.0203090687286814
2013-07-01,601808.XSHG,0.0085762291923033
2013-07-01,601818.XSHG,0.0114420709487409
2013-07-01,601857.XSHG,0.2579344715046563
2013-07-01,601888.XSHG,0.0055351972267561
2013-07-01,601933.XSHG,0.0025606675517987
2013-07-01,601939.XSHG,0.008566507999059
2013-07-01,601988.XSHG,0.1104391099471298
2013-07-01,601991.XSHG,0.0111567754433138
2013-08-01,000501.XSHE,0.0011066007620983
2013-08-01,000511.XSHE,0.0010312684037911
2013-08-01,000527.XSHE,0.0094033428125127
2013-08-01,000538.XSHE,0.0149369708555579
2013-08-01,000550.XSHE,0.0016756975629512
2013-08-01,000651.XSHE,0.0157578794342556
2013-08-01,000729.XSHE,0.0030674084178707
2013-08-01,000963.XSHE,0.0025351320320866
2013-08-01,000998.XSHE,0.0018548808841045
2013-08-01,002191.XSHE,0.0013290430608645
2013-08-01,002250.XSHE,0.0016433349909784
2013-08-01,002262.XSHE,0.0014836505443392
2013-08-01,002275.XSHE,0.0017748003731303
2013-08-01,002393.XSHE,0.001268689442439
2013-08-01,600005.XSHG,0.0046708134990071
2013-08-01,600009.XSHG,0.0027985195955777
2013-08-01,600019.XSHG,0.0135393544110707
2013-08-01,600050.XSHG,0.0137663865865537
2013-08-01,600079.XSHG,0.002753470247748
2013-08-01,600085.XSHG,0.0061414776117525
2013-08-01,600132.XSHG,0.0015784805898625
2013-08-01,600196.XSHG,0.0045144321132396
2013-08-01,600436.XSHG,0.0041563545221711
2013-08-01,600519.XSHG,0.0362182216474141
2013-08-01,600578.XSHG,0.0011322767987685
2013-08-01,600600.XSHG,0.0058685419726778
2013-08-01,600638.XSHG,0.0014418741345158
2013-08-01,600642.XSHG,0.0037047092877371
2013-08-01,600655.XSHG,0.0020361667475644
2013-08-01,600660.XSHG,0.0029432042658509
2013-08-01,600674.XSHG,0.004315995270157
2013-08-01,600690.XSHG,0.0063196227271038
2013-08-01,600717.XSHG,0.0017675110618795
2013-08-01,600795.XSHG,0.007186414538648
2013-08-01,600839.XSHG,0.0018712618695472
2013-08-01,600900.XSHG,0.0139053836876364
2013-08-01,600998.XSHG,0.0013227925581976
2013-08-01,601006.XSHG,0.018496160161218
2013-08-01,601179.XSHG,0.0031922626327704
2013-08-01,601288.XSHG,0.1430289238965874
2013-08-01,601390.XSHG,0.0095151332814113
2013-08-01,601398.XSHG,0.2085914708246883
2013-08-01,601607.XSHG,0.004550582697425
2013-08-01,601808.XSHG,0.0092739838126123
2013-08-01,601857.XSHG,0.2648787424928548
2013-08-01,601877.XSHG,0.0043568354985898
2013-08-01,601888.XSHG,0.0055116603437916
2013-08-01,601939.XSHG,0.0084114683255882
2013-08-01,601988.XSHG,0.1067478094672303
2013-08-01,601991.XSHG,0.0106230012435691
2013-09-02,000501.XSHE,0.0011387828088362
2013-09-02,000536.XSHE,0.001023693204651
2013-09-02,000538.XSHE,0.0143750605875447
2013-09-02,000651.XSHE,0.0153464361939881
2013-09-02,000729.XSHE,0.0031309905269741
2013-09-02,000895.XSHE,0.0090469663165524
2013-09-02,000900.XSHE,0.0010277773133068
2013-09-02,000963.XSHE,0.002309097660876
2013-09-02,000998.XSHE,0.001933526540562
2013-09-02,002250.XSHE,0.0015304572482655
2013-09-02,600009.XSHG,0.0033978778109796
2013-09-02,600019.XSHG,0.013839834877743
2013-09-02,600050.XSHG,0.013748623628015
2013-09-02,600064.XSHG,0.0011343077375032
2013-09-02,600079.XSHG,0.0030053181153845
2013-09-02,600085.XSHG,0.0055766366188733
2013-09-02,600138.XSHG,0.0014232927650557
2013-09-02,600183.XSHG,0.0013835675255269
2013-09-02,600196.XSHG,0.0044278417259957
2013-09-02,600201.XSHG,0.0012772451160828
2013-09-02,600315.XSHG,0.0070483448953702
2013-09-02,600320.XSHG,0.0018177062722852
2013-09-02,600415.XSHG,0.0031395181459112
2013-09-02,600436.XSHG,0.0038642949896773
2013-09-02,600578.XSHG,0.0011991840377832
2013-09-02,600600.XSHG,0.0057638565418783
2013-09-02,600642.XSHG,0.0041699257916712
2013-09-02,600660.XSHG,0.0030420922129716
2013-09-02,600674.XSHG,0.0046063182537752
2013-09-02,600690.XSHG,0.0068223547929319
2013-09-02,600741.XSHG,0.0046914726135752
2013-09-02,600820.XSHG,0.0016015574023043
2013-09-02,600827.XSHG,0.0019507053064046
2013-09-02,600839.XSHG,0.0019689025657857
2013-09-02,600894.XSHG,0.0015180135522386
2013-09-02,600900.XSHG,0.0130513684783356
2013-09-02,601006.XSHG,0.0205320860946156
2013-09-02,601009.XSHG,0.0047935656405231
2013-09-02,601288.XSHG,0.1395125178696833
2013-09-02,601299.XSHG,0.009124215301491
2013-09-02,601328.XSHG,0.0257201755623539
2013-09-02,601390.XSHG,0.009024861609776
2013-09-02,601398.XSHG,0.2040681698892039
2013-09-02,601601.XSHG,0.0212865214078707
2013-09-02,601668.XSHG,0.0190060381332272
2013-09-02,601808.XSHG,0.0104613148543941
2013-09-02,601857.XSHG,0.2520857971092749
2013-09-02,601888.XSHG,0.0065245598911713
2013-09-02,601939.XSHG,0.0081182010576528
2013-09-02,601988.XSHG,0.1034090254031442
2013-10-08,000089.XSHE,0.0012656777285609
2013-10-08,000402.XSHE,0.0030888162511763
2013-10-08,000501.XSHE,0.0011116328023117
2013-10-08,000538.XSHE,0.0147656577816167
2013-10-08,000729.XSHE,0.0029885150950967
2013-10-08,000887.XSHE,0.0015106608468326
2013-10-08,000895.XSHE,0.0101803995777836
2013-10-08,000963.XSHE,0.0022496828627916
2013-10-08,002242.XSHE,0.0011049044156328
2013-10-08,002393.XSHE,0.001174502375462
2013-10-08,002470.XSHE,0.0018830783080963
2013-10-08,300146.XSHE,0.0014218794179139
2013-10-08,600005.XSHG,0.0044429592383302
2013-10-08,600019.XSHG,0.0127557616854026
2013-10-08,600021.XSHG,0.0016961023015663
2013-10-08,600028.XSHG,0.0743357484780444
2013-10-08,600050.XSHG,0.0139757393237943
2013-10-08,600059.XSHG,0.0013566343144932
2013-10-08,600085.XSHG,0.005319522759464
2013-10-08,600132.XSHG,0.001454959172711
2013-10-08,600183.XSHG,0.0013838345000948
2013-10-08,600196.XSHG,0.0047512577377834
2013-10-08,600201.XSHG,0.0011704080310194
2013-10-08,600216.XSHG,0.0021172054141596
2013-10-08,600436.XSHG,0.003569609327407
2013-10-08,600572.XSHG,0.0017398498008493
2013-10-08,600578.XSHG,0.0011100460257652
2013-10-08,600600.XSHG,0.0054209553373437
2013-10-08,600674.XSHG,0.0041011536758911
2013-10-08,600690.XSHG,0.0067998675478791
2013-10-08,600741.XSHG,0.0044443722106009
2013-10-08,600839.XSHG,0.001793419067223
2013-10-08,600887.XSHG,0.0130184864740527
2013-10-08,600900.XSHG,0.0119795449845858
2013-10-08,600998.XSHG,0.0013614177118599
2013-10-08,601006.XSHG,0.0193872817297899
2013-10-08,601009.XSHG,0.0045278117273609
2013-10-08,601186.XSHG,0.0090920707927002
2013-10-08,601288.XSHG,0.1302697316546503
2013-10-08,601328.XSHG,0.0255689682144549
2013-10-08,601369.XSHG,0.0021819613539106
2013-10-08,601390.XSHG,0.0082894558230392
2013-10-08,601398.XSHG,0.1864445095789831
2013-10-08,601668.XSHG,0.0178295504565449
2013-10-08,601808.XSHG,0.0096852907010051
2013-10-08,601818.XSHG,0.0211213991656893
2013-10-08,601857.XSHG,0.2330560831274107
2013-10-08,601933.XSHG,0.0025499465623149
2013-10-08,601939.XSHG,0.0075169725781891
2013-10-08,601988.XSHG,0.0996347039503584
2013-11-01,000027.XSHE,0.0008591645989657
2013-11-01,000402.XSHE,0.0024712736633452
2013-11-01,000423.XSHE,0.0045378416203941
2013-11-01,000539.XSHE,0.0015627062095965
2013-11-01,000543.XSHE,0.0008680639756429
2013-11-01,000550.XSHE,0.0015283940225651
2013-11-01,000685.XSHE,0.0011586235892077
2013-11-01,000690.XSHE,0.0014417812923583
2013-11-01,000728.XSHE,0.0028621051485058
2013-11-01,000783.XSHE,0.0036960348400609
2013-11-01,000887.XSHE,0.0012533442626614
2013-11-01,002470.XSHE,0.0016537984142535
2013-11-01,600015.XSHG,0.0080049258474592
2013-11-01,600019.XSHG,0.0104963810765524
2013-11-01,600028.XSHG,0.0644209735721429
2013-11-01,600050.XSHG,0.0112891398989908
2013-11-01,600068.XSHG,0.0023203796727664
2013-11-01,600104.XSHG,0.0208395339269058
2013-11-01,600132.XSHG,0.0013953769967257
2013-11-01,600183.XSHG,0.0011768146067997
2013-11-01,600409.XSHG,0.0012726341021068
2013-11-01,600426.XSHG,0.0009815295702875
2013-11-01,600578.XSHG,0.0009780135002909
2013-11-01,600600.XSHG,0.0050204615142993
2013-11-01,600674.XSHG,0.0036680341474869
2013-11-01,600795.XSHG,0.0061795100885792
2013-11-01,600900.XSHG,0.0099702361470954
2013-11-01,601006.XSHG,0.0173683752562201
2013-11-01,601009.XSHG,0.003941483352537
2013-11-01,601088.XSHG,0.0422923180471574
2013-11-01,601099.XSHG,0.0013146202775873
2013-11-01,601139.XSHG,0.0025135996450837
2013-11-01,601169.XSHG,0.009384166224889
2013-11-01,601186.XSHG,0.0080409696913421
2013-11-01,601288.XSHG,0.1136183946542691
2013-11-01,601318.XSHG,0.028078622189633
2013-11-01,601328.XSHG,0.0215586107681963
2013-11-01,601336.XSHG,0.0039329487452251
2013-11-01,601390.XSHG,0.0074781599234168
2013-11-01,601398.XSHG,0.1582008251851548
2013-11-01,601601.XSHG,0.0168427099064308
2013-11-01,601628.XSHG,0.0461830959183332
2013-11-01,601668.XSHG,0.0154799520348512
2013-11-01,601669.XSHG,0.0015290203930509
2013-11-01,601800.XSHG,0.0008811813037426
2013-11-01,601818.XSHG,0.0181881289749464
2013-11-01,601857.XSHG,0.1982872475343317
2013-11-01,601939.XSHG,0.0064730402416394
2013-11-01,601988.XSHG,0.0864234806602123
2013-11-01,601998.XSHG,0.0200819727657011
2013-12-02,000027.XSHE,0.000837174060232
2013-12-02,000338.XSHE,0.0030104599914994
2013-12-02,000423.XSHE,0.0041615799921353
2013-12-02,000539.XSHE,0.0015189189841613
2013-12-02,000543.XSHE,0.0008452615587916
2013-12-02,000685.XSHE,0.0012039104844426
2013-12-02,000709.XSHE,0.0015234088267083
2013-12-02,000786.XSHE,0.0015273312369823
2013-12-02,000887.XSHE,0.001294256325202
2013-12-02,002393.XSHE,0.0010070156366212
2013-12-02,600011.XSHG,0.0084759538136665
2013-12-02,600015.XSHG,0.0083425259519753
2013-12-02,600019.XSHG,0.0105905075762695
2013-12-02,600028.XSHG,0.0696661901183647
2013-12-02,600050.XSHG,0.0110386536706233
2013-12-02,600064.XSHG,0.0009216031568186
2013-12-02,600104.XSHG,0.0211894258598347
2013-12-02,600120.XSHG,0.001056039221762
2013-12-02,600132.XSHG,0.0013910243564588
2013-12-02,600201.XSHG,0.0010459901446653
2013-12-02,600309.XSHG,0.006624444238811
2013-12-02,600426.XSHG,0.0010063551505928
2013-12-02,600585.XSHG,0.0109094975980223
2013-12-02,600673.XSHG,0.0010653360724661
2013-12-02,600674.XSHG,0.0035351928924605
2013-12-02,600795.XSHG,0.0060659088659861
2013-12-02,600886.XSHG,0.0042801698109004
2013-12-02,600900.XSHG,0.0099127379831099
2013-12-02,601006.XSHG,0.0180501151774778
2013-12-02,601009.XSHG,0.003840426289981
2013-12-02,601088.XSHG,0.0430413269841103
2013-12-02,601099.XSHG,0.0015001139245361
2013-12-02,601169.XSHG,0.0090846450582666
2013-12-02,601179.XSHG,0.0022557078792294
2013-12-02,601186.XSHG,0.0080155226565832
2013-12-02,601288.XSHG,0.1158711180877482
2013-12-02,601318.XSHG,0.0313517298881222
2013-12-02,601336.XSHG,0.0041246972563333
2013-12-02,601390.XSHG,0.0073884017515887
2013-12-02,601398.XSHG,0.1558991466636364
2013-12-02,601628.XSHG,0.0520593367447112
2013-12-02,601668.XSHG,0.0150908872259376
2013-12-02,601669.XSHG,0.0014996802886302
2013-12-02,601718.XSHG,0.0016375328960159
2013-12-02,601800.XSHG,0.0008822425790051
2013-12-02,601818.XSHG,0.0176610623381112
2013-12-02,601857.XSHG,0.2045065282568409
2013-12-02,601939.XSHG,0.0065638375938707
2013-12-02,601988.XSHG,0.0857003247074701
2013-12-02,601998.XSHG,0.0199287421722275
2014-01-02,000028.XSHE,0.0019876560535121
2014-01-02,000402.XSHE,0.0028821008667706
2014-01-02,000423.XSHE,0.0048477668334447
2014-01-02,000709.XSHE,0.0018798195157431
2014-01-02,000725.XSHE,0.0047697978736531
2014-01-02,000778.XSHE,0.0028204958254607
2014-01-02,000786.XSHE,0.0018512142129243
2014-01-02,002142.XSHE,0.0048413595493316
2014-01-02,002500.XSHE,0.0030713514771726
2014-01-02,600004.XSHG,0.0014739357271664
2014-01-02,600015.XSHG,0.0099446431563086
2014-01-02,600019.XSHG,0.0122897113098541
2014-01-02,600028.XSHG,0.074997189438143
2014-01-02,600029.XSHG,0.0035406655588112
2014-01-02,600050.XSHG,0.0126441572402809
2014-01-02,600062.XSHG,0.0023871895873395
2014-01-02,600068.XSHG,0.0025376198610237
2014-01-02,600153.XSHG,0.002905281842335
2014-01-02,600166.XSHG,0.0023811881406528
2014-01-02,600195.XSHG,0.0011488055620647
2014-01-02,600201.XSHG,0.0013385340814903
2014-01-02,600219.XSHG,0.0018324538422708
2014-01-02,600221.XSHG,0.0043411031946244
2014-01-02,600309.XSHG,0.0081226007224935
2014-01-02,600409.XSHG,0.0014277284552593
2014-01-02,600642.XSHG,0.0038082490827219
2014-01-02,600660.XSHG,0.0030295848664876
2014-01-02,600673.XSHG,0.0014614753319737
2014-01-02,600674.XSHG,0.004275912147657
2014-01-02,600795.XSHG,0.0066530121379959
2014-01-02,600820.XSHG,0.0014558472872626
2014-01-02,600900.XSHG,0.0113032850047383
2014-01-02,600998.XSHG,0.0039246316608785
2014-01-02,601006.XSHG,0.0204547774337262
2014-01-02,601009.XSHG,0.0044083666606011
2014-01-02,601088.XSHG,0.0476023293091696
2014-01-02,601099.XSHG,0.0018293224186326
2014-01-02,601111.XSHG,0.0060453408731358
2014-01-02,601139.XSHG,0.0027435627002721
2014-01-02,601288.XSHG,0.1296243305057894
2014-01-02,601398.XSHG,0.1749384543436085
2014-01-02,601618.XSHG,0.0052482989573421
2014-01-02,601668.XSHG,0.0172566604643083
2014-01-02,601669.XSHG,0.0017026090709497
2014-01-02,601818.XSHG,0.0194294236365252
2014-01-02,601857.XSHG,0.2293626339278972
2014-01-02,601899.XSHG,0.0068004676876691
2014-01-02,601939.XSHG,0.0072819429413275
2014-01-02,601988.XSHG,0.0943509715168255
2014-01-02,601998.XSHG,0.0227441401043712
2014-02-07,000100.XSHE,0.0039555339126465
2014-02-07,000402.XSHE,0.0027838791586051
2014-02-07,000725.XSHE,0.0046744282226251
2014-02-07,000895.XSHE,0.0099412137141285
2014-02-07,000982.XSHE,0.0011479025447441
2014-02-07,002138.XSHE,0.0011156411971601
2014-02-07,002142.XSHE,0.0047508736648259
2014-02-07,600011.XSHG,0.0094302135753417
2014-02-07,600015.XSHG,0.0097917448159161
2014-02-07,600019.XSHG,0.0116322434359716
2014-02-07,600027.XSHG,0.0032869108358632
2014-02-07,600028.XSHG,0.0758370810842675
2014-02-07,600029.XSHG,0.0034414539622528
2014-02-07,600050.XSHG,0.0119672386126747
2014-02-07,600066.XSHG,0.0041029943803314
2014-02-07,600068.XSHG,0.0024953158399413
2014-02-07,600166.XSHG,0.0024308439162532
2014-02-07,600187.XSHG,0.0012159705846983
2014-02-07,600201.XSHG,0.0015158418064323
2014-02-07,600221.XSHG,0.0040717651240653
2014-02-07,600409.XSHG,0.001362707640781
2014-02-07,600535.XSHG,0.0084139419168066
2014-02-07,600642.XSHG,0.00361327236602
2014-02-07,600660.XSHG,0.0028812469131307
2014-02-07,600673.XSHG,0.0014638067487729
2014-02-07,600674.XSHG,0.004106862819402
2014-02-07,600776.XSHG,0.0011863623133896
2014-02-07,600795.XSHG,0.0065977256215635
2014-02-07,600820.XSHG,0.0014061426007965
2014-02-07,600886.XSHG,0.0053106763066641
2014-02-07,600900.XSHG,0.0108958280556233
2014-02-07,600978.XSHG,0.0014313628601292
2014-02-07,600998.XSHG,0.0048411102288658
2014-02-07,601006.XSHG,0.0202220556851005
2014-02-07,601009.XSHG,0.0043703146699699
2014-02-07,601088.XSHG,0.0428961782159511
2014-02-07,601111.XSHG,0.0058044864573771
2014-02-07,601168.XSHG,0.0023711033865483
2014-02-07,601169.XSHG,0.0099004307384885
2014-02-07,601288.XSHG,0.1254879068656631
2014-02-07,601328.XSHG,0.0229770630905241
2014-02-07,601390.XSHG,0.0076755247542221
2014-02-07,601398.XSHG,0.1676274473955022
2014-02-07,601668.XSHG,0.016632118141274
2014-02-07,601669.XSHG,0.001544363773409
2014-02-07,601818.XSHG,0.0183964054068053
2014-02-07,601857.XSHG,0.2265850211546194
2014-02-07,601899.XSHG,0.0065667680992959
2014-02-07,601939.XSHG,0.0070252527947974
2014-02-07,601988.XSHG,0.0908174225897597
2014-03-03,000100.XSHE,0.0038986643714289
2014-03-03,000623.XSHE,0.0021909107697167
2014-03-03,000690.XSHE,0.0015677709547539
2014-03-03,000725.XSHE,0.0047791946469447
2014-03-03,000778.XSHE,0.0022604376014396
2014-03-03,000887.XSHE,0.001606681443911
2014-03-03,000982.XSHE,0.001135707383291
2014-03-03,002142.XSHE,0.0044220331900505
2014-03-03,600004.XSHG,0.0014208646804495
2014-03-03,600011.XSHG,0.008957625159356
2014-03-03,600015.XSHG,0.0090261509416423
2014-03-03,600019.XSHG,0.0105177323237256
2014-03-03,600027.XSHG,0.0030932265364392
2014-03-03,600028.XSHG,0.0847671997638632
2014-03-03,600029.XSHG,0.0031595922427492
2014-03-03,600036.XSHG,0.0350546116674143
2014-03-03,600050.XSHG,0.0119575002114179
2014-03-03,600068.XSHG,0.0023656573568599
2014-03-03,600183.XSHG,0.001320804678052
2014-03-03,600201.XSHG,0.0013596419972637
2014-03-03,600221.XSHG,0.0038836140712519
2014-03-03,600312.XSHG,0.0020052986914077
2014-03-03,600535.XSHG,0.0078228927875637
2014-03-03,600642.XSHG,0.0036155574039808
2014-03-03,600660.XSHG,0.0027416444713066
2014-03-03,600664.XSHG,0.0010955195175783
2014-03-03,600673.XSHG,0.0015359366139672
2014-03-03,600674.XSHG,0.0037997506560683
2014-03-03,600795.XSHG,0.0063936540193639
2014-03-03,600820.XSHG,0.0014499478510172
2014-03-03,600886.XSHG,0.0048732659495715
2014-03-03,600900.XSHG,0.0100345391504461
2014-03-03,600993.XSHG,0.0010558063895598
2014-03-03,601006.XSHG,0.017570924828057
2014-03-03,601009.XSHG,0.0040843619404195
2014-03-03,601111.XSHG,0.0053473373671423
2014-03-03,601158.XSHG,0.0047178729323806
2014-03-03,601179.XSHG,0.0028801001481653
2014-03-03,601288.XSHG,0.1145726413972545
2014-03-03,601318.XSHG,0.0314573034126259
2014-03-03,601328.XSHG,0.0212820023442284
2014-03-03,601336.XSHG,0.004071798599887
2014-03-03,601398.XSHG,0.1524691304197599
2014-03-03,601628.XSHG,0.0501231261165527
2014-03-03,601668.XSHG,0.0146195593819029
2014-03-03,601818.XSHG,0.0168090276823897
2014-03-03,601857.XSHG,0.2171523018529277
2014-03-03,601899.XSHG,0.0066181050711857
2014-03-03,601939.XSHG,0.0063748813444382
2014-03-03,601988.XSHG,0.0846800896668281
2014-04-01,000157.XSHE,0.0058044934147037
2014-04-01,000402.XSHE,0.0029357969173717
2014-04-01,000539.XSHE,0.0019845261243228
2014-04-01,000543.XSHE,0.0013125487197978
2014-04-01,000690.XSHE,0.0015160832954704
2014-04-01,000725.XSHE,0.0049622602590282
2014-04-01,000887.XSHE,0.0017123229234186
2014-04-01,002142.XSHE,0.004859816812637
2014-04-01,600000.XSHG,0.0275822292515916
2014-04-01,600011.XSHG,0.0101924143308486
2014-04-01,600015.XSHG,0.0103399564077637
2014-04-01,600019.XSHG,0.0122656909708687
2014-04-01,600027.XSHG,0.0034850012764131
2014-04-01,600029.XSHG,0.0033617733933714
2014-04-01,600036.XSHG,0.0387169217862245
2014-04-01,600050.XSHG,0.0123212402976383
2014-04-01,600068.XSHG,0.0025704413790194
2014-04-01,600183.XSHG,0.001521767583382
2014-04-01,600201.XSHG,0.0014888361367803
2014-04-01,600219.XSHG,0.0018113744338607
2014-04-01,600221.XSHG,0.004106234604045
2014-04-01,600300.XSHG,0.0014070413801513
2014-04-01,600409.XSHG,0.0015383388154102
2014-04-01,600642.XSHG,0.0038220384258256
2014-04-01,600660.XSHG,0.0031276393890373
2014-04-01,600674.XSHG,0.0044068751272351
2014-04-01,600795.XSHG,0.0069017640567875
2014-04-01,600875.XSHG,0.0039856461450472
2014-04-01,600881.XSHG,0.0013605248348191
2014-04-01,600886.XSHG,0.0059169092119777
2014-04-01,600900.XSHG,0.0106823421251391
2014-04-01,601006.XSHG,0.0189216464623115
2014-04-01,601009.XSHG,0.0043878006986552
2014-04-01,601018.XSHG,0.0056897436219845
2014-04-01,601111.XSHG,0.0054745695560968
2014-04-01,601168.XSHG,0.0023629874548346
2014-04-01,601179.XSHG,0.0030623593735193
2014-04-01,601288.XSHG,0.1306323003276481
2014-04-01,601318.XSHG,0.0342782060448223
2014-04-01,601328.XSHG,0.0234869512070592
2014-04-01,601390.XSHG,0.008279667447193
2014-04-01,601398.XSHG,0.1734078229981119
2014-04-01,601618.XSHG,0.0052749975567029
2014-04-01,601668.XSHG,0.0164458395921151
2014-04-01,601727.XSHG,0.0073540598540887
2014-04-01,601818.XSHG,0.0187548955947519
2014-04-01,601857.XSHG,0.2337687911457132
2014-04-01,601899.XSHG,0.0067847982008691
2014-04-01,601939.XSHG,0.0073261724681673
2014-04-01,601988.XSHG,0.0963055405653655
2014-05-05,000501.XSHE,0.0012921551395562
2014-05-05,000543.XSHE,0.0012563760726986
2014-05-05,000728.XSHE,0.0035790303274665
2014-05-05,000887.XSHE,0.0017587455291652
2014-05-05,002050.XSHE,0.0014316413737053
2014-05-05,002142.XSHE,0.0048894693395936
2014-05-05,002250.XSHE,0.0012984374692438
2014-05-05,600000.XSHG,0.0275318453014016
2014-05-05,600009.XSHG,0.0027444290148459
2014-05-05,600011.XSHG,0.0106208008842427
2014-05-05,600015.XSHG,0.0103227610211122
2014-05-05,600017.XSHG,0.0012856017625597
2014-05-05,600019.XSHG,0.012199514545456
2014-05-05,600027.XSHG,0.0034862018209209
2014-05-05,600036.XSHG,0.0388409730266804
2014-05-05,600050.XSHG,0.0125270103218755
2014-05-05,600068.XSHG,0.0025366879319959
2014-05-05,600104.XSHG,0.0253851943427127
2014-05-05,600201.XSHG,0.0015627830641379
2014-05-05,600208.XSHG,0.0035201988283905
2014-05-05,600219.XSHG,0.001784227037234
2014-05-05,600221.XSHG,0.0038484066455013
2014-05-05,600409.XSHG,0.0014928359962426
2014-05-05,600642.XSHG,0.0036818025555251
2014-05-05,600660.XSHG,0.0031983962766901
2014-05-05,600664.XSHG,0.0012490793381389
2014-05-05,600674.XSHG,0.0045660225905543
2014-05-05,600694.XSHG,0.001567274566168
2014-05-05,600795.XSHG,0.0066196313329387
2014-05-05,600863.XSHG,0.0012364197488445
2014-05-05,600886.XSHG,0.0061828275959729
2014-05-05,600900.XSHG,0.0105411166255607
2014-05-05,601006.XSHG,0.0186705662497747
2014-05-05,601009.XSHG,0.0043977839428424
2014-05-05,601018.XSHG,0.0058674857890191
2014-05-05,601168.XSHG,0.0022704855286421
2014-05-05,601288.XSHG,0.1286450113530516
2014-05-05,601318.XSHG,0.035540427052021
2014-05-05,601328.XSHG,0.0229862748596023
2014-05-05,601390.XSHG,0.0084179414631177
2014-05-05,601398.XSHG,0.1714097561961065
2014-05-05,601618.XSHG,0.0050753960437436
2014-05-05,601668.XSHG,0.0167947808624803
2014-05-05,601788.XSHG,0.0052572036217123
2014-05-05,601818.XSHG,0.0183243713287958
2014-05-05,601857.XSHG,0.2303417785972471
2014-05-05,601880.XSHG,0.0017074186648847
2014-05-05,601899.XSHG,0.0066756444707583
2014-05-05,601939.XSHG,0.0071780754831668
2014-05-05,601988.XSHG,0.0964017010658992
2014-06-03,000543.XSHE,0.0010903348090344
2014-06-03,000651.XSHE,0.015208926267544
2014-06-03,000725.XSHE,0.0040420518288103
2014-06-03,000887.XSHE,0.0015950860717581
2014-06-03,002050.XSHE,0.0012376461094773
2014-06-03,002142.XSHE,0.0042555851120131
2014-06-03,002250.XSHE,0.0012065933588209
2014-06-03,002500.XSHE,0.0026035907171197
2014-06-03,600009.XSHG,0.0023690790391336
2014-06-03,600011.XSHG,0.0096165590776062
2014-06-03,600015.XSHG,0.0087317226942649
2014-06-03,600019.XSHG,0.010624973054195
2014-06-03,600027.XSHG,0.0031076604056032
2014-06-03,600028.XSHG,0.075511308956276
2014-06-03,600036.XSHG,0.0344683893400565
2014-06-03,600050.XSHG,0.010993840175519
2014-06-03,600068.XSHG,0.0021808725653801
2014-06-03,600201.XSHG,0.0013550762397815
2014-06-03,600208.XSHG,0.003009383994061
2014-06-03,600219.XSHG,0.0015396868065163
2014-06-03,600221.XSHG,0.0032958764680131
2014-06-03,600276.XSHG,0.0080870505691806
2014-06-03,600489.XSHG,0.0036907411632198
2014-06-03,600642.XSHG,0.003235117145458
2014-06-03,600660.XSHG,0.0026563515622695
2014-06-03,600664.XSHG,0.0010633109895814
2014-06-03,600674.XSHG,0.003976756605617
2014-06-03,600694.XSHG,0.0012823582508481
2014-06-03,600795.XSHG,0.0057611911893273
2014-06-03,600863.XSHG,0.0010482579002905
2014-06-03,600886.XSHG,0.0057027130133935
2014-06-03,600900.XSHG,0.0098217387124784
2014-06-03,601006.XSHG,0.0163488895216961
2014-06-03,601009.XSHG,0.0038545449511127
2014-06-03,601158.XSHG,0.0039628298748886
2014-06-03,601169.XSHG,0.009616378887351
2014-06-03,601288.XSHG,0.1170680179071407
2014-06-03,601318.XSHG,0.0313457945872628
2014-06-03,601328.XSHG,0.0205078469360022
2014-06-03,601390.XSHG,0.0071819439909697
2014-06-03,601398.XSHG,0.1554754967051289
2014-06-03,601618.XSHG,0.0046110686798081
2014-06-03,601628.XSHG,0.0479179877866407
2014-06-03,601668.XSHG,0.0147977038135529
2014-06-03,601788.XSHG,0.004510496114954
2014-06-03,601818.XSHG,0.016204811599259
2014-06-03,601857.XSHG,0.2027807906524754
2014-06-03,601899.XSHG,0.0056807011954989
2014-06-03,601939.XSHG,0.006377279386743
2014-06-03,601988.XSHG,0.0873875872168645
2014-07-01,000001.XSHE,0.0099028424582149
2014-07-01,000002.XSHE,0.0117594097843149
2014-07-01,000778.XSHE,0.0020172774497206
2014-07-01,000858.XSHE,0.0096910052837191
2014-07-01,000887.XSHE,0.001616937838703
2014-07-01,002050.XSHE,0.0012777976681743
2014-07-01,002142.XSHE,0.0039450864773362
2014-07-01,002500.XSHE,0.002337802755435
2014-07-01,600000.XSHG,0.0202939212615948
2014-07-01,600011.XSHG,0.0088575524975193
2014-07-01,600015.XSHG,0.0079658348900996
2014-07-01,600016.XSHG,0.0252665457594615
2014-07-01,600019.XSHG,0.0100585317845499
2014-07-01,600027.XSHG,0.0027007912864034
2014-07-01,600028.XSHG,0.0698785586496869
2014-07-01,600036.XSHG,0.0316767604285995
2014-07-01,600050.XSHG,0.0104040397667992
2014-07-01,600079.XSHG,0.0020648827311183
2014-07-01,600104.XSHG,0.0213784659631393
2014-07-01,600219.XSHG,0.0014632329208438
2014-07-01,600276.XSHG,0.0074900752489523
2014-07-01,600642.XSHG,0.0029380723425825
2014-07-01,600660.XSHG,0.0025104558123397
2014-07-01,600664.XSHG,0.0009739974344507
2014-07-01,600674.XSHG,0.0036380713258114
2014-07-01,600694.XSHG,0.0011220376630434
2014-07-01,600795.XSHG,0.0049914267056953
2014-07-01,600863.XSHG,0.0009929817767345
2014-07-01,600886.XSHG,0.0052254155697704
2014-07-01,600900.XSHG,0.0090260364646229
2014-07-01,601006.XSHG,0.0141479862371735
2014-07-01,601009.XSHG,0.0035517866226889
2014-07-01,601088.XSHG,0.0359172869265011
2014-07-01,601106.XSHG,0.0018940452293094
2014-07-01,601169.XSHG,0.0090747765409429
2014-07-01,601288.XSHG,0.1079137984359156
2014-07-01,601299.XSHG,0.0069157779180342
2014-07-01,601328.XSHG,0.0190496859810997
2014-07-01,601390.XSHG,0.0066449807492964
2014-07-01,601398.XSHG,0.1346466386231943
2014-07-01,601601.XSHG,0.0165327446706225
2014-07-01,601628.XSHG,0.0425715615719552
2014-07-01,601668.XSHG,0.0125917363509521
2014-07-01,601766.XSHG,0.0068335744857048
2014-07-01,601788.XSHG,0.0040736215662765
2014-07-01,601818.XSHG,0.0152378747762417
2014-07-01,601857.XSHG,0.1825299460917179
2014-07-01,601899.XSHG,0.0052425432183478
2014-07-01,601939.XSHG,0.005947334788923
2014-07-01,601988.XSHG,0.0752164512156638
2014-08-01,000338.XSHE,0.0027955273494536
2014-08-01,000539.XSHE,0.0014306509964795
2014-08-01,000651.XSHE,0.0127561818502624
2014-08-01,000709.XSHE,0.0014234704484735
2014-08-01,000898.XSHE,0.0029792878564098
2014-08-01,002142.XSHE,0.0040169909169811
2014-08-01,600000.XSHG,0.0205739562842536
2014-08-01,600005.XSHG,0.0030655657070018
2014-08-01,600009.XSHG,0.0020945341450752
2014-08-01,600015.XSHG,0.0080372561904889
2014-08-01,600016.XSHG,0.0251564794829732
2014-08-01,600019.XSHG,0.0102315926361597
2014-08-01,600028.XSHG,0.0666644848015162
2014-08-01,600036.XSHG,0.032112708906461
2014-08-01,600050.XSHG,0.0103899617168626
2014-08-01,600068.XSHG,0.0019804026689266
2014-08-01,600085.XSHG,0.0036338387649253
2014-08-01,600104.XSHG,0.0212287617470229
2014-08-01,600409.XSHG,0.001136864667817
2014-08-01,600600.XSHG,0.0041140459575703
2014-08-01,600642.XSHG,0.0027971355179145
2014-08-01,600655.XSHG,0.00156337489338
2014-08-01,600664.XSHG,0.0009686977945484
2014-08-01,600674.XSHG,0.0036163855501391
2014-08-01,600694.XSHG,0.0011194167869979
2014-08-01,600795.XSHG,0.0050888192592351
2014-08-01,600863.XSHG,0.0009916457412367
2014-08-01,600900.XSHG,0.0094442235186915
2014-08-01,601006.XSHG,0.0150155634784807
2014-08-01,601009.XSHG,0.0035312694632776
2014-08-01,601088.XSHG,0.0365501595335587
2014-08-01,601106.XSHG,0.0019948810712483
2014-08-01,601166.XSHG,0.0249579671810452
2014-08-01,601169.XSHG,0.0092221092997244
2014-08-01,601179.XSHG,0.0023757088016691
2014-08-01,601186.XSHG,0.007218513334339
2014-08-01,601288.XSHG,0.1011549688681361
2014-08-01,601318.XSHG,0.0295603072708496
2014-08-01,601333.XSHG,0.002155770228187
2014-08-01,601390.XSHG,0.0069054219013835
2014-08-01,601398.XSHG,0.1341901035562252
2014-08-01,601601.XSHG,0.0174769712808977
2014-08-01,601618.XSHG,0.0041749282090968
2014-08-01,601628.XSHG,0.0443287971822794
2014-08-01,601668.XSHG,0.0132837311504755
2014-08-01,601688.XSHG,0.0066764994215781
2014-08-01,601818.XSHG,0.0149587766626683
2014-08-01,601857.XSHG,0.1822983473971258
2014-08-01,601939.XSHG,0.0056240691692406
2014-08-01,601988.XSHG,0.0749328733812533
2014-09-01,000063.XSHE,0.0067742534736627
2014-09-01,000623.XSHE,0.00223071015627
2014-09-01,000725.XSHE,0.0044769582681126
2014-09-01,000826.XSHE,0.0033864012522904
2014-09-01,000887.XSHE,0.0021454380624511
2014-09-01,002011.XSHE,0.0012399381573992
2014-09-01,002267.XSHE,0.0017578153278572
2014-09-01,002294.XSHE,0.001515837888843
2014-09-01,002399.XSHE,0.0029879914244858
2014-09-01,600000.XSHG,0.0241684805398466
2014-09-01,600005.XSHG,0.0037208405576142
2014-09-01,600008.XSHG,0.0025681019733447
2014-09-01,600009.XSHG,0.0025678007947828
2014-09-01,600011.XSHG,0.0108591393250882
2014-09-01,600021.XSHG,0.0017016892424906
2014-09-01,600028.XSHG,0.0864593780508842
2014-09-01,600068.XSHG,0.0024699643576292
2014-09-01,600089.XSHG,0.0049437164130913
2014-09-01,600104.XSHG,0.0270667770162797
2014-09-01,600125.XSHG,0.0012164948576209
2014-09-01,600138.XSHG,0.0016331654042162
2014-09-01,600221.XSHG,0.0037091731163847
2014-09-01,600267.XSHG,0.0022685232511849
2014-09-01,600276.XSHG,0.0087048783339579
2014-09-01,600415.XSHG,0.0026242629997797
2014-09-01,600583.XSHG,0.0054097621009124
2014-09-01,600642.XSHG,0.0034259260192547
2014-09-01,600664.XSHG,0.0012727869685272
2014-09-01,600674.XSHG,0.0050143905384392
2014-09-01,600694.XSHG,0.0014140608418837
2014-09-01,600795.XSHG,0.0060691558327525
2014-09-01,600837.XSHG,0.0136029351278399
2014-09-01,600886.XSHG,0.006925482170739
2014-09-01,600900.XSHG,0.0123912053452025
2014-09-01,600970.XSHG,0.001416163893493
2014-09-01,601006.XSHG,0.0187497365910259
2014-09-01,601009.XSHG,0.0041649109944601
2014-09-01,601018.XSHG,0.0053519190513086
2014-09-01,601169.XSHG,0.0112639792071627
2014-09-01,601288.XSHG,0.1183291231394093
2014-09-01,601299.XSHG,0.0087961532244912
2014-09-01,601390.XSHG,0.0082551650391397
2014-09-01,601398.XSHG,0.157152184871236
2014-09-01,601607.XSHG,0.0042891741310201
2014-09-01,601628.XSHG,0.0534485184220138
2014-09-01,601668.XSHG,0.0160994761887904
2014-09-01,601808.XSHG,0.0099531392306375
2014-09-01,601857.XSHG,0.2185828245545883
2014-09-01,601939.XSHG,0.0065654132793987
2014-09-01,601988.XSHG,0.0888586829907033
2014-10-08,000012.XSHE,0.006265793269135
2014-10-08,000157.XSHE,0.0187736665805779
2014-10-08,000543.XSHE,0.0049802745003523
2014-10-08,000623.XSHE,0.0091135066821116
2014-10-08,000725.XSHE,0.017214719759865
2014-10-08,000729.XSHE,0.0105375608062477
2014-10-08,000776.XSHE,0.0394771080957928
2014-10-08,000825.XSHE,0.010764939167129
2014-10-08,000898.XSHE,0.01340882713621
2014-10-08,002007.XSHE,0.0106296440452988
2014-10-08,002041.XSHE,0.0072677887303928
2014-10-08,002142.XSHE,0.0179394654346614
2014-10-08,002267.XSHE,0.0071089292733245
2014-10-08,002294.XSHE,0.0056619322455262
2014-10-08,002310.XSHE,0.0052786767600297
2014-10-08,600000.XSHG,0.0889473550170444
2014-10-08,600005.XSHG,0.0143073094817451
2014-10-08,600009.XSHG,0.0100017189607267
2014-10-08,600021.XSHG,0.0065973104902038
2014-10-08,600031.XSHG,0.0273230085782175
2014-10-08,600050.XSHG,0.0462228711206658
2014-10-08,600058.XSHG,0.0080448546855063
2014-10-08,600123.XSHG,0.0061518854791335
2014-10-08,600177.XSHG,0.0114104595485698
2014-10-08,600216.XSHG,0.0062544305269421
2014-10-08,600252.XSHG,0.0094700772572867
2014-10-08,600267.XSHG,0.0088962490846561
2014-10-08,600276.XSHG,0.0353472080448023
2014-10-08,600309.XSHG,0.0235112468577035
2014-10-08,600535.XSHG,0.0273716204463733
2014-10-08,600635.XSHG,0.0058187896316587
2014-10-08,600642.XSHG,0.013262923730947
2014-10-08,600649.XSHG,0.0133191783352164
2014-10-08,600795.XSHG,0.0239665380748301
2014-10-08,600867.XSHG,0.009154505344117
2014-10-08,600874.XSHG,0.0058942984564731
2014-10-08,600900.XSHG,0.0466379204605997
2014-10-08,600970.XSHG,0.0054503749728605
2014-10-08,600999.XSHG,0.0333729169661407
2014-10-08,601009.XSHG,0.0163655311308521
2014-10-08,601186.XSHG,0.0325701420008747
2014-10-08,601299.XSHG,0.0328158449003105
2014-10-08,601333.XSHG,0.0103741202796582
2014-10-08,601390.XSHG,0.03230343632545
2014-10-08,601607.XSHG,0.0175186538448475
2014-10-08,601666.XSHG,0.0070082679888183
2014-10-08,601668.XSHG,0.0622068071071361
2014-10-08,601818.XSHG,0.0670392554290844
2014-10-08,601898.XSHG,0.0260002282172844
2014-10-08,601991.XSHG,0.0246398287366065
2014-11-03,000001.XSHE,0.0179754235316517
2014-11-03,000063.XSHE,0.0069344132659611
2014-11-03,000157.XSHE,0.0050462272553996
2014-11-03,000401.XSHE,0.0017946500972887
2014-11-03,000525.XSHE,0.0013500673537942
2014-11-03,000528.XSHE,0.0013749615878924
2014-11-03,000543.XSHE,0.0013944766447857
2014-11-03,000725.XSHE,0.0050150550093645
2014-11-03,000729.XSHE,0.0028161011420309
2014-11-03,000750.XSHE,0.0033228886298057
2014-11-03,000776.XSHE,0.011400968089575
2014-11-03,600000.XSHG,0.0249378191415749
2014-11-03,600004.XSHG,0.0017647963389129
2014-11-03,600005.XSHG,0.0045324349974398
2014-11-03,600009.XSHG,0.0028830889753647
2014-11-03,600011.XSHG,0.0111912710657192
2014-11-03,600015.XSHG,0.0093904771152273
2014-11-03,600021.XSHG,0.0018723524229474
2014-11-03,600031.XSHG,0.0076190133018941
2014-11-03,600050.XSHG,0.0127603423389371
2014-11-03,600086.XSHG,0.0014109256355271
2014-11-03,600166.XSHG,0.0025465587994408
2014-11-03,600177.XSHG,0.0030360863997369
2014-11-03,600252.XSHG,0.0025840333906968
2014-11-03,600276.XSHG,0.0095241954073324
2014-11-03,600362.XSHG,0.0047446020239684
2014-11-03,600518.XSHG,0.0057718738981447
2014-11-03,600578.XSHG,0.0015408336847193
2014-11-03,600642.XSHG,0.0036088435684788
2014-11-03,600660.XSHG,0.0036404525421892
2014-11-03,600795.XSHG,0.0076472616244072
2014-11-03,600823.XSHG,0.0020043457049652
2014-11-03,600837.XSHG,0.0140952889943476
2014-11-03,600900.XSHG,0.0132409442393457
2014-11-03,600999.XSHG,0.0093916003494185
2014-11-03,601006.XSHG,0.0198069396972996
2014-11-03,601166.XSHG,0.028634896006982
2014-11-03,601169.XSHG,0.0122426024259011
2014-11-03,601288.XSHG,0.1187181620939565
2014-11-03,601398.XSHG,0.1580537659412037
2014-11-03,601628.XSHG,0.0546298679006972
2014-11-03,601668.XSHG,0.0176279065720802
2014-11-03,601818.XSHG,0.0191857521533432
2014-11-03,601857.XSHG,0.2082705822976581
2014-11-03,601898.XSHG,0.0071804145708428
2014-11-03,601899.XSHG,0.0069144616458733
2014-11-03,601939.XSHG,0.0065328045609057
2014-11-03,601988.XSHG,0.0895824803031937
2014-11-03,601991.XSHG,0.0070029285926588
2014-11-03,601998.XSHG,0.0254517606691161
2014-12-01,000012.XSHE,0.0017524481940467
2014-12-01,000063.XSHE,0.0070477096434644
2014-12-01,000157.XSHE,0.0053596802996778
2014-12-01,000333.XSHE,0.0085225998392978
2014-12-01,000338.XSHE,0.0038257815496163
2014-12-01,000401.XSHE,0.0020340494589811
2014-12-01,000539.XSHE,0.0020988806722173
2014-12-01,000568.XSHE,0.0042670861440538
2014-12-01,000625.XSHE,0.0083016577348979
2014-12-01,000651.XSHE,0.0154835898932751
2014-12-01,000725.XSHE,0.0051590694913838
2014-12-01,000729.XSHE,0.0030524485461184
2014-12-01,000848.XSHE,0.0019426018611572
2014-12-01,000983.XSHE,0.0036942365553263
2014-12-01,002152.XSHE,0.0029115025910191
2014-12-01,600009.XSHG,0.0030701990093255
2014-12-01,600011.XSHG,0.0114535306869855
2014-12-01,600015.XSHG,0.0109273326698421
2014-12-01,600016.XSHG,0.0317774825679791
2014-12-01,600028.XSHG,0.0805206278255509
2014-12-01,600036.XSHG,0.0407328798353402
2014-12-01,600050.XSHG,0.0136171530654894
2014-12-01,600085.XSHG,0.0019820965356466
2014-12-01,600089.XSHG,0.005316920490912
2014-12-01,600123.XSHG,0.001827305530804
2014-12-01,600132.XSHG,0.0013265120431222
2014-12-01,600177.XSHG,0.0034598825254669
2014-12-01,600196.XSHG,0.0064245230110669
2014-12-01,600252.XSHG,0.002727124402425
2014-12-01,600362.XSHG,0.0052278405153623
2014-12-01,600377.XSHG,0.0040567910229658
2014-12-01,600585.XSHG,0.0117779419902346
2014-12-01,600642.XSHG,0.0039337408471836
2014-12-01,600694.XSHG,0.0016498509880584
2014-12-01,600801.XSHG,0.0013577756034203
2014-12-01,600874.XSHG,0.0015883740263559
2014-12-01,600900.XSHG,0.0141428772770777
2014-12-01,601088.XSHG,0.0439632423894074
2014-12-01,601139.XSHG,0.0025278363860243
2014-12-01,601166.XSHG,0.0314462201978567
2014-12-01,601288.XSHG,0.1306596267217669
2014-12-01,601318.XSHG,0.0396073718245395
2014-12-01,601369.XSHG,0.002046778296164
2014-12-01,601398.XSHG,0.1730819019258096
2014-12-01,601607.XSHG,0.0048284673171513
2014-12-01,601666.XSHG,0.002028901279147
2014-12-01,601857.XSHG,0.2157009667634482
2014-12-01,601877.XSHG,0.0047839611241809
2014-12-01,601939.XSHG,0.0074927923132795
2014-12-01,601991.XSHG,0.007479828516074
2015-01-05,000012.XSHE,0.0078247719285041
2015-01-05,000400.XSHE,0.0081196056315143
2015-01-05,000423.XSHE,0.0167291843839894
2015-01-05,000538.XSHE,0.0444954802503702
2015-01-05,000568.XSHE,0.0201766515482679
2015-01-05,000581.XSHE,0.012622697759813
2015-01-05,000729.XSHE,0.0137188639859545
2015-01-05,000848.XSHE,0.0074912745556986
2015-01-05,000858.XSHE,0.0590537699657461
2015-01-05,000860.XSHE,0.0055158932064803
2015-01-05,000869.XSHE,0.0112165999974113
2015-01-05,000999.XSHE,0.0148583310400284
2015-01-05,002001.XSHE,0.0109979782582727
2015-01-05,002024.XSHE,0.0304228020952073
2015-01-05,002038.XSHE,0.0100132373598945
2015-01-05,002241.XSHE,0.0202150981307633
2015-01-05,002294.XSHE,0.0069080372401074
2015-01-05,002310.XSHE,0.0068819859681121
2015-01-05,002311.XSHE,0.008758846786507
2015-01-05,002570.XSHE,0.0107641869659611
2015-01-05,002646.XSHE,0.006577944517705
2015-01-05,600060.XSHG,0.0104156529935366
2015-01-05,600066.XSHG,0.019646534157525
2015-01-05,600085.XSHG,0.0087226066935637
2015-01-05,600089.XSHG,0.0266589218529902
2015-01-05,600166.XSHG,0.010986726025986
2015-01-05,600183.XSHG,0.0075547075055079
2015-01-05,600196.XSHG,0.0270985834084076
2015-01-05,600216.XSHG,0.0068849281888183
2015-01-05,600252.XSHG,0.0119583178507609
2015-01-05,600256.XSHG,0.0177743895786464
2015-01-05,600267.XSHG,0.0094351833053811
2015-01-05,600276.XSHG,0.0381620468970233
2015-01-05,600377.XSHG,0.0185136638101427
2015-01-05,600426.XSHG,0.0071580859693316
2015-01-05,600436.XSHG,0.0093615103202042
2015-01-05,600518.XSHG,0.0233601163466481
2015-01-05,600519.XSHG,0.152148228359238
2015-01-05,600535.XSHG,0.0282589956798765
2015-01-05,600585.XSHG,0.0597029556255518
2015-01-05,600597.XSHG,0.0145700407570306
2015-01-05,600600.XSHG,0.0194387780919973
2015-01-05,600690.XSHG,0.035991174674601
2015-01-05,600703.XSHG,0.0208753544336942
2015-01-05,600729.XSHG,0.0063877451367452
2015-01-05,600859.XSHG,0.0070050890255853
2015-01-05,600872.XSHG,0.0056495385663646
2015-01-05,601139.XSHG,0.0112836038981132
2015-01-05,601607.XSHG,0.0218595885954885
2015-01-05,601888.XSHG,0.0297736906749294
2015-02-02,000012.XSHE,0.0113689027217336
2015-02-02,000028.XSHE,0.0113102114305323
2015-02-02,000423.XSHE,0.0242534652394461
2015-02-02,000538.XSHE,0.0628254813268363
2015-02-02,000729.XSHE,0.0197818842776519
2015-02-02,000793.XSHE,0.0221165213407726
2015-02-02,000848.XSHE,0.0107519410560814
2015-02-02,000860.XSHE,0.0086839252656061
2015-02-02,000895.XSHE,0.0378952479347129
2015-02-02,000999.XSHE,0.0232531655125132
2015-02-02,002004.XSHE,0.009615683335552
2015-02-02,002038.XSHE,0.0150946123445574
2015-02-02,002041.XSHE,0.0108217128609216
2015-02-02,002050.XSHE,0.010944388711507
2015-02-02,002078.XSHE,0.0086346139706976
2015-02-02,002191.XSHE,0.0093292861591922
2015-02-02,002241.XSHE,0.0332839938796105
2015-02-02,002252.XSHE,0.0441043038442991
2015-02-02,002267.XSHE,0.0129008600401909
2015-02-02,002294.XSHE,0.0105052584468765
2015-02-02,002310.XSHE,0.0107458289318447
2015-02-02,002311.XSHE,0.0142945163802114
2015-02-02,002422.XSHE,0.0113564135555237
2015-02-02,002429.XSHE,0.0128534621500594
2015-02-02,002450.XSHE,0.029034852627438
2015-02-02,002570.XSHE,0.0159624118314433
2015-02-02,600062.XSHG,0.0124864567802489
2015-02-02,600079.XSHG,0.0142567631517232
2015-02-02,600086.XSHG,0.009311706448848
2015-02-02,600138.XSHG,0.0105534022341485
2015-02-02,600183.XSHG,0.010360085313457
2015-02-02,600196.XSHG,0.0419082511209299
2015-02-02,600216.XSHG,0.0099501511655418
2015-02-02,600256.XSHG,0.0250149354484367
2015-02-02,600267.XSHG,0.0141096906403534
2015-02-02,600276.XSHG,0.0610163872653879
2015-02-02,600315.XSHG,0.0240823251783884
2015-02-02,600329.XSHG,0.0084737531662814
2015-02-02,600332.XSHG,0.0299256902114136
2015-02-02,600422.XSHG,0.0093202590273835
2015-02-02,600436.XSHG,0.0161592232278198
2015-02-02,600518.XSHG,0.0355791872437936
2015-02-02,600522.XSHG,0.0120908670963414
2015-02-02,600535.XSHG,0.0438334752613692
2015-02-02,600587.XSHG,0.0129636763541953
2015-02-02,600597.XSHG,0.0211543726509005
2015-02-02,600600.XSHG,0.0277306520790014
2015-02-02,600872.XSHG,0.0096663424871727
2015-02-02,601139.XSHG,0.0173994879564552
2015-02-02,601607.XSHG,0.0309299133145945
2015-03-02,000012.XSHE,0.0112678090999886
2015-03-02,000423.XSHE,0.0232956397782634
2015-03-02,000538.XSHE,0.0609915256346361
2015-03-02,000729.XSHE,0.0200351437705115
2015-03-02,000876.XSHE,0.025803703441088
2015-03-02,000999.XSHE,0.0220384543062044
2015-03-02,002004.XSHE,0.0108382002132387
2015-03-02,002038.XSHE,0.015561161754801
2015-03-02,002050.XSHE,0.0114413399718046
2015-03-02,002129.XSHE,0.0178295810316509
2015-03-02,002191.XSHE,0.00969926432374
2015-03-02,002241.XSHE,0.0333761419577702
2015-03-02,002252.XSHE,0.0492840893206974
2015-03-02,002267.XSHE,0.0139345453446903
2015-03-02,002292.XSHE,0.0112220810602175
2015-03-02,002294.XSHE,0.0103154952547759
2015-03-02,002299.XSHE,0.0126747885362428
2015-03-02,002310.XSHE,0.0105900855531518
2015-03-02,002311.XSHE,0.0147350626535772
2015-03-02,002399.XSHE,0.0217443194268997
2015-03-02,002422.XSHE,0.0118288212513589
2015-03-02,002429.XSHE,0.0144553000750817
2015-03-02,002450.XSHE,0.0317696140874532
2015-03-02,002570.XSHE,0.0162035614392934
2015-03-02,002603.XSHE,0.0130190429178328
2015-03-02,300024.XSHE,0.0259698857573799
2015-03-02,600062.XSHG,0.01326605755703
2015-03-02,600079.XSHG,0.0140081479065021
2015-03-02,600086.XSHG,0.0091671656940336
2015-03-02,600138.XSHG,0.0105264738641184
2015-03-02,600166.XSHG,0.0156327323898738
2015-03-02,600183.XSHG,0.0104297159454215
2015-03-02,600196.XSHG,0.0407588133497203
2015-03-02,600216.XSHG,0.0097876263845035
2015-03-02,600256.XSHG,0.0247774980278349
2015-03-02,600267.XSHG,0.0141167722009728
2015-03-02,600276.XSHG,0.0560224954379565
2015-03-02,600332.XSHG,0.0302931726991753
2015-03-02,600436.XSHG,0.0149105527114876
2015-03-02,600499.XSHG,0.013226178404252
2015-03-02,600522.XSHG,0.0128263605229194
2015-03-02,600535.XSHG,0.0426356600578375
2015-03-02,600594.XSHG,0.0139471943352903
2015-03-02,600597.XSHG,0.0206396586932572
2015-03-02,600598.XSHG,0.0198016218235308
2015-03-02,600600.XSHG,0.026147666616726
2015-03-02,600872.XSHG,0.0099624756676324
2015-03-02,601311.XSHG,0.0118906952430552
2015-03-02,601515.XSHG,0.0130631751377537
2015-03-02,601607.XSHG,0.0322374313667628
2015-04-01,000423.XSHE,0.0205656644027387
2015-04-01,000538.XSHE,0.0522942133932283
2015-04-01,000661.XSHE,0.0116367024336836
2015-04-01,000729.XSHE,0.0171360937829628
2015-04-01,000738.XSHE,0.0201442021523694
2015-04-01,000748.XSHE,0.0141779781085412
2015-04-01,000848.XSHE,0.0089835828818031
2015-04-01,000869.XSHE,0.013274403423749
2015-04-01,000895.XSHE,0.0333658067936151
2015-04-01,000998.XSHE,0.0143028242454072
2015-04-01,000999.XSHE,0.0193581050833962
2015-04-01,002007.XSHE,0.0187816738456074
2015-04-01,002008.XSHE,0.0161279432934794
2015-04-01,002038.XSHE,0.0152656283210092
2015-04-01,002041.XSHE,0.0110621778531205
2015-04-01,002179.XSHE,0.0114546032835923
2015-04-01,002241.XSHE,0.0304873671480619
2015-04-01,002252.XSHE,0.0419481271432981
2015-04-01,002294.XSHE,0.0098273706270746
2015-04-01,002299.XSHE,0.0122836903202263
2015-04-01,002310.XSHE,0.0099081500040698
2015-04-01,002311.XSHE,0.0148166475461468
2015-04-01,002399.XSHE,0.0209782142555397
2015-04-01,002414.XSHE,0.0095929893828213
2015-04-01,002450.XSHE,0.0276405981361684
2015-04-01,002570.XSHE,0.0157121864370954
2015-04-01,002603.XSHE,0.011846630316233
2015-04-01,600166.XSHG,0.0143949977058446
2015-04-01,600183.XSHG,0.009668073113832
2015-04-01,600187.XSHG,0.0090081355106465
2015-04-01,600216.XSHG,0.0098164381483856
2015-04-01,600256.XSHG,0.0224721457065488
2015-04-01,600267.XSHG,0.0136300717655359
2015-04-01,600276.XSHG,0.053557076022286
2015-04-01,600315.XSHG,0.0210295835602171
2015-04-01,600372.XSHG,0.0405583783276222
2015-04-01,600432.XSHG,0.0102608872402304
2015-04-01,600499.XSHG,0.0116883117311821
2015-04-01,600521.XSHG,0.0109879572041761
2015-04-01,600535.XSHG,0.0370614733714673
2015-04-01,600572.XSHG,0.0110569082686111
2015-04-01,600600.XSHG,0.02205237990368
2015-04-01,600648.XSHG,0.0211871405827202
2015-04-01,600757.XSHG,0.0117364878345592
2015-04-01,600867.XSHG,0.0155340658300658
2015-04-01,600872.XSHG,0.008871632382331
2015-04-01,600887.XSHG,0.0698355453269729
2015-04-01,600893.XSHG,0.0321666153573885
2015-04-01,601238.XSHG,0.0313950009520026
2015-04-01,601777.XSHG,0.009057119538653
2015-05-04,000001.XSHE,0.0247953156791574
2015-05-04,000002.XSHE,0.0179581657087282
2015-05-04,000333.XSHE,0.0102889975086058
2015-05-04,000423.XSHE,0.0044163118695717
2015-05-04,000543.XSHE,0.0022185977647459
2015-05-04,000685.XSHE,0.0020422093517141
2015-05-04,000729.XSHE,0.0033638474715635
2015-05-04,000768.XSHE,0.0112594548244835
2015-05-04,000869.XSHE,0.0027174751381878
2015-05-04,000895.XSHE,0.005917528085396
2015-05-04,000937.XSHE,0.0028568761204123
2015-05-04,000970.XSHE,0.0032858697497235
2015-05-04,000983.XSHE,0.0038185067682056
2015-05-04,000999.XSHE,0.0040218612832283
2015-05-04,600000.XSHG,0.0337941838426009
2015-05-04,600004.XSHG,0.0023103794724319
2015-05-04,600009.XSHG,0.003987649239948
2015-05-04,600016.XSHG,0.037590084655176
2015-05-04,600036.XSHG,0.0476344593174803
2015-05-04,600038.XSHG,0.0026695875964227
2015-05-04,600039.XSHG,0.0020302536681744
2015-05-04,600056.XSHG,0.002670161530541
2015-05-04,600104.XSHG,0.0380486411614545
2015-05-04,600108.XSHG,0.0028939426419811
2015-05-04,600166.XSHG,0.0027754640379238
2015-05-04,600183.XSHG,0.0018673192280351
2015-05-04,600196.XSHG,0.0066246355497325
2015-05-04,600256.XSHG,0.0041868897129784
2015-05-04,600276.XSHG,0.0106199004145733
2015-05-04,600307.XSHG,0.0047147350540245
2015-05-04,600309.XSHG,0.0070716747189759
2015-05-04,600362.XSHG,0.0062248115802117
2015-05-04,600383.XSHG,0.0075899906843627
2015-05-04,600398.XSHG,0.0030451071520731
2015-05-04,600519.XSHG,0.0370239556638018
2015-05-04,600585.XSHG,0.0125262334059097
2015-05-04,600600.XSHG,0.0039456739694252
2015-05-04,600674.XSHG,0.0074418451523406
2015-05-04,600887.XSHG,0.0141049540972426
2015-05-04,600900.XSHG,0.017448369275911
2015-05-04,601006.XSHG,0.0266163375193845
2015-05-04,601118.XSHG,0.0062882678562792
2015-05-04,601169.XSHG,0.018221328141066
2015-05-04,601288.XSHG,0.1427229531894897
2015-05-04,601328.XSHG,0.0291966804845197
2015-05-04,601398.XSHG,0.1847807457446106
2015-05-04,601666.XSHG,0.0022607352170414
2015-05-04,601939.XSHG,0.0084170846574586
2015-05-04,601988.XSHG,0.1294419582148125
2015-05-04,601998.XSHG,0.0322519888278792
2015-06-01,000423.XSHE,0.0114110617733166
2015-06-01,000538.XSHE,0.0229456009203388
2015-06-01,000651.XSHE,0.0548720774272042
2015-06-01,000685.XSHE,0.0055329275715232
2015-06-01,000729.XSHE,0.0083692519154062
2015-06-01,000748.XSHE,0.0082444309329826
2015-06-01,000792.XSHE,0.0098759766378158
2015-06-01,000858.XSHE,0.030254216271524
2015-06-01,000878.XSHE,0.0093654989129051
2015-06-01,000937.XSHE,0.006676529376223
2015-06-01,000960.XSHE,0.0084998086153938
2015-06-01,000983.XSHE,0.0088026739954131
2015-06-01,000999.XSHE,0.0098922719336579
2015-06-01,002001.XSHE,0.0077012723726831
2015-06-01,002092.XSHE,0.0049267860345694
2015-06-01,002142.XSHE,0.0161702188133054
2015-06-01,002241.XSHE,0.0152955980213896
2015-06-01,002252.XSHE,0.0192412658350848
2015-06-01,002304.XSHE,0.0248324492937396
2015-06-01,002475.XSHE,0.0110430677744152
2015-06-01,600000.XSHG,0.075574623969467
2015-06-01,600004.XSHG,0.006194333528372
2015-06-01,600031.XSHG,0.0291058097874873
2015-06-01,600036.XSHG,0.1097168621302617
2015-06-01,600066.XSHG,0.0125368536256233
2015-06-01,600160.XSHG,0.0060510270057397
2015-06-01,600166.XSHG,0.0073983438672631
2015-06-01,600196.XSHG,0.0190754528262923
2015-06-01,600259.XSHG,0.0049782602075759
2015-06-01,600267.XSHG,0.0063919542795407
2015-06-01,600276.XSHG,0.027647687652336
2015-06-01,600307.XSHG,0.0119237577703961
2015-06-01,600309.XSHG,0.0172050453277877
2015-06-01,600312.XSHG,0.0057691052914595
2015-06-01,600332.XSHG,0.0130961646876966
2015-06-01,600362.XSHG,0.0154746152122258
2015-06-01,600535.XSHG,0.0166023208665877
2015-06-01,600585.XSHG,0.0299490794701719
2015-06-01,600600.XSHG,0.0102232325684507
2015-06-01,600664.XSHG,0.0070082876128393
2015-06-01,600674.XSHG,0.0165123172837441
2015-06-01,600887.XSHG,0.0352910775914753
2015-06-01,600900.XSHG,0.0381533856201986
2015-06-01,601009.XSHG,0.0168723064231437
2015-06-01,601169.XSHG,0.0396408378377524
2015-06-01,601328.XSHG,0.0692907545974446
2015-06-01,601666.XSHG,0.0054220426772447
2015-06-01,601899.XSHG,0.032050301695908
2015-06-01,601929.XSHG,0.0075998124574686
2015-06-01,601933.XSHG,0.013291361699152
2015-07-01,000001.XSHE,0.0144515395799446
2015-07-01,000002.XSHE,0.0121793110767784
2015-07-01,000069.XSHE,0.0032028299548699
2015-07-01,000333.XSHE,0.0070880646153718
2015-07-01,000338.XSHE,0.0027601447289779
2015-07-01,000538.XSHE,0.0074177771274231
2015-07-01,000568.XSHE,0.003790200435928
2015-07-01,000651.XSHE,0.015973290512646
2015-07-01,000728.XSHE,0.0059044483312409
2015-07-01,000792.XSHE,0.00372104125116
2015-07-01,000858.XSHE,0.0102354194929639
2015-07-01,002142.XSHE,0.0051560404304482
2015-07-01,002219.XSHE,0.0024278271657253
2015-07-01,002252.XSHE,0.0057732064653527
2015-07-01,002304.XSHE,0.0072258784866981
2015-07-01,600000.XSHG,0.0214197047329925
2015-07-01,600015.XSHG,0.0084335025967174
2015-07-01,600016.XSHG,0.024847634673893
2015-07-01,600028.XSHG,0.0568981770246313
2015-07-01,600036.XSHG,0.0330392837837343
2015-07-01,600066.XSHG,0.0032649262350643
2015-07-01,600104.XSHG,0.0209652613300065
2015-07-01,600276.XSHG,0.007657364577761
2015-07-01,600309.XSHG,0.0043513359449914
2015-07-01,600377.XSHG,0.0032301521166408
2015-07-01,600383.XSHG,0.0047680281923991
2015-07-01,600398.XSHG,0.0024012227891563
2015-07-01,600409.XSHG,0.0019041087457333
2015-07-01,600519.XSHG,0.0258624332671634
2015-07-01,600535.XSHG,0.0044375412745538
2015-07-01,600585.XSHG,0.0071516911212252
2015-07-01,600600.XSHG,0.0027591983030756
2015-07-01,600690.XSHG,0.0068144864348998
2015-07-01,600809.XSHG,0.0020416546303378
2015-07-01,600887.XSHG,0.0095235430237292
2015-07-01,601006.XSHG,0.017455897721534
2015-07-01,601009.XSHG,0.0053582312668437
2015-07-01,601166.XSHG,0.0236221808109109
2015-07-01,601169.XSHG,0.0117119861658566
2015-07-01,601288.XSHG,0.0928468391911594
2015-07-01,601318.XSHG,0.0374716581673788
2015-07-01,601328.XSHG,0.0237912443326093
2015-07-01,601398.XSHG,0.1218839027276712
2015-07-01,601601.XSHG,0.0157749568713061
2015-07-01,601818.XSHG,0.0180321288071182
2015-07-01,601857.XSHG,0.1529515991518828
2015-07-01,601888.XSHG,0.0058265722340585
2015-07-01,601939.XSHG,0.0054339264329599
2015-07-01,601988.XSHG,0.0880515156208857
2015-07-01,601998.XSHG,0.0207090900435878
2015-08-03,000001.XSHE,0.0134120603166729
2015-08-03,000002.XSHE,0.0125832984126378
2015-08-03,000333.XSHE,0.0068372660516877
2015-08-03,000423.XSHE,0.0027236913679208
2015-08-03,000538.XSHE,0.0069386869525809
2015-08-03,000651.XSHE,0.012223790749154
2015-08-03,000895.XSHE,0.0032328167847976
2015-08-03,002142.XSHE,0.0040821991830628
2015-08-03,002252.XSHE,0.0078415991226081
2015-08-03,002304.XSHE,0.007147644232995
2015-08-03,002470.XSHE,0.0026867327719786
2015-08-03,002508.XSHE,0.001745741759196
2015-08-03,600000.XSHG,0.0205663067978403
2015-08-03,600015.XSHG,0.0076589699404593
2015-08-03,600016.XSHG,0.0244628261200766
2015-08-03,600019.XSHG,0.0105244854064954
2015-08-03,600028.XSHG,0.048951963140831
2015-08-03,600036.XSHG,0.0330743895032397
2015-08-03,600066.XSHG,0.0034499981139598
2015-08-03,600104.XSHG,0.0193385085185515
2015-08-03,600276.XSHG,0.0081918177746945
2015-08-03,600309.XSHG,0.0041682949940691
2015-08-03,600315.XSHG,0.0023469459350912
2015-08-03,600340.XSHG,0.0073325409619122
2015-08-03,600383.XSHG,0.00488525472452
2015-08-03,600398.XSHG,0.0020790860752472
2015-08-03,600519.XSHG,0.0233315011409094
2015-08-03,600535.XSHG,0.0039700854179785
2015-08-03,600585.XSHG,0.0070082668710452
2015-08-03,600649.XSHG,0.0037042928306467
2015-08-03,600660.XSHG,0.0024356134350915
2015-08-03,600690.XSHG,0.0055062507490423
2015-08-03,600869.XSHG,0.002071698109855
2015-08-03,600887.XSHG,0.0094636134255872
2015-08-03,601006.XSHG,0.0138351162701976
2015-08-03,601009.XSHG,0.0046390494449549
2015-08-03,601166.XSHG,0.0228863944962515
2015-08-03,601169.XSHG,0.010063227968833
2015-08-03,601238.XSHG,0.0066377255663125
2015-08-03,601288.XSHG,0.0914770988468631
2015-08-03,601318.XSHG,0.0320285736548532
2015-08-03,601328.XSHG,0.0202348347268869
2015-08-03,601398.XSHG,0.1163710051168309
2015-08-03,601601.XSHG,0.0141469135972472
2015-08-03,601628.XSHG,0.0534846302570975
2015-08-03,601818.XSHG,0.0163362869862427
2015-08-03,601857.XSHG,0.151690128506745
2015-08-03,601939.XSHG,0.0052632151974003
2015-08-03,601988.XSHG,0.0831257981837629
2015-08-03,601998.XSHG,0.0218017634870826
2015-09-01,000001.XSHE,0.0132574930119587
2015-09-01,000002.XSHE,0.0134236232719675
2015-09-01,000333.XSHE,0.0062671123954277
2015-09-01,000423.XSHE,0.0027388588714069
2015-09-01,000538.XSHE,0.0072327788478169
2015-09-01,000793.XSHE,0.0027316915548051
2015-09-01,000895.XSHE,0.0032497048670866
2015-09-01,000963.XSHE,0.0031399262120734
2015-09-01,002142.XSHE,0.0041596337843495
2015-09-01,002252.XSHE,0.0072307847457379
2015-09-01,002292.XSHE,0.0017353887744837
2015-09-01,002304.XSHE,0.006836602244175
2015-09-01,002367.XSHE,0.0011446782128407
2015-09-01,002508.XSHE,0.0015449338107391
2015-09-01,600000.XSHG,0.0222069363005775
2015-09-01,600015.XSHG,0.0080863351836575
2015-09-01,600016.XSHG,0.0255598341468879
2015-09-01,600028.XSHG,0.0472150693928947
2015-09-01,600036.XSHG,0.0337222025112585
2015-09-01,600066.XSHG,0.0033148857081905
2015-09-01,600104.XSHG,0.0186656981199321
2015-09-01,600276.XSHG,0.0080432286248763
2015-09-01,600309.XSHG,0.0039566817084003
2015-09-01,600315.XSHG,0.0021874960188832
2015-09-01,600340.XSHG,0.0065825747252288
2015-09-01,600383.XSHG,0.0049619231237533
2015-09-01,600398.XSHG,0.002025135232166
2015-09-01,600519.XSHG,0.0237019513392978
2015-09-01,600535.XSHG,0.0035963535578101
2015-09-01,600585.XSHG,0.0070741279347027
2015-09-01,600660.XSHG,0.0023818308362472
2015-09-01,600690.XSHG,0.005407015157582
2015-09-01,600887.XSHG,0.0094542277095144
2015-09-01,601006.XSHG,0.0147057870717628
2015-09-01,601009.XSHG,0.0045881787354658
2015-09-01,601088.XSHG,0.0255812407665078
2015-09-01,601166.XSHG,0.0233233817923782
2015-09-01,601169.XSHG,0.0109604296982033
2015-09-01,601238.XSHG,0.0067250394066659
2015-09-01,601288.XSHG,0.0902013264517958
2015-09-01,601318.XSHG,0.0317149089477652
2015-09-01,601328.XSHG,0.0257568504347795
2015-09-01,601398.XSHG,0.117773861099465
2015-09-01,601601.XSHG,0.0138530509851658
2015-09-01,601628.XSHG,0.0526573403333227
2015-09-01,601818.XSHG,0.016578690753992
2015-09-01,601857.XSHG,0.1447646542294978
2015-09-01,601939.XSHG,0.0052338029689773
2015-09-01,601988.XSHG,0.0828612376741258
2015-09-01,601998.XSHG,0.0198835007133973
2015-10-08,000001.XSHE,0.0124187340465472
2015-10-08,000002.XSHE,0.0124814657020693
2015-10-08,000024.XSHE,0.0031406931204353
2015-10-08,000333.XSHE,0.0059692237680565
2015-10-08,000423.XSHE,0.0027831820559134
2015-10-08,000538.XSHE,0.0067598423703929
2015-10-08,000568.XSHE,0.0029124851533597
2015-10-08,000895.XSHE,0.0032344345751338
2015-10-08,000963.XSHE,0.0030003189297237
2015-10-08,002142.XSHE,0.0038977953268096
2015-10-08,002252.XSHE,0.0080240878435902
2015-10-08,002304.XSHE,0.006886131922021
2015-10-08,002353.XSHE,0.0023472072331241
2015-10-08,600000.XSHG,0.023285679716184
2015-10-08,600011.XSHG,0.0092503815978451
2015-10-08,600015.XSHG,0.0078538178226468
2015-10-08,600016.XSHG,0.0246400554359048
2015-10-08,600018.XSHG,0.0159749982879835
2015-10-08,600028.XSHG,0.0459448893588406
2015-10-08,600036.XSHG,0.0359623514946475
2015-10-08,600066.XSHG,0.0035672579768123
2015-10-08,600104.XSHG,0.0192641870221932
2015-10-08,600276.XSHG,0.0091991149732358
2015-10-08,600340.XSHG,0.0060275209206257
2015-10-08,600383.XSHG,0.0051321009459035
2015-10-08,600398.XSHG,0.0020999883287723
2015-10-08,600519.XSHG,0.0243967201972897
2015-10-08,600535.XSHG,0.0035137641193014
2015-10-08,600585.XSHG,0.0070670492039604
2015-10-08,600660.XSHG,0.0024637556619547
2015-10-08,600674.XSHG,0.0046140621729639
2015-10-08,600879.XSHG,0.0016824111502352
2015-10-08,600887.XSHG,0.0093760168717919
2015-10-08,601006.XSHG,0.0131851819700848
2015-10-08,601009.XSHG,0.0043087284344961
2015-10-08,601088.XSHG,0.0244194176662934
2015-10-08,601166.XSHG,0.0235605610057155
2015-10-08,601169.XSHG,0.0109273529534179
2015-10-08,601238.XSHG,0.0077457485218987
2015-10-08,601288.XSHG,0.0890516680777404
2015-10-08,601318.XSHG,0.0326991157108884
2015-10-08,601328.XSHG,0.0238506399416601
2015-10-08,601398.XSHG,0.1161117072754489
2015-10-08,601601.XSHG,0.014068809014021
2015-10-08,601628.XSHG,0.0530293686936347
2015-10-08,601818.XSHG,0.0154224958192416
2015-10-08,601857.XSHG,0.1343726415322471
2015-10-08,601939.XSHG,0.0049805863853389
2015-10-08,601988.XSHG,0.07833461142845
2015-10-08,601998.XSHG,0.0187596402631513
2015-11-02,000001.XSHE,0.0133790421840018
2015-11-02,000002.XSHE,0.0133997277000433
2015-11-02,000024.XSHE,0.0035057709617733
2015-11-02,000333.XSHE,0.006466168484234
2015-11-02,000423.XSHE,0.0031446873281913
2015-11-02,000538.XSHE,0.0070955755946863
2015-11-02,000568.XSHE,0.0034113303489639
2015-11-02,000895.XSHE,0.0035299780732237
2015-11-02,000963.XSHE,0.0033179647607673
2015-11-02,002142.XSHE,0.0044791536426073
2015-11-02,002236.XSHE,0.0024354961546123
2015-11-02,002252.XSHE,0.0079819734079773
2015-11-02,002701.XSHE,0.0018056486301814
2015-11-02,300015.XSHE,0.0025132748565594
2015-11-02,600000.XSHG,0.0311441778191101
2015-11-02,600009.XSHG,0.0034488930752373
2015-11-02,600015.XSHG,0.008293281891492
2015-11-02,600016.XSHG,0.0256472699427296
2015-11-02,600018.XSHG,0.0164147822918051
2015-11-02,600028.XSHG,0.0480287831121559
2015-11-02,600036.XSHG,0.0374228597889727
2015-11-02,600066.XSHG,0.0040863951505914
2015-11-02,600196.XSHG,0.0047773209326183
2015-11-02,600276.XSHG,0.0102151004753528
2015-11-02,600312.XSHG,0.0016556649474508
2015-11-02,600315.XSHG,0.0025884045121491
2015-11-02,600340.XSHG,0.0066274586177997
2015-11-02,600398.XSHG,0.002394597719139
2015-11-02,600499.XSHG,0.0015115133728015
2015-11-02,600519.XSHG,0.0271674072604912
2015-11-02,600535.XSHG,0.0038461292414675
2015-11-02,600585.XSHG,0.0071500336029533
2015-11-02,600674.XSHG,0.0046894207693176
2015-11-02,600750.XSHG,0.0011510293835081
2015-11-02,600887.XSHG,0.009359505663303
2015-11-02,601006.XSHG,0.013658833909017
2015-11-02,601009.XSHG,0.0050264616181138
2015-11-02,601166.XSHG,0.0248737529492492
2015-11-02,601238.XSHG,0.0087367314265699
2015-11-02,601288.XSHG,0.093046065780938
2015-11-02,601318.XSHG,0.0363932620773767
2015-11-02,601328.XSHG,0.0248797430697653
2015-11-02,601398.XSHG,0.1239899881651715
2015-11-02,601601.XSHG,0.0158373312375531
2015-11-02,601628.XSHG,0.0543014694815729
2015-11-02,601818.XSHG,0.016363872531794
2015-11-02,601857.XSHG,0.1405282773840969
2015-11-02,601939.XSHG,0.0053002050006511
2015-11-02,601988.XSHG,0.082559852150843
2015-11-02,601998.XSHG,0.0204183315190169
2015-12-01,000001.XSHE,0.0170020201642129
2015-12-01,000002.XSHE,0.0197398404353627
2015-12-01,000024.XSHE,0.004522026458898
2015-12-01,000333.XSHE,0.0076396006988472
2015-12-01,000423.XSHE,0.0037607406546621
2015-12-01,000568.XSHE,0.0040842931125086
2015-12-01,000963.XSHE,0.0040571499235371
2015-12-01,002142.XSHE,0.0059083269450157
2015-12-01,002203.XSHE,0.001928706077216
2015-12-01,002236.XSHE,0.0030643927387499
2015-12-01,002252.XSHE,0.009687637382152
2015-12-01,002450.XSHE,0.0064354283358251
2015-12-01,600000.XSHG,0.0426680462113017
2015-12-01,600009.XSHG,0.0039167069272653
2015-12-01,600015.XSHG,0.0106981377711754
2015-12-01,600016.XSHG,0.0310452929082953
2015-12-01,600036.XSHG,0.0432671677000173
2015-12-01,600048.XSHG,0.0139219657427336
2015-12-01,600066.XSHG,0.0049397115672108
2015-12-01,600085.XSHG,0.0047426484391048
2015-12-01,600276.XSHG,0.0120349938244516
2015-12-01,600315.XSHG,0.0032954303483448
2015-12-01,600340.XSHG,0.0088151814575687
2015-12-01,600373.XSHG,0.0038501837691196
2015-12-01,600383.XSHG,0.0075290288918482
2015-12-01,600519.XSHG,0.0329228316131759
2015-12-01,600521.XSHG,0.0022260672486327
2015-12-01,600649.XSHG,0.00599869362565
2015-12-01,600664.XSHG,0.0026936902649592
2015-12-01,600674.XSHG,0.0057632386236428
2015-12-01,600703.XSHG,0.0072409772288549
2015-12-01,600741.XSHG,0.0050886829095699
2015-12-01,600867.XSHG,0.0035289052739143
2015-12-01,600887.XSHG,0.0108050787626044
2015-12-01,600900.XSHG,0.0157460150060316
2015-12-01,600967.XSHG,0.001805184751247
2015-12-01,601009.XSHG,0.0061506155428813
2015-12-01,601166.XSHG,0.0311386179257789
2015-12-01,601169.XSHG,0.0143689893164129
2015-12-01,601288.XSHG,0.1124643941108022
2015-12-01,601318.XSHG,0.0453080912582211
2015-12-01,601328.XSHG,0.0304086927731763
2015-12-01,601398.XSHG,0.1503773434908535
2015-12-01,601601.XSHG,0.0206301582322106
2015-12-01,601628.XSHG,0.0682059493401528
2015-12-01,601877.XSHG,0.0041005620927192
2015-12-01,601888.XSHG,0.0060840475609114
2015-12-01,601939.XSHG,0.0066798083403181
2015-12-01,601988.XSHG,0.1038620901477483
2015-12-01,601998.XSHG,0.0278466160741043
2016-01-04,000001.XSHE,0.0211039469131203
2016-01-04,000333.XSHE,0.0105074053496163
2016-01-04,000423.XSHE,0.0050124442521004
2016-01-04,000538.XSHE,0.0111530803900701
2016-01-04,000568.XSHE,0.005527721980979
2016-01-04,000895.XSHE,0.005549283723368
2016-01-04,000963.XSHE,0.0052699258680774
2016-01-04,002050.XSHE,0.0022963193408609
2016-01-04,002142.XSHE,0.0078345713709161
2016-01-04,002236.XSHE,0.0035594976547439
2016-01-04,002252.XSHE,0.0119529206621962
2016-01-04,002450.XSHE,0.007815613387168
2016-01-04,002701.XSHE,0.0026172859236914
2016-01-04,600000.XSHG,0.052394081974468
2016-01-04,600009.XSHG,0.0048779549884271
2016-01-04,600015.XSHG,0.0140417074270021
2016-01-04,600016.XSHG,0.0421088911828268
2016-01-04,600020.XSHG,0.0022022625849988
2016-01-04,600036.XSHG,0.0562501015798631
2016-01-04,600050.XSHG,0.0193997749120289
2016-01-04,600066.XSHG,0.0063978116724102
2016-01-04,600104.XSHG,0.0343265826906483
2016-01-04,600161.XSHG,0.0027419660639016
2016-01-04,600196.XSHG,0.0065853941341677
2016-01-04,600201.XSHG,0.0030128885317023
2016-01-04,600276.XSHG,0.0145173395618133
2016-01-04,600340.XSHG,0.0117817534177793
2016-01-04,600422.XSHG,0.0019624906191769
2016-01-04,600436.XSHG,0.0039312279116833
2016-01-04,600489.XSHG,0.0043471281170916
2016-01-04,600498.XSHG,0.0041842934766056
2016-01-04,600519.XSHG,0.0416314224136222
2016-01-04,600535.XSHG,0.0062307600971895
2016-01-04,600547.XSHG,0.0044193119568742
2016-01-04,600637.XSHG,0.0086036851342905
2016-01-04,600663.XSHG,0.0099843985861795
2016-01-04,600674.XSHG,0.0070507043906944
2016-01-04,600741.XSHG,0.0063752523080878
2016-01-04,600867.XSHG,0.0043712477603316
2016-01-04,600887.XSHG,0.014247201768597
2016-01-04,600900.XSHG,0.0202233044101953
2016-01-04,601009.XSHG,0.0077301324719865
2016-01-04,601166.XSHG,0.0419477198872765
2016-01-04,601288.XSHG,0.1447725297931649
2016-01-04,601318.XSHG,0.0582042873202863
2016-01-04,601398.XSHG,0.1893224597542762
2016-01-04,601601.XSHG,0.026983246911206
2016-01-04,601607.XSHG,0.0055589484234329
2016-01-04,601888.XSHG,0.0086020821093672
2016-01-04,601939.XSHG,0.0084776368394362
2016-02-01,000001.XSHE,0.013625653896528
2016-02-01,000333.XSHE,0.0072177446575804
2016-02-01,000423.XSHE,0.0034426832755253
2016-02-01,000538.XSHE,0.0072776109214665
2016-02-01,000568.XSHE,0.0035003647229935
2016-02-01,000625.XSHE,0.0058654268193207
2016-02-01,000651.XSHE,0.0129714734130453
2016-02-01,000858.XSHE,0.0107389521675459
2016-02-01,000895.XSHE,0.0038104254107881
2016-02-01,000963.XSHE,0.0034469784947821
2016-02-01,002007.XSHE,0.0026587749125537
2016-02-01,002252.XSHE,0.0089410521296391
2016-02-01,002304.XSHE,0.008528784827888
2016-02-01,002475.XSHE,0.0040757500461122
2016-02-01,002508.XSHE,0.0021745585056089
2016-02-01,002572.XSHE,0.0011854821403444
2016-02-01,002701.XSHE,0.0016368894723288
2016-02-01,300015.XSHE,0.0026601449582317
2016-02-01,600000.XSHG,0.03625297728245
2016-02-01,600009.XSHG,0.0032482882713511
2016-02-01,600015.XSHG,0.008537306474831
2016-02-01,600016.XSHG,0.0295871056692728
2016-02-01,600028.XSHG,0.0483987934665186
2016-02-01,600036.XSHG,0.0357671951808666
2016-02-01,600066.XSHG,0.0040110649163938
2016-02-01,600104.XSHG,0.0241423964075003
2016-02-01,600196.XSHG,0.0040742804745101
2016-02-01,600276.XSHG,0.0102583379533423
2016-02-01,600519.XSHG,0.0297838130398469
2016-02-01,600535.XSHG,0.0039538263802543
2016-02-01,600660.XSHG,0.0030812095231573
2016-02-01,600741.XSHG,0.0041867455179106
2016-02-01,600867.XSHG,0.0030496326680909
2016-02-01,600887.XSHG,0.0094019905871432
2016-02-01,600900.XSHG,0.0139476212634722
2016-02-01,601009.XSHG,0.0050252452554769
2016-02-01,601166.XSHG,0.0320910816313447
2016-02-01,601169.XSHG,0.0139113417189719
2016-02-01,601288.XSHG,0.1018301542368762
2016-02-01,601318.XSHG,0.0376789514366155
2016-02-01,601328.XSHG,0.0240410058151894
2016-02-01,601398.XSHG,0.1279807571721374
2016-02-01,601601.XSHG,0.0170091965748419
2016-02-01,601607.XSHG,0.0034450370030882
2016-02-01,601668.XSHG,0.0176800343747613
2016-02-01,601818.XSHG,0.016318318750231
2016-02-01,601857.XSHG,0.1382751516459721
2016-02-01,601888.XSHG,0.0052641888882784
2016-02-01,601939.XSHG,0.0053110714160813
2016-02-01,601988.XSHG,0.0786971282309369
2016-03-01,000001.XSHE,0.013552954786382
2016-03-01,000333.XSHE,0.0071498190185377
2016-03-01,000423.XSHE,0.0035014112316059
2016-03-01,000538.XSHE,0.0068043170333951
2016-03-01,000625.XSHE,0.0056336464395075
2016-03-01,000725.XSHE,0.0069397779396743
2016-03-01,000858.XSHE,0.0102571284457215
2016-03-01,000963.XSHE,0.0034675300346496
2016-03-01,002142.XSHE,0.0049742798518835
2016-03-01,002252.XSHE,0.0092092398911045
2016-03-01,002304.XSHE,0.0086452136906503
2016-03-01,002385.XSHE,0.0019809111948089
2016-03-01,002475.XSHE,0.0042241604489495
2016-03-01,002508.XSHE,0.0024166002999014
2016-03-01,002572.XSHE,0.0012307921422414
2016-03-01,300015.XSHE,0.0025899803503391
2016-03-01,600004.XSHG,0.0015558764849716
2016-03-01,600009.XSHG,0.0035347781317525
2016-03-01,600015.XSHG,0.0086530210657132
2016-03-01,600016.XSHG,0.0294877821437261
2016-03-01,600028.XSHG,0.0498810568802636
2016-03-01,600036.XSHG,0.0357722022027513
2016-03-01,600066.XSHG,0.0042178018423406
2016-03-01,600104.XSHG,0.0240131861434745
2016-03-01,600221.XSHG,0.0042783693186612
2016-03-01,600276.XSHG,0.0103249511926564
2016-03-01,600519.XSHG,0.0324774167019715
2016-03-01,600521.XSHG,0.0023378270635678
2016-03-01,600535.XSHG,0.004095529121359
2016-03-01,600585.XSHG,0.0068695162751198
2016-03-01,600741.XSHG,0.0039382653164538
2016-03-01,600867.XSHG,0.0031141924391536
2016-03-01,600887.XSHG,0.0094053880919958
2016-03-01,600900.XSHG,0.0132433157488914
2016-03-01,601009.XSHG,0.0052010758461469
2016-03-01,601088.XSHG,0.0269570718466249
2016-03-01,601166.XSHG,0.0319783113224919
2016-03-01,601169.XSHG,0.0144747608585637
2016-03-01,601288.XSHG,0.1040713617120996
2016-03-01,601318.XSHG,0.0375180848085933
2016-03-01,601328.XSHG,0.024066338850683
2016-03-01,601398.XSHG,0.1286102708543919
2016-03-01,601601.XSHG,0.0177104966346451
2016-03-01,601607.XSHG,0.0034801914851216
2016-03-01,601668.XSHG,0.0185456326252825
2016-03-01,601818.XSHG,0.0161158513095792
2016-03-01,601857.XSHG,0.1402969389459333
2016-03-01,601899.XSHG,0.0061731468953443
2016-03-01,601939.XSHG,0.0051895710352836
2016-03-01,601988.XSHG,0.0798326560050373
2016-04-01,000001.XSHE,0.0132327442068709
2016-04-01,000100.XSHE,0.0035940754405247
2016-04-01,000157.XSHE,0.0030436132032461
2016-04-01,000333.XSHE,0.0072075073752795
2016-04-01,000423.XSHE,0.0033170978369263
2016-04-01,000568.XSHE,0.0036086959002986
2016-04-01,000725.XSHE,0.0064688364426334
2016-04-01,000858.XSHE,0.011172573969658
2016-04-01,000895.XSHE,0.0040346245881844
2016-04-01,000963.XSHE,0.0031569394022698
2016-04-01,002007.XSHE,0.0023089678125502
2016-04-01,002142.XSHE,0.004869292909714
2016-04-01,002252.XSHE,0.0080462781063436
2016-04-01,002304.XSHE,0.008546182188088
2016-04-01,002508.XSHE,0.0022556121781525
2016-04-01,600000.XSHG,0.0356627680373821
2016-04-01,600009.XSHG,0.00343483705703
2016-04-01,600011.XSHG,0.0088557464008669
2016-04-01,600015.XSHG,0.0083754521175659
2016-04-01,600016.XSHG,0.028715538404951
2016-04-01,600028.XSHG,0.0492406293363805
2016-04-01,600036.XSHG,0.0352960464932566
2016-04-01,600066.XSHG,0.0038834034798512
2016-04-01,600104.XSHG,0.0236185619280214
2016-04-01,600276.XSHG,0.0097492903934974
2016-04-01,600518.XSHG,0.0072048972236886
2016-04-01,600519.XSHG,0.0323776351027972
2016-04-01,600521.XSHG,0.0021561553010342
2016-04-01,600535.XSHG,0.0042382145098864
2016-04-01,600585.XSHG,0.0071379096152706
2016-04-01,600660.XSHG,0.0031532709516512
2016-04-01,600741.XSHG,0.0041047246523128
2016-04-01,600887.XSHG,0.0091809988759957
2016-04-01,600900.XSHG,0.0127908642154125
2016-04-01,601009.XSHG,0.0050454892567432
2016-04-01,601088.XSHG,0.0246262247978408
2016-04-01,601166.XSHG,0.0312761045401571
2016-04-01,601169.XSHG,0.0133664314263367
2016-04-01,601288.XSHG,0.0989556246769163
2016-04-01,601318.XSHG,0.0363133043282113
2016-04-01,601328.XSHG,0.0232390901103238
2016-04-01,601398.XSHG,0.1219184744989322
2016-04-01,601601.XSHG,0.0174338927572612
2016-04-01,601607.XSHG,0.0034802222767411
2016-04-01,601668.XSHG,0.0181118705937556
2016-04-01,601818.XSHG,0.0158252071358309
2016-04-01,601857.XSHG,0.1304356605061882
2016-04-01,601899.XSHG,0.0054678806591721
2016-04-01,601939.XSHG,0.0048830489756563
2016-04-01,601988.XSHG,0.0755814878023387
2016-05-03,000001.XSHE,0.0132330403806663
2016-05-03,000333.XSHE,0.0079512924268153
2016-05-03,000423.XSHE,0.0032162436246392
2016-05-03,000858.XSHE,0.0123511588205609
2016-05-03,000895.XSHE,0.0041149135444919
2016-05-03,000961.XSHE,0.0021257345692764
2016-05-03,000963.XSHE,0.0032007611116612
2016-05-03,002007.XSHE,0.0026292782543868
2016-05-03,002142.XSHE,0.0051717469133227
2016-05-03,002252.XSHE,0.0080377232975009
2016-05-03,002304.XSHE,0.0092750118329477
2016-05-03,002415.XSHE,0.0104479392656294
2016-05-03,002508.XSHE,0.0026502136943999
2016-05-03,002594.XSHE,0.0051014409066167
2016-05-03,300015.XSHE,0.0026653147828342
2016-05-03,300072.XSHE,0.0025504081491832
2016-05-03,600000.XSHG,0.0354792994099738
2016-05-03,600009.XSHG,0.0031851477056101
2016-05-03,600015.XSHG,0.0115192818163942
2016-05-03,600016.XSHG,0.0290966843645049
2016-05-03,600019.XSHG,0.0097234993458272
2016-05-03,600028.XSHG,0.0486479927556948
2016-05-03,600036.XSHG,0.0383272313750364
2016-05-03,600066.XSHG,0.0041459547594159
2016-05-03,600104.XSHG,0.0237831798740812
2016-05-03,600177.XSHG,0.0035783008588529
2016-05-03,600276.XSHG,0.0097803678189283
2016-05-03,600519.XSHG,0.0342837684005937
2016-05-03,600521.XSHG,0.0022870874297606
2016-05-03,600535.XSHG,0.0038693488748771
2016-05-03,600660.XSHG,0.0030423115974243
2016-05-03,600741.XSHG,0.0040808603907121
2016-05-03,600887.XSHG,0.0097466572767019
2016-05-03,600900.XSHG,0.0126546656500857
2016-05-03,601009.XSHG,0.0053509130836922
2016-05-03,601012.XSHG,0.0021593944171776
2016-05-03,601088.XSHG,0.0254288642405236
2016-05-03,601166.XSHG,0.0322981726644542
2016-05-03,601169.XSHG,0.0137008476966496
2016-05-03,601288.XSHG,0.0969205403388805
2016-05-03,601318.XSHG,0.0362347578264625
2016-05-03,601328.XSHG,0.0224132738271312
2016-05-03,601398.XSHG,0.1211268729809569
2016-05-03,601601.XSHG,0.0180219430393525
2016-05-03,601607.XSHG,0.0037038880620216
2016-05-03,601668.XSHG,0.0176075672828717
2016-05-03,601818.XSHG,0.0154198319887869
2016-05-03,601857.XSHG,0.1276448159108925
2016-05-03,601899.XSHG,0.0054577633346628
2016-05-03,601988.XSHG,0.0745566920260733
2016-06-01,000001.XSHE,0.0131947481165332
2016-06-01,000089.XSHE,0.0017724908927152
2016-06-01,000538.XSHE,0.0066887737162746
2016-06-01,000858.XSHE,0.0117271404945146
2016-06-01,000895.XSHE,0.0040086334370253
2016-06-01,002142.XSHE,0.0052373417997111
2016-06-01,002252.XSHE,0.0078860319329542
2016-06-01,002304.XSHE,0.0089217245072052
2016-06-01,002415.XSHE,0.0103113637787148
2016-06-01,002594.XSHE,0.004662637285446
2016-06-01,300015.XSHE,0.0027037967275192
2016-06-01,600000.XSHG,0.0350375772062977
2016-06-01,600009.XSHG,0.0031220959902439
2016-06-01,600015.XSHG,0.0112327802894218
2016-06-01,600016.XSHG,0.0274032156095651
2016-06-01,600019.XSHG,0.008921004450045
2016-06-01,600028.XSHG,0.0476600884982089
2016-06-01,600036.XSHG,0.0379813198028083
2016-06-01,600066.XSHG,0.0038309177116106
2016-06-01,600104.XSHG,0.0230095928683128
2016-06-01,600177.XSHG,0.003483363696997
2016-06-01,600276.XSHG,0.009204684469254
2016-06-01,600518.XSHG,0.0069066865965893
2016-06-01,600519.XSHG,0.0342182708105556
2016-06-01,600521.XSHG,0.0025760787560869
2016-06-01,600600.XSHG,0.0021184807223485
2016-06-01,600660.XSHG,0.0030404441007877
2016-06-01,600741.XSHG,0.0039291853039918
2016-06-01,600837.XSHG,0.0130355456695503
2016-06-01,600867.XSHG,0.0029212797878941
2016-06-01,600887.XSHG,0.0095633484878784
2016-06-01,600900.XSHG,0.0125295321108603
2016-06-01,601009.XSHG,0.0054479053776998
2016-06-01,601088.XSHG,0.0236362818511635
2016-06-01,601166.XSHG,0.0317536374728203
2016-06-01,601169.XSHG,0.013923113657347
2016-06-01,601238.XSHG,0.0104365092472264
2016-06-01,601288.XSHG,0.095952829911771
2016-06-01,601318.XSHG,0.0360704142873543
2016-06-01,601328.XSHG,0.022292235036799
2016-06-01,601398.XSHG,0.120828947537586
2016-06-01,601601.XSHG,0.0175537992118581
2016-06-01,601607.XSHG,0.0036158987143075
2016-06-01,601668.XSHG,0.0167965436003436
2016-06-01,601818.XSHG,0.0152103611598321
2016-06-01,601857.XSHG,0.1223936402801478
2016-06-01,601899.XSHG,0.0049937265180522
2016-06-01,601933.XSHG,0.0027372669728232
2016-06-01,601939.XSHG,0.004824528525197
2016-06-01,601988.XSHG,0.0726921850097477
2016-07-01,000001.XSHE,0.0132799019073982
2016-07-01,000333.XSHE,0.0084935453861112
2016-07-01,000423.XSHE,0.0035445191136502
2016-07-01,000538.XSHE,0.0069040738559786
2016-07-01,000858.XSHE,0.0128037835759801
2016-07-01,000895.XSHE,0.0040056241174232
2016-07-01,000963.XSHE,0.0030233160225442
2016-07-01,002008.XSHE,0.0024219110429541
2016-07-01,002142.XSHE,0.0053390025496273
2016-07-01,002415.XSHE,0.010951682205831
2016-07-01,002594.XSHE,0.0050952786364975
2016-07-01,600000.XSHG,0.0340402516390697
2016-07-01,600009.XSHG,0.0029615088854785
2016-07-01,600015.XSHG,0.0110349097445977
2016-07-01,600016.XSHG,0.0274999747220517
2016-07-01,600028.XSHG,0.0468016555822926
2016-07-01,600036.XSHG,0.0378989052950161
2016-07-01,600048.XSHG,0.0096063374670584
2016-07-01,600066.XSHG,0.0039532467952337
2016-07-01,600104.XSHG,0.0234154465833823
2016-07-01,600177.XSHG,0.0031880752658905
2016-07-01,600196.XSHG,0.0037654781595481
2016-07-01,600208.XSHG,0.0033821138547078
2016-07-01,600276.XSHG,0.0098252728755086
2016-07-01,600518.XSHG,0.0069607166294034
2016-07-01,600519.XSHG,0.0374610097403902
2016-07-01,600521.XSHG,0.0025668362554709
2016-07-01,600600.XSHG,0.0020965285145329
2016-07-01,600660.XSHG,0.0029096322847
2016-07-01,600741.XSHG,0.0037901645350085
2016-07-01,600837.XSHG,0.0129945995484898
2016-07-01,600867.XSHG,0.0029319717858077
2016-07-01,600887.XSHG,0.010644228883569
2016-07-01,600900.XSHG,0.0127457346412054
2016-07-01,601009.XSHG,0.0056640594516744
2016-07-01,601088.XSHG,0.0244024641257679
2016-07-01,601166.XSHG,0.0304757201045243
2016-07-01,601169.XSHG,0.0138128110061352
2016-07-01,601288.XSHG,0.0986693396138029
2016-07-01,601318.XSHG,0.036326092109077
2016-07-01,601328.XSHG,0.0231506398985424
2016-07-01,601398.XSHG,0.12558692617202
2016-07-01,601601.XSHG,0.017707862027315
2016-07-01,601607.XSHG,0.0036028953108505
2016-07-01,601668.XSHG,0.016514009731021
2016-07-01,601818.XSHG,0.0158058706127776
2016-07-01,601857.XSHG,0.1218261762047532
2016-07-01,601933.XSHG,0.0026374802606261
2016-07-01,601939.XSHG,0.0047587020595509
2016-07-01,601988.XSHG,0.0707217132091502
2016-08-01,000001.XSHE,0.0148297209230689
2016-08-01,000069.XSHE,0.0045266315167308
2016-08-01,000338.XSHE,0.0020354514348155
2016-08-01,002142.XSHE,0.0058070456227966
2016-08-01,600000.XSHG,0.0354091152469599
2016-08-01,600009.XSHG,0.0033118062390659
2016-08-01,600015.XSHG,0.0116708750859956
2016-08-01,600016.XSHG,0.0297591173999197
2016-08-01,600018.XSHG,0.0132717185416396
2016-08-01,600023.XSHG,0.0016968028741275
2016-08-01,600028.XSHG,0.0500971345219619
2016-08-01,600036.XSHG,0.0387084519138882
2016-08-01,600050.XSHG,0.0097003139574977
2016-08-01,600066.XSHG,0.0047588357053939
2016-08-01,600089.XSHG,0.003047691723454
2016-08-01,600177.XSHG,0.0035797931533692
2016-08-01,600196.XSHG,0.0043319411040368
2016-08-01,600276.XSHG,0.0110478292220372
2016-08-01,600406.XSHG,0.0035462589457948
2016-08-01,600535.XSHG,0.0044863731546044
2016-08-01,600583.XSHG,0.003179683018953
2016-08-01,600600.XSHG,0.0022217223654989
2016-08-01,600660.XSHG,0.0035024742818901
2016-08-01,600674.XSHG,0.0044137955862749
2016-08-01,600717.XSHG,0.0018730981656683
2016-08-01,600741.XSHG,0.0045255155623069
2016-08-01,600795.XSHG,0.0063957760583302
2016-08-01,600837.XSHG,0.0134165336191155
2016-08-01,600867.XSHG,0.0033222043609223
2016-08-01,600886.XSHG,0.0053142274998768
2016-08-01,600900.XSHG,0.0142531223640293
2016-08-01,601006.XSHG,0.009986148120311
2016-08-01,601009.XSHG,0.0064842779849335
2016-08-01,601088.XSHG,0.0269274247666193
2016-08-01,601166.XSHG,0.0324830491619603
2016-08-01,601169.XSHG,0.0139680543703381
2016-08-01,601288.XSHG,0.1002049633989965
2016-08-01,601318.XSHG,0.0381921806599972
2016-08-01,601328.XSHG,0.0242216266815475
2016-08-01,601336.XSHG,0.00903121935524
2016-08-01,601398.XSHG,0.127506725869317
2016-08-01,601601.XSHG,0.0183332573593661
2016-08-01,601668.XSHG,0.0188399076230219
2016-08-01,601818.XSHG,0.0167837515240099
2016-08-01,601857.XSHG,0.1276876525976406
2016-08-01,601888.XSHG,0.0047938842865636
2016-08-01,601933.XSHG,0.0030864420238592
2016-08-01,601939.XSHG,0.0053334427070353
2016-08-01,601988.XSHG,0.0771169772148477
2016-08-01,601998.XSHG,0.0209779531243689
2016-09-01,000001.XSHE,0.0149061632983437
2016-09-01,000166.XSHE,0.0049583934866755
2016-09-01,000598.XSHE,0.0018833548895911
2016-09-01,000623.XSHE,0.0022775080927884
2016-09-01,000671.XSHE,0.0022269097230722
2016-09-01,000725.XSHE,0.0062171744417824
2016-09-01,000776.XSHE,0.0106316194619029
2016-09-01,002252.XSHE,0.0091853530310254
2016-09-01,002294.XSHE,0.0014232313913106
2016-09-01,600000.XSHG,0.0363007529767696
2016-09-01,600004.XSHG,0.0017121673865586
2016-09-01,600015.XSHG,0.012061440162525
2016-09-01,600016.XSHG,0.0295655638548741
2016-09-01,600023.XSHG,0.0017135182884054
2016-09-01,600027.XSHG,0.0032980139202734
2016-09-01,600028.XSHG,0.0512008417728075
2016-09-01,600036.XSHG,0.0414105867400124
2016-09-01,600089.XSHG,0.0030700376344569
2016-09-01,600098.XSHG,0.0023718400668026
2016-09-01,600138.XSHG,0.0015909451701469
2016-09-01,600196.XSHG,0.0048823834706857
2016-09-01,600276.XSHG,0.0110035251093317
2016-09-01,600406.XSHG,0.0036644967196566
2016-09-01,600535.XSHG,0.0044383971524492
2016-09-01,600642.XSHG,0.0029248720344104
2016-09-01,600674.XSHG,0.004323515057964
2016-09-01,600795.XSHG,0.0064190192411565
2016-09-01,600811.XSHG,0.0012884238309483
2016-09-01,600837.XSHG,0.0137054658195301
2016-09-01,600867.XSHG,0.0033056078211455
2016-09-01,600900.XSHG,0.0143735683370083
2016-09-01,601006.XSHG,0.0100814406390746
2016-09-01,601009.XSHG,0.0067422243957477
2016-09-01,601088.XSHG,0.026525984760231
2016-09-01,601117.XSHG,0.0030154273929073
2016-09-01,601166.XSHG,0.0329463505057085
2016-09-01,601169.XSHG,0.0147383435918516
2016-09-01,601288.XSHG,0.1008116734141032
2016-09-01,601318.XSHG,0.0401392752100219
2016-09-01,601328.XSHG,0.0244586093714496
2016-09-01,601333.XSHG,0.002547131383273
2016-09-01,601398.XSHG,0.1313810403756123
2016-09-01,601601.XSHG,0.0189637904605993
2016-09-01,601668.XSHG,0.0204689048688628
2016-09-01,601818.XSHG,0.0168672138524727
2016-09-01,601857.XSHG,0.1307502678604564
2016-09-01,601888.XSHG,0.004864522871238
2016-09-01,601939.XSHG,0.0054816939616646
2016-09-01,601988.XSHG,0.0790739618886991
2016-09-01,601998.XSHG,0.0218074528116132
2016-10-10,000001.XSHE,0.0143589843529039
2016-10-10,000028.XSHE,0.001806025850621
2016-10-10,000063.XSHE,0.0055039633000025
2016-10-10,000157.XSHE,0.0030947294318801
2016-10-10,000166.XSHE,0.004973646967679
2016-10-10,000338.XSHE,0.0021634333087688
2016-10-10,000623.XSHE,0.0022489762472641
2016-10-10,000685.XSHE,0.0011817572284817
2016-10-10,000725.XSHE,0.0062573722963578
2016-10-10,000776.XSHE,0.0106437752133759
2016-10-10,000895.XSHE,0.0046415454306066
2016-10-10,000963.XSHE,0.0032775607701128
2016-10-10,002252.XSHE,0.0088345457316309
2016-10-10,002422.XSHE,0.0016470560797961
2016-10-10,600000.XSHG,0.0365426357043207
2016-10-10,600009.XSHG,0.0031970436862162
2016-10-10,600015.XSHG,0.0116711417826897
2016-10-10,600016.XSHG,0.0296698022202686
2016-10-10,600023.XSHG,0.0017039145010184
2016-10-10,600028.XSHG,0.0509003453645715
2016-10-10,600030.XSHG,0.0173313915851128
2016-10-10,600036.XSHG,0.0406235258784485
2016-10-10,600039.XSHG,0.0014362838804644
2016-10-10,600089.XSHG,0.0030195908724602
2016-10-10,600196.XSHG,0.0048774437801123
2016-10-10,600201.XSHG,0.001921195531721
2016-10-10,600276.XSHG,0.0113966502462811
2016-10-10,600406.XSHG,0.0039093100447208
2016-10-10,600521.XSHG,0.0029661633993251
2016-10-10,600572.XSHG,0.0015544499383896
2016-10-10,600600.XSHG,0.0024083571617458
2016-10-10,600795.XSHG,0.0063436924769435
2016-10-10,600837.XSHG,0.0139848552169002
2016-10-10,600867.XSHG,0.0033647840633038
2016-10-10,600900.XSHG,0.0140008558494332
2016-10-10,601006.XSHG,0.0103827277520392
2016-10-10,601088.XSHG,0.0273463991905245
2016-10-10,601166.XSHG,0.0328648224688175
2016-10-10,601169.XSHG,0.0149237732328213
2016-10-10,601288.XSHG,0.0996756497664885
2016-10-10,601318.XSHG,0.0403330356884406
2016-10-10,601328.XSHG,0.0236530291675136
2016-10-10,601398.XSHG,0.1293969197742364
2016-10-10,601601.XSHG,0.0199637197712209
2016-10-10,601628.XSHG,0.0487150790762399
2016-10-10,601857.XSHG,0.1270232193795516
2016-10-10,601888.XSHG,0.0047441570727316
2016-10-10,601901.XSHG,0.0050289655255865
2016-10-10,601939.XSHG,0.0053786273650614
2016-10-10,601988.XSHG,0.0771130693747954
2016-11-01,000001.XSHE,0.0131801208909754
2016-11-01,000063.XSHE,0.0051178714006894
2016-11-01,000166.XSHE,0.0045978970981962
2016-11-01,000333.XSHE,0.0167309261294291
2016-11-01,000425.XSHE,0.0022608218107837
2016-11-01,000623.XSHE,0.0021480975649409
2016-11-01,000625.XSHE,0.0052484201252217
2016-11-01,000725.XSHE,0.0058731707058707
2016-11-01,000776.XSHE,0.0102736061895629
2016-11-01,000963.XSHE,0.0031862750165602
2016-11-01,002422.XSHE,0.001572737478187
2016-11-01,300003.XSHE,0.0025017260866788
2016-11-01,600000.XSHG,0.0329635357316487
2016-11-01,600015.XSHG,0.0109949210554252
2016-11-01,600016.XSHG,0.0268248283615388
2016-11-01,600023.XSHG,0.001584158088544
2016-11-01,600028.XSHG,0.0470901255713194
2016-11-01,600030.XSHG,0.0162606117815849
2016-11-01,600031.XSHG,0.0044157090195429
2016-11-01,600036.XSHG,0.0365561563882367
2016-11-01,600089.XSHG,0.0028097684300057
2016-11-01,600157.XSHG,0.0019204680537623
2016-11-01,600166.XSHG,0.0018538616647784
2016-11-01,600276.XSHG,0.0108283761176245
2016-11-01,600518.XSHG,0.0073895339601308
2016-11-01,600519.XSHG,0.039207802150779
2016-11-01,600572.XSHG,0.001533224454268
2016-11-01,600741.XSHG,0.004208474966824
2016-11-01,600795.XSHG,0.0058682392159138
2016-11-01,600837.XSHG,0.0130638337544677
2016-11-01,600867.XSHG,0.0031737006386914
2016-11-01,600900.XSHG,0.0129193277775698
2016-11-01,601006.XSHG,0.0099050752577331
2016-11-01,601088.XSHG,0.0277931604665289
2016-11-01,601166.XSHG,0.030908071853504
2016-11-01,601169.XSHG,0.0139982902188037
2016-11-01,601288.XSHG,0.0918717730348677
2016-11-01,601318.XSHG,0.0374318280931502
2016-11-01,601328.XSHG,0.0218957328484427
2016-11-01,601377.XSHG,0.0052801082582804
2016-11-01,601398.XSHG,0.1179821656664144
2016-11-01,601601.XSHG,0.0182040643107578
2016-11-01,601628.XSHG,0.0449050830380007
2016-11-01,601766.XSHG,0.0211643194548873
2016-11-01,601857.XSHG,0.116977914933362
2016-11-01,601888.XSHG,0.0043451359942473
2016-11-01,601901.XSHG,0.0046989774879676
2016-11-01,601939.XSHG,0.0050018852005599
2016-11-01,601985.XSHG,0.0028508349902501
2016-11-01,601988.XSHG,0.0706272512124876
2016-12-01,000001.XSHE,0.0148796531535447
2016-12-01,000027.XSHE,0.0030826610256981
2016-12-01,000061.XSHE,0.0024083538148525
2016-12-01,000069.XSHE,0.00509736336187
2016-12-01,000625.XSHE,0.0066654235339039
2016-12-01,000778.XSHE,0.0020762503618894
2016-12-01,002024.XSHE,0.0062193171658913
2016-12-01,600000.XSHG,0.0372785220216971
2016-12-01,600010.XSHG,0.0051196604714217
2016-12-01,600015.XSHG,0.0132442038113616
2016-12-01,600016.XSHG,0.0295214300386993
2016-12-01,600017.XSHG,0.0013879993750798
2016-12-01,600018.XSHG,0.0129930540124456
2016-12-01,600022.XSHG,0.0023255810313932
2016-12-01,600023.XSHG,0.00180717715791
2016-12-01,600027.XSHG,0.0038092782005848
2016-12-01,600028.XSHG,0.053348085219866
2016-12-01,600030.XSHG,0.018538256540527
2016-12-01,600036.XSHG,0.0404069552986716
2016-12-01,600089.XSHG,0.0033353107243058
2016-12-01,600221.XSHG,0.0042294579229643
2016-12-01,600276.XSHG,0.0116339295595106
2016-12-01,600369.XSHG,0.0038726911538226
2016-12-01,600518.XSHG,0.0080824033875471
2016-12-01,600519.XSHG,0.0427201067233271
2016-12-01,600583.XSHG,0.0035315789782518
2016-12-01,600674.XSHG,0.0043276694709017
2016-12-01,600741.XSHG,0.0047232514099662
2016-12-01,600795.XSHG,0.0068695374830125
2016-12-01,600837.XSHG,0.0144017214310846
2016-12-01,600875.XSHG,0.0022190858046888
2016-12-01,600958.XSHG,0.0056464707088287
2016-12-01,601006.XSHG,0.0114811922409511
2016-12-01,601166.XSHG,0.0341096421972911
2016-12-01,601169.XSHG,0.0164959165334811
2016-12-01,601211.XSHG,0.0101855604398351
2016-12-01,601258.XSHG,0.0019976426659258
2016-12-01,601288.XSHG,0.1003060397846281
2016-12-01,601318.XSHG,0.0417943373834351
2016-12-01,601328.XSHG,0.0243662697187103
2016-12-01,601398.XSHG,0.1290982054421571
2016-12-01,601558.XSHG,0.0016855193219458
2016-12-01,601607.XSHG,0.0041454457112562
2016-12-01,601788.XSHG,0.0074908434074183
2016-12-01,601818.XSHG,0.0173332552057131
2016-12-01,601857.XSHG,0.133109790373845
2016-12-01,601928.XSHG,0.0030302554642506
2016-12-01,601939.XSHG,0.0056811758544974
2016-12-01,601985.XSHG,0.0032933664531012
2016-12-01,601988.XSHG,0.0785931014460359
2017-01-03,000001.XSHE,0.0147910695219215
2017-01-03,000027.XSHE,0.0030277383105786
2017-01-03,000513.XSHE,0.0015558612894417
2017-01-03,000540.XSHE,0.0030536810267365
2017-01-03,000826.XSHE,0.003078475505299
2017-01-03,000963.XSHE,0.0034735407822198
2017-01-03,002244.XSHE,0.0017657420003262
2017-01-03,002252.XSHE,0.0094021510294861
2017-01-03,002294.XSHE,0.0016080821865066
2017-01-03,600000.XSHG,0.0369117550798232
2017-01-03,600009.XSHG,0.0032161134955246
2017-01-03,600011.XSHG,0.0082044088939189
2017-01-03,600016.XSHG,0.0297116387007955
2017-01-03,600018.XSHG,0.0129082725756006
2017-01-03,600022.XSHG,0.0023048170692285
2017-01-03,600023.XSHG,0.0082555948402283
2017-01-03,600027.XSHG,0.0037363701799513
2017-01-03,600028.XSHG,0.058108859252474
2017-01-03,600036.XSHG,0.0408891495933886
2017-01-03,600089.XSHG,0.0032522457994804
2017-01-03,600196.XSHG,0.0049835206244501
2017-01-03,600221.XSHG,0.0042758689093428
2017-01-03,600269.XSHG,0.0013119132020374
2017-01-03,600276.XSHG,0.0118952024534478
2017-01-03,600401.XSHG,0.0012202152542185
2017-01-03,600518.XSHG,0.0087162545538737
2017-01-03,600519.XSHG,0.0463827809576407
2017-01-03,600642.XSHG,0.0029690542287254
2017-01-03,600811.XSHG,0.0013263095502805
2017-01-03,600820.XSHG,0.0038550907853927
2017-01-03,600837.XSHG,0.0140659222513887
2017-01-03,600867.XSHG,0.0032980521797718
2017-01-03,600900.XSHG,0.0135632455977802
2017-01-03,600959.XSHG,0.001738099928594
2017-01-03,601006.XSHG,0.0118297959908336
2017-01-03,601018.XSHG,0.0071621377398407
2017-01-03,601166.XSHG,0.0341475078844483
2017-01-03,601169.XSHG,0.0165812004056922
2017-01-03,601258.XSHG,0.0020096187124633
2017-01-03,601288.XSHG,0.1012531018302259
2017-01-03,601318.XSHG,0.0426564666051486
2017-01-03,601328.XSHG,0.0251680804513026
2017-01-03,601398.XSHG,0.1318159690166044
2017-01-03,601607.XSHG,0.0042147186841518
2017-01-03,601818.XSHG,0.0173547329414993
2017-01-03,601857.XSHG,0.142425951505487
2017-01-03,601888.XSHG,0.0046770297552619
2017-01-03,601939.XSHG,0.0058127453720818
2017-01-03,601985.XSHG,0.0033189351914951
2017-01-03,601988.XSHG,0.0807149103035867
2017-02-03,000001.XSHE,0.0177674508780445
2017-02-03,000826.XSHE,0.0032567491739269
2017-02-03,000876.XSHE,0.0031441481232206
2017-02-03,000963.XSHE,0.0037905817213193
2017-02-03,002244.XSHE,0.0019004566653619
2017-02-03,002252.XSHE,0.00927184538719
2017-02-03,002415.XSHE,0.0143848667656584
2017-02-03,002508.XSHE,0.0031339377768399
2017-02-03,600000.XSHG,0.0386999124135604
2017-02-03,600009.XSHG,0.0034265390046698
2017-02-03,600011.XSHG,0.0086217067484138
2017-02-03,600016.XSHG,0.0307339376446817
2017-02-03,600018.XSHG,0.0137037734856665
2017-02-03,600022.XSHG,0.0024524442033204
2017-02-03,600023.XSHG,0.0088076983335138
2017-02-03,600027.XSHG,0.00383964028066
2017-02-03,600030.XSHG,0.0182217211281214
2017-02-03,600036.XSHG,0.0437505980753542
2017-02-03,600089.XSHG,0.0034255977710614
2017-02-03,600196.XSHG,0.005445067077988
2017-02-03,600221.XSHG,0.0044476362754331
2017-02-03,600269.XSHG,0.0013667140640783
2017-02-03,600276.XSHG,0.0129941725232378
2017-02-03,600332.XSHG,0.0029788456379278
2017-02-03,600352.XSHG,0.0033385063704211
2017-02-03,600436.XSHG,0.0030927835771512
2017-02-03,600518.XSHG,0.0089521771468821
2017-02-03,600600.XSHG,0.0025469456739744
2017-02-03,600642.XSHG,0.0031285558686384
2017-02-03,600690.XSHG,0.0063214371912142
2017-02-03,600820.XSHG,0.0039866030653567
2017-02-03,600837.XSHG,0.0147483750430983
2017-02-03,600886.XSHG,0.0052334688548588
2017-02-03,600900.XSHG,0.0142697190757695
2017-02-03,601018.XSHG,0.0075197795875668
2017-02-03,601166.XSHG,0.0361501057279335
2017-02-03,601169.XSHG,0.017280940984986
2017-02-03,601211.XSHG,0.0102710765624809
2017-02-03,601288.XSHG,0.1060526449312117
2017-02-03,601318.XSHG,0.0437617408090775
2017-02-03,601328.XSHG,0.0265759583239187
2017-02-03,601398.XSHG,0.1394343526876749
2017-02-03,601607.XSHG,0.004745575433048
2017-02-03,601633.XSHG,0.007800182157363
2017-02-03,601818.XSHG,0.0181956061303548
2017-02-03,601857.XSHG,0.1575646313804547
2017-02-03,601888.XSHG,0.0050222003592754
2017-02-03,601939.XSHG,0.0061910150930734
2017-02-03,601985.XSHG,0.0033914797392185
2017-02-03,601988.XSHG,0.0848580970657452
2017-03-01,000001.XSHE,0.0225718730650991
2017-03-01,000826.XSHE,0.0041347721283566
2017-03-01,000883.XSHE,0.00363003754441
2017-03-01,000963.XSHE,0.0048026077939173
2017-03-01,002244.XSHE,0.0023267923428275
2017-03-01,600000.XSHG,0.0477711081205719
2017-03-01,600004.XSHG,0.0024285371419586
2017-03-01,600009.XSHG,0.0042260709580214
2017-03-01,600011.XSHG,0.0113814163038077
2017-03-01,600023.XSHG,0.0111284981529724
2017-03-01,600027.XSHG,0.0049599875610633
2017-03-01,600036.XSHG,0.0560900862230498
2017-03-01,600060.XSHG,0.0034786573716136
2017-03-01,600104.XSHG,0.0399920121771721
2017-03-01,600196.XSHG,0.0069725500711594
2017-03-01,600221.XSHG,0.0056794271895507
2017-03-01,600269.XSHG,0.0018156843218051
2017-03-01,600276.XSHG,0.0164207834984035
2017-03-01,600332.XSHG,0.0040299614550244
2017-03-01,600352.XSHG,0.0041857879916904
2017-03-01,600436.XSHG,0.0040586377273806
2017-03-01,600518.XSHG,0.010887065121413
2017-03-01,600600.XSHG,0.0032560516390353
2017-03-01,600635.XSHG,0.0022273701596056
2017-03-01,600642.XSHG,0.0040254013360394
2017-03-01,600648.XSHG,0.0027414589574605
2017-03-01,600674.XSHG,0.0054772151427912
2017-03-01,600690.XSHG,0.0083456992287328
2017-03-01,600741.XSHG,0.0068389244016749
2017-03-01,600795.XSHG,0.0091719581245325
2017-03-01,600820.XSHG,0.0051717116741233
2017-03-01,600835.XSHG,0.0023550265936193
2017-03-01,600863.XSHG,0.0026699794833492
2017-03-01,600886.XSHG,0.0067260036464267
2017-03-01,600900.XSHG,0.017812291079409
2017-03-01,601018.XSHG,0.0096095678734835
2017-03-01,601166.XSHG,0.0446247584237916
2017-03-01,601169.XSHG,0.0213789767856185
2017-03-01,601211.XSHG,0.0128462928821032
2017-03-01,601258.XSHG,0.0026055611563208
2017-03-01,601288.XSHG,0.1347718638137376
2017-03-01,601318.XSHG,0.0550701610307353
2017-03-01,601328.XSHG,0.0347650135121191
2017-03-01,601398.XSHG,0.177393640063955
2017-03-01,601607.XSHG,0.0058637681773414
2017-03-01,601818.XSHG,0.0235630132349253
2017-03-01,601888.XSHG,0.0067073439609611
2017-03-01,601939.XSHG,0.0079442360734737
2017-03-01,601985.XSHG,0.0043171156596608
2017-03-01,601988.XSHG,0.1087472416237024
2017-04-05,000001.XSHE,0.0193173884864777
2017-04-05,000069.XSHE,0.0056412406208158
2017-04-05,000826.XSHE,0.0037806089768634
2017-04-05,000876.XSHE,0.0034841257567191
2017-04-05,000895.XSHE,0.0093007058778172
2017-04-05,000999.XSHE,0.0033162930461105
2017-04-05,002007.XSHE,0.0036112095852513
2017-04-05,600000.XSHG,0.0433114298174461
2017-04-05,600009.XSHG,0.004104925812613
2017-04-05,600010.XSHG,0.0060305799946571
2017-04-05,600015.XSHG,0.0150890374457343
2017-04-05,600023.XSHG,0.0096954688387346
2017-04-05,600027.XSHG,0.0042729553300143
2017-04-05,600030.XSHG,0.0198214968402383
2017-04-05,600036.XSHG,0.0487716813525599
2017-04-05,600066.XSHG,0.0051185725378811
2017-04-05,600104.XSHG,0.0346922577646685
2017-04-05,600109.XSHG,0.0052567996923577
2017-04-05,600170.XSHG,0.0042639857902342
2017-04-05,600177.XSHG,0.0038839945512226
2017-04-05,600196.XSHG,0.0066243426739819
2017-04-05,600221.XSHG,0.0050668952471676
2017-04-05,600269.XSHG,0.0015953435024086
2017-04-05,600276.XSHG,0.01583142639698
2017-04-05,600312.XSHG,0.0024312139965939
2017-04-05,600315.XSHG,0.0024840253355426
2017-04-05,600436.XSHG,0.0038946938100287
2017-04-05,600518.XSHG,0.0101784859027522
2017-04-05,600519.XSHG,0.0606853531189161
2017-04-05,600674.XSHG,0.0049500685505384
2017-04-05,600688.XSHG,0.005886723068715
2017-04-05,600795.XSHG,0.0080637929873708
2017-04-05,600835.XSHG,0.0021767329177849
2017-04-05,600863.XSHG,0.0024192839579819
2017-04-05,600886.XSHG,0.0063350544842941
2017-04-05,600887.XSHG,0.0141670655238626
2017-04-05,600900.XSHG,0.0160820676065927
2017-04-05,601006.XSHG,0.0141368497780298
2017-04-05,601166.XSHG,0.0385958251255271
2017-04-05,601169.XSHG,0.0186830582124673
2017-04-05,601179.XSHG,0.0041751687412296
2017-04-05,601211.XSHG,0.0109376809130898
2017-04-05,601288.XSHG,0.1221276043816695
2017-04-05,601318.XSHG,0.0497496963707251
2017-04-05,601328.XSHG,0.0303650387398045
2017-04-05,601398.XSHG,0.1621143008709441
2017-04-05,601818.XSHG,0.0202851372269795
2017-04-05,601939.XSHG,0.0071482332501207
2017-04-05,601985.XSHG,0.003885640955435
2017-04-05,601988.XSHG,0.0961584382340469
2017-05-02,000001.XSHE,0.0160610732705896
2017-05-02,000876.XSHE,0.002962272944768
2017-05-02,000999.XSHE,0.0029350878394317
2017-05-02,002007.XSHE,0.0030991211471641
2017-05-02,002294.XSHE,0.0015566237759518
2017-05-02,002570.XSHE,0.0014579162458772
2017-05-02,300003.XSHE,0.0027850958985726
2017-05-02,300498.XSHE,0.0100977386241949
2017-05-02,600000.XSHG,0.0348023545310799
2017-05-02,600015.XSHG,0.0117556278358918
2017-05-02,600023.XSHG,0.0078424012823826
2017-05-02,600027.XSHG,0.0035951204621758
2017-05-02,600028.XSHG,0.0581445377909611
2017-05-02,600030.XSHG,0.0167903273970878
2017-05-02,600036.XSHG,0.0416435181240475
2017-05-02,600085.XSHG,0.004513321395885
2017-05-02,600104.XSHG,0.0318813607133989
2017-05-02,600170.XSHG,0.0034469304841077
2017-05-02,600177.XSHG,0.0037597149178815
2017-05-02,600221.XSHG,0.0041643974469859
2017-05-02,600276.XSHG,0.0132243108515238
2017-05-02,600315.XSHG,0.0020771178596564
2017-05-02,600352.XSHG,0.0030869077450448
2017-05-02,600518.XSHG,0.0090124824366607
2017-05-02,600535.XSHG,0.0045593452429976
2017-05-02,600637.XSHG,0.004958427838532
2017-05-02,600642.XSHG,0.0029341539021464
2017-05-02,600674.XSHG,0.0043801781864899
2017-05-02,600682.XSHG,0.0027008014118002
2017-05-02,600688.XSHG,0.0050499781430072
2017-05-02,600705.XSHG,0.0049673990275833
2017-05-02,600795.XSHG,0.0069487049379231
2017-05-02,600837.XSHG,0.0125631509110541
2017-05-02,600887.XSHG,0.0118015164103568
2017-05-02,600900.XSHG,0.0144890571215849
2017-05-02,601006.XSHG,0.0125034747559252
2017-05-02,601166.XSHG,0.0312785079596469
2017-05-02,601211.XSHG,0.0090296946465976
2017-05-02,601288.XSHG,0.1039828042673772
2017-05-02,601318.XSHG,0.043543022331568
2017-05-02,601328.XSHG,0.0248001596439257
2017-05-02,601336.XSHG,0.0099411232190142
2017-05-02,601398.XSHG,0.137998666014489
2017-05-02,601601.XSHG,0.0182986926023767
2017-05-02,601607.XSHG,0.0049109778868645
2017-05-02,601818.XSHG,0.0162759039604264
2017-05-02,601857.XSHG,0.1322271683350055
2017-05-02,601939.XSHG,0.0060208801877685
2017-05-02,601985.XSHG,0.0034629570009246
2017-05-02,601988.XSHG,0.0796778930332913
2017-06-01,000001.XSHE,0.0166997211091441
2017-06-01,000876.XSHE,0.0029368697317312
2017-06-01,002007.XSHE,0.003063078811128
2017-06-01,002294.XSHE,0.0036042726740357
2017-06-01,300015.XSHE,0.0028186634739505
2017-06-01,600015.XSHG,0.0124185244386074
2017-06-01,600023.XSHG,0.0084583267313251
2017-06-01,600028.XSHG,0.0649702702098035
2017-06-01,600029.XSHG,0.0066378685595052
2017-06-01,600030.XSHG,0.0172571457070244
2017-06-01,600048.XSHG,0.0112794641865172
2017-06-01,600061.XSHG,0.0032333304966191
2017-06-01,600066.XSHG,0.0042240062365912
2017-06-01,600085.XSHG,0.0047993500491148
2017-06-01,600104.XSHG,0.0361435161199298
2017-06-01,600115.XSHG,0.0062764673705177
2017-06-01,600177.XSHG,0.0038798075568183
2017-06-01,600221.XSHG,0.0041233871320365
2017-06-01,600276.XSHG,0.0153329531318772
2017-06-01,600352.XSHG,0.0030303139743626
2017-06-01,600518.XSHG,0.0101928404260478
2017-06-01,600535.XSHG,0.0044308513227049
2017-06-01,600642.XSHG,0.0029580549382365
2017-06-01,600663.XSHG,0.0063121680571456
2017-06-01,600674.XSHG,0.0045581213535446
2017-06-01,600688.XSHG,0.0052884094037803
2017-06-01,600705.XSHG,0.0049262203104589
2017-06-01,600795.XSHG,0.007366169814745
2017-06-01,600837.XSHG,0.0131332536091553
2017-06-01,600887.XSHG,0.0125979857213491
2017-06-01,600900.XSHG,0.0157335864912402
2017-06-01,600959.XSHG,0.0016406017715121
2017-06-01,600999.XSHG,0.0090330190406217
2017-06-01,601006.XSHG,0.0134294491227562
2017-06-01,601098.XSHG,0.0033411746064088
2017-06-01,601166.XSHG,0.0339295209038428
2017-06-01,601211.XSHG,0.0098922681061705
2017-06-01,601288.XSHG,0.1130724965388355
2017-06-01,601328.XSHG,0.0263496099324598
2017-06-01,601398.XSHG,0.1537726269041895
2017-06-01,601601.XSHG,0.0207910956937221
2017-06-01,601688.XSHG,0.0103376837134002
2017-06-01,601766.XSHG,0.0252805361151499
2017-06-01,601788.XSHG,0.0064033821211079
2017-06-01,601818.XSHG,0.0171468924583712
2017-06-01,601857.XSHG,0.1365276694804833
2017-06-01,601899.XSHG,0.0055507840281457
2017-06-01,601939.XSHG,0.0066052186139086
2017-06-01,601985.XSHG,0.0035435942316379
2017-06-01,601988.XSHG,0.0846673774682262
2017-07-03,000001.XSHE,0.0184729252422298
2017-07-03,000540.XSHE,0.0031675902361346
2017-07-03,000876.XSHE,0.0033367474382647
2017-07-03,000883.XSHE,0.0031110582612434
2017-07-03,002007.XSHE,0.0033835432321876
2017-07-03,002422.XSHE,0.0019065865356487
2017-07-03,600010.XSHG,0.0057345017907207
2017-07-03,600015.XSHG,0.0136586390844483
2017-07-03,600018.XSHG,0.0167846796974352
2017-07-03,600020.XSHG,0.0013418288231119
2017-07-03,600023.XSHG,0.0085944661475369
2017-07-03,600028.XSHG,0.0659343182601751
2017-07-03,600030.XSHG,0.0192787115892729
2017-07-03,600048.XSHG,0.0138784050773383
2017-07-03,600061.XSHG,0.0035377779273838
2017-07-03,600115.XSHG,0.0077476490379659
2017-07-03,600177.XSHG,0.0042184760772431
2017-07-03,600219.XSHG,0.002815830335588
2017-07-03,600221.XSHG,0.0044318737966927
2017-07-03,600352.XSHG,0.003426477256898
2017-07-03,600518.XSHG,0.011150943945039
2017-07-03,600535.XSHG,0.0049597593551833
2017-07-03,600642.XSHG,0.0033312369311341
2017-07-03,600663.XSHG,0.0067156699957813
2017-07-03,600674.XSHG,0.0049908300266198
2017-07-03,600688.XSHG,0.0056174248851444
2017-07-03,600739.XSHG,0.0028756542106035
2017-07-03,600867.XSHG,0.0035536458891467
2017-07-03,600886.XSHG,0.0062273246134751
2017-07-03,600900.XSHG,0.0205024888596445
2017-07-03,600998.XSHG,0.0041045179203908
2017-07-03,600999.XSHG,0.0097689309034278
2017-07-03,601006.XSHG,0.0144889954284078
2017-07-03,601018.XSHG,0.0084007387998048
2017-07-03,601098.XSHG,0.0038741577467398
2017-07-03,601166.XSHG,0.0373576677708233
2017-07-03,601211.XSHG,0.0111489792001817
2017-07-03,601288.XSHG,0.1202349508168423
2017-07-03,601328.XSHG,0.028222724366771
2017-07-03,601398.XSHG,0.1641080600082701
2017-07-03,601688.XSHG,0.0112115027464684
2017-07-03,601766.XSHG,0.0268875556300968
2017-07-03,601788.XSHG,0.0067344618734812
2017-07-03,601818.XSHG,0.0186825661505912
2017-07-03,601857.XSHG,0.1455814675348467
2017-07-03,601899.XSHG,0.0063150840046718
2017-07-03,601901.XSHG,0.0071748178088802
2017-07-03,601939.XSHG,0.006842450272748
2017-07-03,601985.XSHG,0.0038322876374977
2017-07-03,601988.XSHG,0.0903410188197648
2017-08-01,000157.XSHE,0.0029510995352997
2017-08-01,000776.XSHE,0.0104707550326735
2017-08-01,000876.XSHE,0.0028171669098613
2017-08-01,000883.XSHE,0.0026340570682891
2017-08-01,000979.XSHE,0.0016451405710223
2017-08-01,002470.XSHE,0.0021619580830481
2017-08-01,002594.XSHE,0.0055035216042446
2017-08-01,600015.XSHG,0.0128259308203619
2017-08-01,600016.XSHG,0.0253073741658141
2017-08-01,600018.XSHG,0.0150693098545248
2017-08-01,600022.XSHG,0.002475329632381
2017-08-01,600023.XSHG,0.0074253089350071
2017-08-01,600028.XSHG,0.0585733707018482
2017-08-01,600030.XSHG,0.0169841441596068
2017-08-01,600061.XSHG,0.0030883643050423
2017-08-01,600115.XSHG,0.0066405266020918
2017-08-01,600177.XSHG,0.0037588240810279
2017-08-01,600221.XSHG,0.0038297067262089
2017-08-01,600276.XSHG,0.0142377517266799
2017-08-01,600352.XSHG,0.0034346247959033
2017-08-01,600377.XSHG,0.0036305162408738
2017-08-01,600519.XSHG,0.0594511390835463
2017-08-01,600585.XSHG,0.0097790864084173
2017-08-01,600642.XSHG,0.0027992025167199
2017-08-01,600663.XSHG,0.0059719956933007
2017-08-01,600674.XSHG,0.0043902396866722
2017-08-01,600682.XSHG,0.0026923635413434
2017-08-01,600688.XSHG,0.0049960124505986
2017-08-01,600823.XSHG,0.0018841377496191
2017-08-01,600837.XSHG,0.0119458910375389
2017-08-01,600886.XSHG,0.0055037538974831
2017-08-01,600900.XSHG,0.0173369807729332
2017-08-01,600999.XSHG,0.008703248488954
2017-08-01,601166.XSHG,0.0339085966514557
2017-08-01,601169.XSHG,0.0141884957467814
2017-08-01,601211.XSHG,0.0098129061922874
2017-08-01,601288.XSHG,0.1083788219264408
2017-08-01,601328.XSHG,0.0249489778289801
2017-08-01,601390.XSHG,0.0160568887573052
2017-08-01,601398.XSHG,0.1477264200034135
2017-08-01,601618.XSHG,0.008241577220098
2017-08-01,601766.XSHG,0.022833151639078
2017-08-01,601788.XSHG,0.0059520044101416
2017-08-01,601818.XSHG,0.0167128116888806
2017-08-01,601857.XSHG,0.1313257000810465
2017-08-01,601899.XSHG,0.0058558951418208
2017-08-01,601939.XSHG,0.0064289041170574
2017-08-01,601985.XSHG,0.0032678665681105
2017-08-01,601988.XSHG,0.0822505026925989
2017-08-01,601998.XSHG,0.0211916464555641
2017-09-01,000157.XSHE,0.0034172417562743
2017-09-01,000566.XSHE,0.0015455554871779
2017-09-01,000671.XSHE,0.0023071185098387
2017-09-01,000876.XSHE,0.0031075297235245
2017-09-01,000883.XSHE,0.0032399224432517
2017-09-01,000926.XSHE,0.0014036025506785
2017-09-01,000979.XSHE,0.0019378177818384
2017-09-01,002470.XSHE,0.0025115655441118
2017-09-01,002594.XSHE,0.0065453309071801
2017-09-01,600000.XSHG,0.0427327141165382
2017-09-01,600016.XSHG,0.029451948894895
2017-09-01,600018.XSHG,0.0173677432377267
2017-09-01,600023.XSHG,0.0089555273513321
2017-09-01,600027.XSHG,0.003732258184977
2017-09-01,600028.XSHG,0.0681550318681802
2017-09-01,600037.XSHG,0.0020937041203961
2017-09-01,600061.XSHG,0.0038507212902864
2017-09-01,600115.XSHG,0.0081052520506279
2017-09-01,600170.XSHG,0.0038164804109832
2017-09-01,600221.XSHG,0.0046554201702638
2017-09-01,600276.XSHG,0.0186717295242042
2017-09-01,600415.XSHG,0.0046535561557637
2017-09-01,600518.XSHG,0.0108213739395342
2017-09-01,600519.XSHG,0.0740672492385237
2017-09-01,600572.XSHG,0.001720015310168
2017-09-01,600642.XSHG,0.0033279697647342
2017-09-01,600663.XSHG,0.007084754464439
2017-09-01,600674.XSHG,0.0050005452790852
2017-09-01,600682.XSHG,0.0032816023486753
2017-09-01,600823.XSHG,0.002425333506234
2017-09-01,600837.XSHG,0.014761373583311
2017-09-01,600886.XSHG,0.005995485356209
2017-09-01,600895.XSHG,0.0031680543184479
2017-09-01,600900.XSHG,0.0205092157171622
2017-09-01,601006.XSHG,0.0161088202175244
2017-09-01,601009.XSHG,0.0077539933692945
2017-09-01,601166.XSHG,0.039745452225115
2017-09-01,601169.XSHG,0.016556769131528
2017-09-01,601288.XSHG,0.1295495230314228
2017-09-01,601328.XSHG,0.0303785939949363
2017-09-01,601390.XSHG,0.0191390554870807
2017-09-01,601618.XSHG,0.009822636799761
2017-09-01,601669.XSHG,0.0092818031614249
2017-09-01,601766.XSHG,0.0270153855820639
2017-09-01,601788.XSHG,0.0074567322255976
2017-09-01,601818.XSHG,0.0196720349805566
2017-09-01,601857.XSHG,0.1559766834363275
2017-09-01,601939.XSHG,0.0078249194920494
2017-09-01,601985.XSHG,0.0038936180142422
2017-09-01,601988.XSHG,0.1054032339444985
2017-10-09,000157.XSHE,0.0027584746472308
2017-10-09,000538.XSHE,0.0090976432773505
2017-10-09,000566.XSHE,0.0013804103521856
2017-10-09,000623.XSHE,0.0023824133787385
2017-10-09,000625.XSHE,0.0052957272397712
2017-10-09,000876.XSHE,0.0029670615399766
2017-10-09,000895.XSHE,0.0077909238972764
2017-10-09,002465.XSHE,0.0020812784161089
2017-10-09,002470.XSHE,0.0020348277986394
2017-10-09,002711.XSHE,0.0012510733070379
2017-10-09,600000.XSHG,0.0352241452887107
2017-10-09,600016.XSHG,0.023064173784897
2017-10-09,600018.XSHG,0.0146320363192461
2017-10-09,600028.XSHG,0.053914116945455
2017-10-09,600061.XSHG,0.0030574628293371
2017-10-09,600085.XSHG,0.0042749567758907
2017-10-09,600094.XSHG,0.0017242978222042
2017-10-09,600104.XSHG,0.0331380678987721
2017-10-09,600115.XSHG,0.0064107561741376
2017-10-09,600170.XSHG,0.0030412523135842
2017-10-09,600201.XSHG,0.0020379420667166
2017-10-09,600221.XSHG,0.0051500588151339
2017-10-09,600276.XSHG,0.0167694926695782
2017-10-09,600332.XSHG,0.0029569567406688
2017-10-09,600398.XSHG,0.0043960151553657
2017-10-09,600415.XSHG,0.0036936735384738
2017-10-09,600519.XSHG,0.0637237188165206
2017-10-09,600637.XSHG,0.0031377882158833
2017-10-09,600674.XSHG,0.0040069346612713
2017-10-09,600837.XSHG,0.0115268197563033
2017-10-09,600867.XSHG,0.0030583922643304
2017-10-09,600886.XSHG,0.0048592585377207
2017-10-09,600895.XSHG,0.0025022486610663
2017-10-09,600900.XSHG,0.0168540978888376
2017-10-09,601006.XSHG,0.0126747456934838
2017-10-09,601009.XSHG,0.006212661606477
2017-10-09,601166.XSHG,0.0319735510471071
2017-10-09,601169.XSHG,0.0131720645690487
2017-10-09,601238.XSHG,0.0110924881981262
2017-10-09,601288.XSHG,0.1071190214185231
2017-10-09,601328.XSHG,0.0238432077866757
2017-10-09,601390.XSHG,0.0153437797357753
2017-10-09,601398.XSHG,0.1580766703387173
2017-10-09,601766.XSHG,0.0215651240128931
2017-10-09,601788.XSHG,0.0058540231127774
2017-10-09,601818.XSHG,0.0156883979178014
2017-10-09,601857.XSHG,0.1241959242034347
2017-10-09,601939.XSHG,0.0064732102155023
2017-10-09,601985.XSHG,0.0030574088627516
2017-10-09,601988.XSHG,0.0834632234864819
2017-11-01,000157.XSHE,0.0044393278481083
2017-11-01,000425.XSHE,0.0040567339977627
2017-11-01,000566.XSHE,0.0022317892940426
2017-11-01,000598.XSHE,0.0026745256472109
2017-11-01,000623.XSHE,0.0039425496486591
2017-11-01,000685.XSHE,0.0017594134500631
2017-11-01,000729.XSHE,0.0024414628519226
2017-11-01,000876.XSHE,0.0048523435846683
2017-11-01,000895.XSHE,0.0134006773234113
2017-11-01,000926.XSHE,0.0017940766410898
2017-11-01,002385.XSHE,0.0022269847012311
2017-11-01,002512.XSHE,0.0017818110860147
2017-11-01,002603.XSHE,0.002366712118413
2017-11-01,002711.XSHE,0.0021524827745366
2017-11-01,600000.XSHG,0.0545140729920186
2017-11-01,600016.XSHG,0.0376666768901717
2017-11-01,600023.XSHG,0.0112133339712319
2017-11-01,600028.XSHG,0.0903137400991644
2017-11-01,600037.XSHG,0.0026024525182324
2017-11-01,600085.XSHG,0.0070686746756331
2017-11-01,600089.XSHG,0.0058718638350645
2017-11-01,600115.XSHG,0.0106205402461331
2017-11-01,600170.XSHG,0.004907126457548
2017-11-01,600201.XSHG,0.0036980118857864
2017-11-01,600221.XSHG,0.0083136275435666
2017-11-01,600406.XSHG,0.0059709254993571
2017-11-01,600518.XSHG,0.0143781317783127
2017-11-01,600535.XSHG,0.0060343119311654
2017-11-01,600600.XSHG,0.0036739921948517
2017-11-01,600674.XSHG,0.0068502825478557
2017-11-01,600705.XSHG,0.0073772300570447
2017-11-01,600739.XSHG,0.0038800062841288
2017-11-01,600771.XSHG,0.0015760417198835
2017-11-01,600835.XSHG,0.0025374894328685
2017-11-01,600837.XSHG,0.0180123474175444
2017-11-01,600886.XSHG,0.007841200480478
2017-11-01,600900.XSHG,0.0283520550349702
2017-11-01,601006.XSHG,0.020489981251634
2017-11-01,601009.XSHG,0.0098859540357502
2017-11-01,601166.XSHG,0.0508374730357505
2017-11-01,601169.XSHG,0.0207467214227562
2017-11-01,601288.XSHG,0.1696619447656367
2017-11-01,601328.XSHG,0.0374611401957224
2017-11-01,601390.XSHG,0.0263093669979322
2017-11-01,601669.XSHG,0.0116718684913756
2017-11-01,601788.XSHG,0.0089799795878417
2017-11-01,601818.XSHG,0.0248169272759486
2017-11-01,601857.XSHG,0.2101428585185539
2017-11-01,601939.XSHG,0.0104769657033831
2017-11-01,601985.XSHG,0.0051237922575667
2017-12-01,000157.XSHE,0.003034802493748
2017-12-01,000166.XSHE,0.0045870002595157
2017-12-01,000598.XSHE,0.0018122416035104
2017-12-01,000685.XSHE,0.0014282741344591
2017-12-01,000729.XSHE,0.0016587319421949
2017-12-01,000876.XSHE,0.0034952149832872
2017-12-01,000926.XSHE,0.0013156301255996
2017-12-01,002437.XSHE,0.0016056269010999
2017-12-01,002512.XSHE,0.0013399975906176
2017-12-01,300110.XSHE,0.0015212324742995
2017-12-01,600000.XSHG,0.0401063265901275
2017-12-01,600015.XSHG,0.0131679115001104
2017-12-01,600016.XSHG,0.0288447213190264
2017-12-01,600023.XSHG,0.0080433483682394
2017-12-01,600028.XSHG,0.0635893898204589
2017-12-01,600037.XSHG,0.0018623492642637
2017-12-01,600170.XSHG,0.0035837285904731
2017-12-01,600177.XSHG,0.0037293369981044
2017-12-01,600221.XSHG,0.0057775735139075
2017-12-01,600256.XSHG,0.0025973093995051
2017-12-01,600350.XSHG,0.0032867067697741
2017-12-01,600377.XSHG,0.0040387786883258
2017-12-01,600583.XSHG,0.0029764241191757
2017-12-01,600642.XSHG,0.0028631251434867
2017-12-01,600674.XSHG,0.0048564239730048
2017-12-01,600688.XSHG,0.0051375741950903
2017-12-01,600705.XSHG,0.0050866456127757
2017-12-01,600837.XSHG,0.0127914891657639
2017-12-01,600886.XSHG,0.0056034836198065
2017-12-01,600900.XSHG,0.0209477757225798
2017-12-01,601006.XSHG,0.0145603940251044
2017-12-01,601009.XSHG,0.0071985079546322
2017-12-01,601166.XSHG,0.0367507186346118
2017-12-01,601169.XSHG,0.0149067210187601
2017-12-01,601211.XSHG,0.0105572646295321
2017-12-01,601288.XSHG,0.1215689764322003
2017-12-01,601328.XSHG,0.0274213261862554
2017-12-01,601377.XSHG,0.0058332068846837
2017-12-01,601390.XSHG,0.0175248407116426
2017-12-01,601398.XSHG,0.1755403704980579
2017-12-01,601669.XSHG,0.007810362710569
2017-12-01,601788.XSHG,0.0064820560366577
2017-12-01,601818.XSHG,0.0183947882378952
2017-12-01,601857.XSHG,0.1460556569038668
2017-12-01,601880.XSHG,0.0024713050354395
2017-12-01,601939.XSHG,0.0074022166617915
2017-12-01,601985.XSHG,0.0034505938381459
2017-12-01,601988.XSHG,0.0913288052240561
2017-12-01,601998.XSHG,0.0225363716334514
2017-12-01,603699.XSHG,0.0015163418603123
2018-01-02,000089.XSHE,0.0019380877936609
2018-01-02,000157.XSHE,0.0030595312856856
2018-01-02,000166.XSHE,0.0043057558434552
2018-01-02,000598.XSHE,0.0017513379871954
2018-01-02,000685.XSHE,0.0014009403440705
2018-01-02,000876.XSHE,0.0033925780636642
2018-01-02,000961.XSHE,0.0026453873299129
2018-01-02,002252.XSHE,0.0105985729887647
2018-01-02,300110.XSHE,0.0015320379386243
2018-01-02,600000.XSHG,0.0386100301965252
2018-01-02,600015.XSHG,0.0126167049886859
2018-01-02,600016.XSHG,0.0271939080553238
2018-01-02,600023.XSHG,0.0078883063572235
2018-01-02,600028.XSHG,0.0657436762072509
2018-01-02,600098.XSHG,0.0020905668306289
2018-01-02,600170.XSHG,0.0034465610813537
2018-01-02,600177.XSHG,0.0036399610509087
2018-01-02,600221.XSHG,0.0056628548427888
2018-01-02,600340.XSHG,0.0102958583216614
2018-01-02,600350.XSHG,0.0031489915449268
2018-01-02,600535.XSHG,0.0039835709516123
2018-01-02,600583.XSHG,0.0030084615009763
2018-01-02,600642.XSHG,0.0029056408436076
2018-01-02,600674.XSHG,0.0049542755544604
2018-01-02,600682.XSHG,0.0029758772293686
2018-01-02,600688.XSHG,0.0052095016793185
2018-01-02,600739.XSHG,0.002611876119164
2018-01-02,600863.XSHG,0.001869271331456
2018-01-02,600886.XSHG,0.005445687364045
2018-01-02,600900.XSHG,0.0194360251008974
2018-01-02,601006.XSHG,0.0146600877432058
2018-01-02,601009.XSHG,0.0067981374799835
2018-01-02,601166.XSHG,0.0354759514817243
2018-01-02,601169.XSHG,0.0141510451218981
2018-01-02,601211.XSHG,0.0095740217443701
2018-01-02,601288.XSHG,0.1222751695368954
2018-01-02,601328.XSHG,0.0266230254042413
2018-01-02,601390.XSHG,0.0168458883544149
2018-01-02,601398.XSHG,0.1799602455972541
2018-01-02,601618.XSHG,0.0085240127915258
2018-01-02,601669.XSHG,0.0076209149310829
2018-01-02,601818.XSHG,0.0175430521656138
2018-01-02,601857.XSHG,0.144280805545091
2018-01-02,601880.XSHG,0.0023478006442672
2018-01-02,601939.XSHG,0.0080717966802278
2018-01-02,601985.XSHG,0.003385219646914
2018-01-02,601988.XSHG,0.0906006195440815
2018-01-02,601991.XSHG,0.0045229059126855
2018-01-02,601998.XSHG,0.0217784316894421
2018-01-02,603699.XSHG,0.0015990312578611
2018-02-01,000089.XSHE,0.0023033582016419
2018-02-01,000157.XSHE,0.003472359968873
2018-02-01,000166.XSHE,0.0050544131467906
2018-02-01,000423.XSHE,0.0054350829000464
2018-02-01,000598.XSHE,0.0019718294523075
2018-02-01,000623.XSHE,0.0031471436134067
2018-02-01,000625.XSHE,0.0060564726812709
2018-02-01,000685.XSHE,0.001640578502364
2018-02-01,000876.XSHE,0.0042944399520657
2018-02-01,000883.XSHE,0.003194048536478
2018-02-01,000999.XSHE,0.0032866705724502
2018-02-01,002178.XSHE,0.0011721982167797
2018-02-01,002252.XSHE,0.0125689605249808
2018-02-01,600000.XSHG,0.0479243965321404
2018-02-01,600011.XSHG,0.0081987400221283
2018-02-01,600015.XSHG,0.0164242308821744
2018-02-01,600016.XSHG,0.034934532280623
2018-02-01,600023.XSHG,0.0102885335189975
2018-02-01,600033.XSHG,0.0012948985751749
2018-02-01,600064.XSHG,0.0014262194512947
2018-02-01,600085.XSHG,0.0059136250664794
2018-02-01,600170.XSHG,0.0041349828567504
2018-02-01,600269.XSHG,0.0015480808803004
2018-02-01,600350.XSHG,0.0038369066847939
2018-02-01,600377.XSHG,0.0048257743036183
2018-02-01,600518.XSHG,0.0119121622133127
2018-02-01,600535.XSHG,0.0047236509466327
2018-02-01,600642.XSHG,0.0034434869721396
2018-02-01,600674.XSHG,0.0054015246077082
2018-02-01,600739.XSHG,0.0030375998306296
2018-02-01,600837.XSHG,0.014141624258882
2018-02-01,600886.XSHG,0.0061514186769955
2018-02-01,600900.XSHG,0.0238398786794967
2018-02-01,600919.XSHG,0.0059776252093602
2018-02-01,601006.XSHG,0.0185849924841983
2018-02-01,601166.XSHG,0.0461201554802291
2018-02-01,601169.XSHG,0.0178049480264029
2018-02-01,601186.XSHG,0.0175807406621534
2018-02-01,601211.XSHG,0.0123363448460669
2018-02-01,601288.XSHG,0.1700380312755536
2018-02-01,601328.XSHG,0.0346240752573259
2018-02-01,601390.XSHG,0.0202564625683502
2018-02-01,601669.XSHG,0.0091576637319649
2018-02-01,601788.XSHG,0.0073632202583612
2018-02-01,601818.XSHG,0.0241433824737627
2018-02-01,601857.XSHG,0.1868482786588037
2018-02-01,601880.XSHG,0.0026581633976353
2018-02-01,601985.XSHG,0.0041980895337796
2018-02-01,601988.XSHG,0.1251183672593845
2018-02-01,601998.XSHG,0.0301896353669374
2018-03-01,000089.XSHE,0.0050031296132058
2018-03-01,000157.XSHE,0.0075240190926316
2018-03-01,000166.XSHE,0.0284458759782278
2018-03-01,000423.XSHE,0.0111571528137984
2018-03-01,000576.XSHE,0.002511269401789
2018-03-01,000584.XSHE,0.0025184780411498
2018-03-01,000625.XSHE,0.0127114446212317
2018-03-01,000685.XSHE,0.0034431405458707
2018-03-01,000883.XSHE,0.0068983056134683
2018-03-01,000989.XSHE,0.0024442766305982
2018-03-01,000999.XSHE,0.0070309386406957
2018-03-01,002007.XSHE,0.0061373552651594
2018-03-01,002210.XSHE,0.004652457363687
2018-03-01,002602.XSHE,0.0074485841443233
2018-03-01,300180.XSHE,0.0025940870591284
2018-03-01,600000.XSHG,0.0989559930842491
2018-03-01,600011.XSHG,0.0185598641094117
2018-03-01,600015.XSHG,0.0337085343974281
2018-03-01,600016.XSHG,0.070927323859318
2018-03-01,600022.XSHG,0.0067605267488527
2018-03-01,600023.XSHG,0.0212756024204605
2018-03-01,600085.XSHG,0.0125315868372252
2018-03-01,600094.XSHG,0.00449983798881
2018-03-01,600104.XSHG,0.1102103753308109
2018-03-01,600170.XSHG,0.0091303143150067
2018-03-01,600252.XSHG,0.0038857472228808
2018-03-01,600269.XSHG,0.0032905938800309
2018-03-01,600350.XSHG,0.0081374495842654
2018-03-01,600377.XSHG,0.010520417997141
2018-03-01,600482.XSHG,0.0065700532647167
2018-03-01,600518.XSHG,0.0262213688304063
2018-03-01,600535.XSHG,0.0104698334559973
2018-03-01,600572.XSHG,0.0040614250617608
2018-03-01,600612.XSHG,0.0039505366448244
2018-03-01,600642.XSHG,0.0074806623634453
2018-03-01,600674.XSHG,0.0115351443474854
2018-03-01,600739.XSHG,0.0067666854188921
2018-03-01,600811.XSHG,0.0041686603084267
2018-03-01,600816.XSHG,0.0090481826526081
2018-03-01,600886.XSHG,0.0132021824783493
2018-03-01,600900.XSHG,0.0535739880307319
2018-03-01,601006.XSHG,0.0385783742273815
2018-03-01,601018.XSHG,0.0193363683890539
2018-03-01,601166.XSHG,0.0967811040826996
2018-03-01,601169.XSHG,0.0379231587444039
2018-03-01,601328.XSHG,0.0719291747747804
2018-03-01,601633.XSHG,0.021768846799509
2018-03-01,601669.XSHG,0.0195170821123161
2018-03-01,601880.XSHG,0.0055918753387443
2018-03-01,601985.XSHG,0.0086106100726086
2018-04-02,000089.XSHE,0.0047772516892896
2018-04-02,000157.XSHE,0.0075088692463774
2018-04-02,000166.XSHE,0.0284386335104174
2018-04-02,000423.XSHE,0.0114378239819801
2018-04-02,000538.XSHE,0.0284310182063477
2018-04-02,000576.XSHE,0.0025135712596754
2018-04-02,000598.XSHE,0.0042657808166598
2018-04-02,000869.XSHE,0.005025664640422
2018-04-02,000876.XSHE,0.008706691389824
2018-04-02,000963.XSHE,0.0161782301977629
2018-04-02,000975.XSHE,0.0036514811604407
2018-04-02,000999.XSHE,0.0075990740922971
2018-04-02,002007.XSHE,0.0068038631107491
2018-04-02,002358.XSHE,0.0044960528796428
2018-04-02,002408.XSHE,0.006158403809712
2018-04-02,002506.XSHE,0.0032954250865997
2018-04-02,002602.XSHE,0.0077945472647502
2018-04-02,600000.XSHG,0.0938340794511129
2018-04-02,600011.XSHG,0.0200587246228784
2018-04-02,600015.XSHG,0.0324296203009923
2018-04-02,600016.XSHG,0.0670711527366117
2018-04-02,600023.XSHG,0.0214061829872773
2018-04-02,600027.XSHG,0.0072156034558532
2018-04-02,600064.XSHG,0.0031870662052983
2018-04-02,600085.XSHG,0.0133306894332623
2018-04-02,600104.XSHG,0.1114853600933596
2018-04-02,600170.XSHG,0.0090502465300295
2018-04-02,600252.XSHG,0.003963395440324
2018-04-02,600273.XSHG,0.0031540033966717
2018-04-02,600315.XSHG,0.007556134179482
2018-04-02,600482.XSHG,0.0066446942282679
2018-04-02,600489.XSHG,0.0095154189009029
2018-04-02,600518.XSHG,0.0278714657496295
2018-04-02,600572.XSHG,0.0041187595149179
2018-04-02,600674.XSHG,0.0113216480346372
2018-04-02,600739.XSHG,0.0070663537338772
2018-04-02,600795.XSHG,0.0165284671115603
2018-04-02,600886.XSHG,0.0135828741260377
2018-04-02,600900.XSHG,0.0523921585149455
2018-04-02,600919.XSHG,0.0122965709352789
2018-04-02,600998.XSHG,0.0092491231904624
2018-04-02,601018.XSHG,0.0193795507486538
2018-04-02,601166.XSHG,0.0900139815122376
2018-04-02,601169.XSHG,0.0357446855848585
2018-04-02,601328.XSHG,0.0689396616698133
2018-04-02,601607.XSHG,0.0133451787924041
2018-04-02,601633.XSHG,0.0195928577069034
2018-04-02,601669.XSHG,0.0182572886290284
2018-04-02,601985.XSHG,0.0081022919815983
2018-04-02,603077.XSHG,0.0052123281578819
2018-05-02,000157.XSHE,0.007714450511865
2018-05-02,000166.XSHE,0.0280591855810703
2018-05-02,000538.XSHE,0.0300715375151825
2018-05-02,000576.XSHE,0.0025895492543174
2018-05-02,000587.XSHE,0.0024527298810243
2018-05-02,000630.XSHE,0.0072317721256225
2018-05-02,000848.XSHE,0.0027701268201078
2018-05-02,000876.XSHE,0.0086932894217336
2018-05-02,000981.XSHE,0.007637483095445
2018-05-02,000999.XSHE,0.0076829521434092
2018-05-02,002007.XSHE,0.0069926388067265
2018-05-02,002028.XSHE,0.0030608728675371
2018-05-02,002408.XSHE,0.006633462755359
2018-05-02,002602.XSHE,0.0081376110713543
2018-05-02,002630.XSHE,0.0026063233904286
2018-05-02,002665.XSHE,0.0031913012267414
2018-05-02,300068.XSHE,0.002736453697937
2018-05-02,600000.XSHG,0.0912363583054184
2018-05-02,600015.XSHG,0.0320038939941161
2018-05-02,600016.XSHG,0.0673212839821723
2018-05-02,600023.XSHG,0.0206156063051663
2018-05-02,600062.XSHG,0.0052619741864021
2018-05-02,600085.XSHG,0.01425318932964
2018-05-02,600104.XSHG,0.1108834442977514
2018-05-02,600170.XSHG,0.0090174706261958
2018-05-02,600252.XSHG,0.0038662322662763
2018-05-02,600270.XSHG,0.0050236454740496
2018-05-02,600323.XSHG,0.0035566249202999
2018-05-02,600482.XSHG,0.006428349453652
2018-05-02,600518.XSHG,0.0301183853046239
2018-05-02,600572.XSHG,0.005298941202757
2018-05-02,600664.XSHG,0.0041085720617293
2018-05-02,600674.XSHG,0.0114018286767239
2018-05-02,600688.XSHG,0.0124462186070525
2018-05-02,600739.XSHG,0.0077755180243658
2018-05-02,600795.XSHG,0.0165411356092604
2018-05-02,600886.XSHG,0.0137214506471048
2018-05-02,600900.XSHG,0.0540484183228787
2018-05-02,600919.XSHG,0.0125014538736619
2018-05-02,601006.XSHG,0.0371057354641185
2018-05-02,601018.XSHG,0.0191758972243569
2018-05-02,601106.XSHG,0.007273855302673
2018-05-02,601166.XSHG,0.0901139584105343
2018-05-02,601169.XSHG,0.0365755262206774
2018-05-02,601229.XSHG,0.0166819074124615
2018-05-02,601328.XSHG,0.0715101701771095
2018-05-02,601607.XSHG,0.0134021430084597
2018-05-02,601633.XSHG,0.0192136606826649
2018-05-02,601985.XSHG,0.0082388339433709
2018-05-02,603077.XSHG,0.0050165765164111
2018-06-01,000089.XSHE,0.003351138531094
2018-06-01,000157.XSHE,0.0053073661573794
2018-06-01,000166.XSHE,0.0188985323696787
2018-06-01,000338.XSHE,0.0075759191624791
2018-06-01,000587.XSHE,0.0018544451398948
2018-06-01,000598.XSHE,0.0028177957394603
2018-06-01,000630.XSHE,0.0048397805706314
2018-06-01,000876.XSHE,0.0060052226185032
2018-06-01,002094.XSHE,0.0016786668551375
2018-06-01,002352.XSHE,0.0086677967606819
2018-06-01,002408.XSHE,0.0044554807323713
2018-06-01,002411.XSHE,0.0020191305567261
2018-06-01,002493.XSHE,0.0110019944919327
2018-06-01,002602.XSHE,0.0056566739115378
2018-06-01,300068.XSHE,0.0019138346629734
2018-06-01,600004.XSHG,0.0069388913986305
2018-06-01,600015.XSHG,0.021654445884539
2018-06-01,600016.XSHG,0.0461359918029986
2018-06-01,600018.XSHG,0.0298577631931103
2018-06-01,600023.XSHG,0.0145410865314311
2018-06-01,600027.XSHG,0.0056875725253918
2018-06-01,600028.XSHG,0.1354459569142918
2018-06-01,600104.XSHG,0.083086902010928
2018-06-01,600170.XSHG,0.0058772977621804
2018-06-01,600270.XSHG,0.0038228542568699
2018-06-01,600406.XSHG,0.0074008482678794
2018-06-01,600519.XSHG,0.1895310703953399
2018-06-01,600642.XSHG,0.0049866073053699
2018-06-01,600664.XSHG,0.0024127083739422
2018-06-01,600674.XSHG,0.0082720636700484
2018-06-01,600694.XSHG,0.0022053282868253
2018-06-01,600739.XSHG,0.004993166932822
2018-06-01,600795.XSHG,0.0113003444730243
2018-06-01,600873.XSHG,0.0029769792578165
2018-06-01,600886.XSHG,0.0102507625076205
2018-06-01,600900.XSHG,0.0390945404240128
2018-06-01,600919.XSHG,0.0086139010527071
2018-06-01,600926.XSHG,0.0035164082266373
2018-06-01,601006.XSHG,0.0254074858191724
2018-06-01,601016.XSHG,0.0028104639495858
2018-06-01,601018.XSHG,0.0130889058137726
2018-06-01,601139.XSHG,0.003440849563509
2018-06-01,601166.XSHG,0.0611861922411722
2018-06-01,601169.XSHG,0.0245719243716771
2018-06-01,601229.XSHG,0.0116056158650804
2018-06-01,601328.XSHG,0.0477667494094871
2018-06-01,601566.XSHG,0.0018244911141434
2018-06-01,601727.XSHG,0.0126271249218655
2018-06-01,601800.XSHG,0.0290200060067436
2018-06-01,601818.XSHG,0.03200292120889
2018-07-02,000089.XSHE,0.0023337616030097
2018-07-02,000157.XSHE,0.0038353002500512
2018-07-02,000166.XSHE,0.0131585016345652
2018-07-02,000425.XSHE,0.0043931635694841
2018-07-02,000581.XSHE,0.0027542214581793
2018-07-02,002174.XSHE,0.0018260987594228
2018-07-02,002242.XSHE,0.0020173000111173
2018-07-02,002352.XSHE,0.0061099175174996
2018-07-02,002493.XSHE,0.0080264154540738
2018-07-02,300498.XSHE,0.0118126624831511
2018-07-02,600018.XSHG,0.0207104042078361
2018-07-02,600023.XSHG,0.009596044856118
2018-07-02,600027.XSHG,0.0040354228959596
2018-07-02,600028.XSHG,0.0914900247842557
2018-07-02,600031.XSHG,0.0101062918711842
2018-07-02,600104.XSHG,0.0583676362473782
2018-07-02,600170.XSHG,0.0038503406681978
2018-07-02,600177.XSHG,0.0041191361996294
2018-07-02,600236.XSHG,0.003024440330719
2018-07-02,600270.XSHG,0.0028398705154668
2018-07-02,600273.XSHG,0.0016685842436614
2018-07-02,600406.XSHG,0.0052244223084293
2018-07-02,600518.XSHG,0.0152328386455746
2018-07-02,600648.XSHG,0.0025658528974546
2018-07-02,600660.XSHG,0.0076009880980764
2018-07-02,600674.XSHG,0.0056909119644377
2018-07-02,600688.XSHG,0.0061828233262538
2018-07-02,600694.XSHG,0.0014546551632105
2018-07-02,600739.XSHG,0.0034792774423942
2018-07-02,600795.XSHG,0.0078416141907452
2018-07-02,600886.XSHG,0.0075268125696994
2018-07-02,600900.XSHG,0.02767131526794
2018-07-02,600919.XSHG,0.005715999795201
2018-07-02,600926.XSHG,0.0024634808931156
2018-07-02,601006.XSHG,0.0177303852232996
2018-07-02,601018.XSHG,0.0081959782201725
2018-07-02,601098.XSHG,0.0034445443536462
2018-07-02,601139.XSHG,0.0023824892638758
2018-07-02,601166.XSHG,0.039951645107081
2018-07-02,601169.XSHG,0.0164467598040215
2018-07-02,601229.XSHG,0.0086266648629871
2018-07-02,601288.XSHG,0.1481308316809227
2018-07-02,601328.XSHG,0.0333515193437245
2018-07-02,601566.XSHG,0.0012546796916769
2018-07-02,601800.XSHG,0.0196959224472599
2018-07-02,601857.XSHG,0.1845118996578075
2018-07-02,601901.XSHG,0.0083438319496534
2018-07-02,601988.XSHG,0.1109704644050484
2018-07-02,601998.XSHG,0.0299176744606171
2018-07-02,603077.XSHG,0.0023181774047109
2018-08-01,000089.XSHE,0.0022507709380259
2018-08-01,000157.XSHE,0.0034753890607655
2018-08-01,000166.XSHE,0.0118569420127271
2018-08-01,000581.XSHE,0.0023765769382327
2018-08-01,000598.XSHE,0.0017759580008683
2018-08-01,000656.XSHE,0.003578456661028
2018-08-01,002030.XSHE,0.0016776358786704
2018-08-01,002142.XSHE,0.0103202428702664
2018-08-01,002179.XSHE,0.004437745790608
2018-08-01,002242.XSHE,0.0017734020609788
2018-08-01,002352.XSHE,0.0051703347168411
2018-08-01,002434.XSHE,0.0013168096848344
2018-08-01,300498.XSHE,0.0111408468094095
2018-08-01,600016.XSHG,0.028519382516264
2018-08-01,600018.XSHG,0.019106588857999
2018-08-01,600023.XSHG,0.009081264152431
2018-08-01,600028.XSHG,0.0858906865735892
2018-08-01,600104.XSHG,0.0487753504746624
2018-08-01,600177.XSHG,0.0034756931955037
2018-08-01,600219.XSHG,0.0027303894130095
2018-08-01,600236.XSHG,0.0028110964430895
2018-08-01,600270.XSHG,0.0025774869314059
2018-08-01,600273.XSHG,0.0018342525256634
2018-08-01,600277.XSHG,0.0019697773941625
2018-08-01,600388.XSHG,0.0018190531294655
2018-08-01,600406.XSHG,0.0046300626856046
2018-08-01,600519.XSHG,0.1213908751768229
2018-08-01,600648.XSHG,0.0024132737984671
2018-08-01,600660.XSHG,0.0067303481179423
2018-08-01,600674.XSHG,0.005236064499528
2018-08-01,600688.XSHG,0.005299633909552
2018-08-01,600699.XSHG,0.0033835063533073
2018-08-01,600737.XSHG,0.0021299567386243
2018-08-01,600795.XSHG,0.007224348195084
2018-08-01,600839.XSHG,0.0018024415834497
2018-08-01,600886.XSHG,0.0071543201447089
2018-08-01,600900.XSHG,0.0260959153767136
2018-08-01,600926.XSHG,0.0022338558303638
2018-08-01,601006.XSHG,0.0176027197476204
2018-08-01,601139.XSHG,0.0022835095362681
2018-08-01,601166.XSHG,0.0391941562441759
2018-08-01,601169.XSHG,0.0145274450922178
2018-08-01,601229.XSHG,0.007816051353793
2018-08-01,601288.XSHG,0.1430836206748979
2018-08-01,601328.XSHG,0.0298686802743765
2018-08-01,601333.XSHG,0.0033080089665383
2018-08-01,601857.XSHG,0.1658951509052539
2018-08-01,601901.XSHG,0.0073770488185802
2018-08-01,601988.XSHG,0.101416348506559
2018-08-01,603077.XSHG,0.0021605244390463
2018-09-03,000157.XSHE,0.0025036769751992
2018-09-03,000166.XSHE,0.009315978018417
2018-09-03,000656.XSHE,0.0028346829338587
2018-09-03,000776.XSHE,0.008384288933931
2018-09-03,002030.XSHE,0.0014427850896766
2018-09-03,002142.XSHE,0.0078944630003149
2018-09-03,002203.XSHE,0.0014913034927619
2018-09-03,002242.XSHE,0.0013608320178647
2018-09-03,002434.XSHE,0.0010700184426651
2018-09-03,600000.XSHG,0.0302168373231877
2018-09-03,600015.XSHG,0.0103401017221265
2018-09-03,600016.XSHG,0.0222664242709559
2018-09-03,600023.XSHG,0.0069689175290112
2018-09-03,600028.XSHG,0.0683278388294
2018-09-03,600036.XSHG,0.0609516772105757
2018-09-03,600236.XSHG,0.0021572522549857
2018-09-03,600270.XSHG,0.0018929341611092
2018-09-03,600395.XSHG,0.0009870621624467
2018-09-03,600406.XSHG,0.0036801494526566
2018-09-03,600508.XSHG,0.0008347301843156
2018-09-03,600572.XSHG,0.0018325237347485
2018-09-03,600606.XSHG,0.0081641341258477
2018-09-03,600642.XSHG,0.0024328103397504
2018-09-03,600674.XSHG,0.0037208686510698
2018-09-03,600688.XSHG,0.0042554291387974
2018-09-03,600737.XSHG,0.0016783137933033
2018-09-03,600795.XSHG,0.0052613366290191
2018-09-03,600886.XSHG,0.005229931142957
2018-09-03,600900.XSHG,0.0192814463997449
2018-09-03,600919.XSHG,0.003955472696983
2018-09-03,600926.XSHG,0.0017222135414213
2018-09-03,601006.XSHG,0.0130187072931108
2018-09-03,601009.XSHG,0.0065104476721462
2018-09-03,601166.XSHG,0.0301671409327025
2018-09-03,601169.XSHG,0.0110937571626489
2018-09-03,601225.XSHG,0.007759415356137
2018-09-03,601229.XSHG,0.0064536161086453
2018-09-03,601288.XSHG,0.11238670735559
2018-09-03,601328.XSHG,0.0232853210676333
2018-09-03,601390.XSHG,0.0141089199764864
2018-09-03,601398.XSHG,0.1537177261440774
2018-09-03,601628.XSHG,0.048364203195341
2018-09-03,601818.XSHG,0.0154662029595659
2018-09-03,601857.XSHG,0.1372031759531452
2018-09-03,601898.XSHG,0.0049392807359775
2018-09-03,601985.XSHG,0.0095282740349782
2018-09-03,601988.XSHG,0.0785619886622066
2018-09-03,601991.XSHG,0.0032951045472329
2018-09-03,601998.XSHG,0.0200330339802246
2018-09-03,603077.XSHG,0.0016505426630456
2018-10-08,000027.XSHE,0.0038357346706445
2018-10-08,000157.XSHE,0.0040642495442332
2018-10-08,000166.XSHE,0.0157038246544638
2018-10-08,000581.XSHE,0.0028582033936691
2018-10-08,000598.XSHE,0.0023307200203671
2018-10-08,000620.XSHE,0.0018350811508644
2018-10-08,000630.XSHE,0.0036621967918053
2018-10-08,000656.XSHE,0.0046485056609499
2018-10-08,000709.XSHE,0.00597613824085
2018-10-08,000776.XSHE,0.0144666496034517
2018-10-08,002030.XSHE,0.0025164608050337
2018-10-08,002047.XSHE,0.0014242012827848
2018-10-08,002203.XSHE,0.0023991635951978
2018-10-08,002254.XSHE,0.0012168239803281
2018-10-08,002434.XSHE,0.0018051849873305
2018-10-08,002537.XSHE,0.0022493066810458
2018-10-08,002701.XSHE,0.0017267464684624
2018-10-08,600000.XSHG,0.0513495896049716
2018-10-08,600016.XSHG,0.0389659012380255
2018-10-08,600177.XSHG,0.0046953165880805
2018-10-08,600307.XSHG,0.0023654036972511
2018-10-08,600508.XSHG,0.0014140883603532
2018-10-08,600518.XSHG,0.0172307940510996
2018-10-08,600606.XSHG,0.0136986517545381
2018-10-08,600642.XSHG,0.0042486606814832
2018-10-08,600663.XSHG,0.006686627538323
2018-10-08,600674.XSHG,0.0065550048150539
2018-10-08,600688.XSHG,0.0075257287190815
2018-10-08,600795.XSHG,0.0087993273688774
2018-10-08,600839.XSHG,0.0021907238937316
2018-10-08,600871.XSHG,0.0045046865491423
2018-10-08,600886.XSHG,0.0090307922166547
2018-10-08,600900.XSHG,0.0331070835084771
2018-10-08,600919.XSHG,0.0068071546762308
2018-10-08,600926.XSHG,0.0028526015141449
2018-10-08,601005.XSHG,0.002984094754854
2018-10-08,601009.XSHG,0.0113185710184855
2018-10-08,601166.XSHG,0.0524911146552408
2018-10-08,601169.XSHG,0.0192961931058136
2018-10-08,601229.XSHG,0.0111094985645225
2018-10-08,601328.XSHG,0.040164306106593
2018-10-08,601628.XSHG,0.0813753482210277
2018-10-08,601818.XSHG,0.0272773204874579
2018-10-08,601857.XSHG,0.2571257387650061
2018-10-08,601872.XSHG,0.0032516542617618
2018-10-08,601898.XSHG,0.0086243445419985
2018-10-08,601985.XSHG,0.0164875147951497
2018-10-08,601988.XSHG,0.137210360384282
2018-10-08,601998.XSHG,0.0338525801137026
2018-10-08,603077.XSHG,0.0026840319170997
2018-11-01,000598.XSHE,0.0017441400664681
2018-11-01,000688.XSHE,0.0018274876398539
2018-11-01,000813.XSHE,0.0014011496354949
2018-11-01,000876.XSHE,0.00347720580769
2018-11-01,002047.XSHE,0.0011065628155593
2018-11-01,002266.XSHE,0.0008480073311431
2018-11-01,002506.XSHE,0.0018159231305765
2018-11-01,002537.XSHE,0.0017189403304732
2018-11-01,002701.XSHE,0.0017921480949278
2018-11-01,600000.XSHG,0.0427637565499179
2018-11-01,600015.XSHG,0.0142080899316624
2018-11-01,600016.XSHG,0.0311672769654167
2018-11-01,600018.XSHG,0.0178090632074974
2018-11-01,600023.XSHG,0.0089318676636772
2018-11-01,600028.XSHG,0.0835841296616197
2018-11-01,600089.XSHG,0.0035914353131785
2018-11-01,600170.XSHG,0.003557577160445
2018-11-01,600177.XSHG,0.0037031710411355
2018-11-01,600219.XSHG,0.0032548058797906
2018-11-01,600236.XSHG,0.0027196859305812
2018-11-01,600269.XSHG,0.0012726549395463
2018-11-01,600270.XSHG,0.0025519318117541
2018-11-01,600377.XSHG,0.0048822963404222
2018-11-01,600642.XSHG,0.0031929572705458
2018-11-01,600674.XSHG,0.0049761779164205
2018-11-01,600688.XSHG,0.0053762128434962
2018-11-01,600795.XSHG,0.0066995349082313
2018-11-01,600871.XSHG,0.0032476053669657
2018-11-01,600873.XSHG,0.0016964493044326
2018-11-01,600886.XSHG,0.0069218421321838
2018-11-01,600900.XSHG,0.0249193861221727
2018-11-01,600919.XSHG,0.0054400735961984
2018-11-01,600926.XSHG,0.0023094647573668
2018-11-01,601006.XSHG,0.0168054154216459
2018-11-01,601009.XSHG,0.0085334547706274
2018-11-01,601166.XSHG,0.042407972084203
2018-11-01,601169.XSHG,0.0155280279083022
2018-11-01,601229.XSHG,0.0087261318312438
2018-11-01,601238.XSHG,0.0091997668371136
2018-11-01,601288.XSHG,0.1569552495706962
2018-11-01,601328.XSHG,0.0323582266946316
2018-11-01,601398.XSHG,0.2098351482382789
2018-11-01,601818.XSHG,0.022250584384247
2018-11-01,601939.XSHG,0.0095041641871389
2018-11-01,601985.XSHG,0.0120273440512641
2018-11-01,601988.XSHG,0.108080936327423
2018-11-01,601989.XSHG,0.0106474016781229
2018-11-01,601991.XSHG,0.0045525640996878
2018-11-01,601998.XSHG,0.0260795641255626
2018-11-01,603077.XSHG,0.0019990363229629
2018-12-03,000089.XSHE,0.0023885968708494
2018-12-03,000598.XSHE,0.0018628263812034
2018-12-03,000656.XSHE,0.0045558994021796
2018-12-03,000876.XSHE,0.004535391158843
2018-12-03,000902.XSHE,0.0016236376430785
2018-12-03,002047.XSHE,0.001280121879291
2018-12-03,002266.XSHE,0.0009836817895963
2018-12-03,002358.XSHE,0.002271721471942
2018-12-03,002506.XSHE,0.0018457302384351
2018-12-03,002602.XSHE,0.0041001932627136
2018-12-03,300498.XSHE,0.0145703492201456
2018-12-03,600000.XSHG,0.045033901539951
2018-12-03,600015.XSHG,0.0146739573720548
2018-12-03,600016.XSHG,0.0318158396836346
2018-12-03,600023.XSHG,0.0090972947152187
2018-12-03,600089.XSHG,0.0037860817122609
2018-12-03,600150.XSHG,0.0027373508750295
2018-12-03,600170.XSHG,0.0037516012144454
2018-12-03,600177.XSHG,0.0040672708724069
2018-12-03,600269.XSHG,0.0014093023242424
2018-12-03,600270.XSHG,0.0029374653236335
2018-12-03,600350.XSHG,0.0030712017043191
2018-12-03,600406.XSHG,0.0057219668620116
2018-12-03,600674.XSHG,0.0052297321372985
2018-12-03,600795.XSHG,0.0072005451771835
2018-12-03,600873.XSHG,0.0018726983326367
2018-12-03,600886.XSHG,0.0073019786770254
2018-12-03,600893.XSHG,0.006783080843403
2018-12-03,600900.XSHG,0.0245942162176818
2018-12-03,600919.XSHG,0.0056438088720516
2018-12-03,600926.XSHG,0.002367050919644
2018-12-03,601009.XSHG,0.0086954391890711
2018-12-03,601166.XSHG,0.0448249957989109
2018-12-03,601169.XSHG,0.0160267683461709
2018-12-03,601229.XSHG,0.0087485458512729
2018-12-03,601288.XSHG,0.1547857814736617
2018-12-03,601328.XSHG,0.0337881504292774
2018-12-03,601390.XSHG,0.0196474160445787
2018-12-03,601398.XSHG,0.2120949444522778
2018-12-03,601668.XSHG,0.0351655528670397
2018-12-03,601766.XSHG,0.0294589077345781
2018-12-03,601818.XSHG,0.0226343589261694
2018-12-03,601898.XSHG,0.0066406419909114
2018-12-03,601939.XSHG,0.0094442260708622
2018-12-03,601985.XSHG,0.0121769042068774
2018-12-03,601988.XSHG,0.11186285757562
2018-12-03,601989.XSHG,0.0114808490773612
2018-12-03,601991.XSHG,0.0046359544802831
2018-12-03,601998.XSHG,0.0265833124149226
2018-12-03,603077.XSHG,0.0021898983757405
2019-01-02,000089.XSHE,0.0024149420454454
2019-01-02,000338.XSHE,0.0050291487637839
2019-01-02,000630.XSHE,0.0028772872969299
2019-01-02,000656.XSHE,0.0049271048577269
2019-01-02,000813.XSHE,0.0015342856112905
2019-01-02,002358.XSHE,0.0023704167875022
2019-01-02,002506.XSHE,0.0038864003860493
2019-01-02,002701.XSHE,0.0018341873481856
2019-01-02,300068.XSHE,0.0013592126477324
2019-01-02,300176.XSHE,0.0021635134407978
2019-01-02,300498.XSHE,0.0154943363378711
2019-01-02,600000.XSHG,0.0420728125958641
2019-01-02,600015.XSHG,0.0144664419893463
2019-01-02,600016.XSHG,0.0309227782128376
2019-01-02,600023.XSHG,0.0097606607355569
2019-01-02,600050.XSHG,0.0169130524970383
2019-01-02,600089.XSHG,0.0039668875666457
2019-01-02,600150.XSHG,0.0028202988215033
2019-01-02,600170.XSHG,0.0039949813451057
2019-01-02,600177.XSHG,0.0039631731816152
2019-01-02,600277.XSHG,0.0023193370613621
2019-01-02,600350.XSHG,0.003259719063065
2019-01-02,600377.XSHG,0.0056037150592461
2019-01-02,600406.XSHG,0.0071401816354005
2019-01-02,600548.XSHG,0.0020306548554778
2019-01-02,600674.XSHG,0.0057545667397355
2019-01-02,600795.XSHG,0.0077335135591871
2019-01-02,600869.XSHG,0.0015833697678685
2019-01-02,600873.XSHG,0.001987648823482
2019-01-02,600886.XSHG,0.0081272270735299
2019-01-02,600900.XSHG,0.0273824219146863
2019-01-02,600919.XSHG,0.0055080523213433
2019-01-02,600926.XSHG,0.0023645608471316
2019-01-02,601006.XSHG,0.0187917175231317
2019-01-02,601166.XSHG,0.0433422103897606
2019-01-02,601169.XSHG,0.0156305347487497
2019-01-02,601229.XSHG,0.0088284907047272
2019-01-02,601238.XSHG,0.0096449488026106
2019-01-02,601288.XSHG,0.1597485736877257
2019-01-02,601328.XSHG,0.0343476954413428
2019-01-02,601398.XSHG,0.2163755712059846
2019-01-02,601618.XSHG,0.0084587392888922
2019-01-02,601766.XSHG,0.0312671626173013
2019-01-02,601818.XSHG,0.0224262234788708
2019-01-02,601939.XSHG,0.0092540012812209
2019-01-02,601985.XSHG,0.0126600978176468
2019-01-02,601988.XSHG,0.1151511127452094
2019-01-02,601989.XSHG,0.0120722156174983
2019-01-02,601998.XSHG,0.0262454192371474
2019-01-02,603077.XSHG,0.002188394221834
2019-02-01,000089.XSHE,0.0019174011357303
2019-02-01,000338.XSHE,0.0043778102926095
2019-02-01,000581.XSHE,0.001854699782302
2019-02-01,000598.XSHE,0.0014732772123194
2019-02-01,000630.XSHE,0.0022099626507641
2019-02-01,000651.XSHE,0.0288116144902982
2019-02-01,000709.XSHE,0.0037483607584471
2019-02-01,002142.XSHE,0.0093618964023945
2019-02-01,002506.XSHE,0.0029307490488635
2019-02-01,300498.XSHE,0.0120188942431211
2019-02-01,600000.XSHG,0.0348085373371533
2019-02-01,600015.XSHG,0.0111777352300905
2019-02-01,600016.XSHG,0.024224608239281
2019-02-01,600031.XSHG,0.0084634109166579
2019-02-01,600050.XSHG,0.013065814953184
2019-02-01,600089.XSHG,0.0030840488909654
2019-02-01,600170.XSHG,0.0031525188955862
2019-02-01,600177.XSHG,0.003159071957363
2019-02-01,600377.XSHG,0.0043197111050277
2019-02-01,600406.XSHG,0.0057755810918143
2019-02-01,600606.XSHG,0.009025889426623
2019-02-01,600673.XSHG,0.0025167558926185
2019-02-01,600674.XSHG,0.0046271723512411
2019-02-01,600750.XSHG,0.0008418840089557
2019-02-01,600795.XSHG,0.0055591966588518
2019-02-01,600886.XSHG,0.0064539625642764
2019-02-01,600900.XSHG,0.0216344321627407
2019-02-01,600919.XSHG,0.0043184897096528
2019-02-01,600926.XSHG,0.0018673097916109
2019-02-01,601006.XSHG,0.0148744900662666
2019-02-01,601009.XSHG,0.0067892802603096
2019-02-01,601088.XSHG,0.037949028538612
2019-02-01,601166.XSHG,0.0359114371478515
2019-02-01,601169.XSHG,0.0126123375300706
2019-02-01,601225.XSHG,0.0096601722198018
2019-02-01,601229.XSHG,0.0068891987163877
2019-02-01,601238.XSHG,0.0072512601541535
2019-02-01,601288.XSHG,0.1257990974553398
2019-02-01,601318.XSHG,0.0787456669992983
2019-02-01,601328.XSHG,0.0280766435748697
2019-02-01,601398.XSHG,0.1751836582403008
2019-02-01,601628.XSHG,0.0547679014687344
2019-02-01,601727.XSHG,0.0057214919659231
2019-02-01,601818.XSHG,0.0186336506960019
2019-02-01,601933.XSHG,0.0075050689752112
2019-02-01,601939.XSHG,0.0077892294754732
2019-02-01,601985.XSHG,0.0097200060500085
2019-02-01,601988.XSHG,0.089197556080335
2019-02-01,601989.XSHG,0.009227819290992
2019-02-01,601998.XSHG,0.0209142078935128
2019-03-01,000157.XSHE,0.0038285455452565
2019-03-01,000581.XSHE,0.0025586286988479
2019-03-01,000598.XSHE,0.0020288545778279
2019-03-01,000630.XSHE,0.0032752735258486
2019-03-01,000672.XSHE,0.0011769808812349
2019-03-01,000683.XSHE,0.0011590873849568
2019-03-01,000709.XSHE,0.0052112166316619
2019-03-01,000937.XSHE,0.001773937956719
2019-03-01,002142.XSHE,0.0131175218274751
2019-03-01,002537.XSHE,0.0019195380237983
2019-03-01,600000.XSHG,0.0486246266906103
2019-03-01,600015.XSHG,0.0158362971274334
2019-03-01,600016.XSHG,0.0341490146078405
2019-03-01,600018.XSHG,0.0201474073885481
2019-03-01,600022.XSHG,0.0030095249030704
2019-03-01,600025.XSHG,0.0045878554054314
2019-03-01,600039.XSHG,0.0018561141617996
2019-03-01,600123.XSHG,0.0012628935309574
2019-03-01,600153.XSHG,0.0034974533256597
2019-03-01,600170.XSHG,0.0043367588189226
2019-03-01,600219.XSHG,0.0036065498874786
2019-03-01,600269.XSHG,0.0014757555478325
2019-03-01,600325.XSHG,0.0022353609006398
2019-03-01,600350.XSHG,0.0033587632413522
2019-03-01,600606.XSHG,0.012243038385875
2019-03-01,600642.XSHG,0.0036103128073599
2019-03-01,600674.XSHG,0.0058739596087297
2019-03-01,600694.XSHG,0.0012210010600358
2019-03-01,600717.XSHG,0.0020105196375572
2019-03-01,600795.XSHG,0.0074955679525656
2019-03-01,600823.XSHG,0.0023757817715126
2019-03-01,600887.XSHG,0.0241774476174541
2019-03-01,600900.XSHG,0.026946169539605
2019-03-01,600919.XSHG,0.0062700588845922
2019-03-01,601006.XSHG,0.0190027974987541
2019-03-01,601009.XSHG,0.0093890700247586
2019-03-01,601088.XSHG,0.0494452509423475
2019-03-01,601169.XSHG,0.0172308496658984
2019-03-01,601225.XSHG,0.0131275040967438
2019-03-01,601288.XSHG,0.1629585141476046
2019-03-01,601328.XSHG,0.0372324795731797
2019-03-01,601398.XSHG,0.227029739408885
2019-03-01,601600.XSHG,0.0067047125301947
2019-03-01,601666.XSHG,0.0014172605958108
2019-03-01,601727.XSHG,0.0081103726917776
2019-03-01,601818.XSHG,0.0252137799620612
2019-03-01,601939.XSHG,0.0101360232647266
2019-03-01,601985.XSHG,0.01357753937852
2019-03-01,601988.XSHG,0.1183181811669003
2019-03-01,601991.XSHG,0.0048481071953443
2019-04-01,000157.XSHE,0.0053186173036925
2019-04-01,000402.XSHE,0.0047757011824711
2019-04-01,000690.XSHE,0.0030995152071092
2019-04-01,000778.XSHE,0.0037679223071934
2019-04-01,000937.XSHE,0.0023788928686098
2019-04-01,000999.XSHE,0.0052138966131142
2019-04-01,001979.XSHE,0.0102241379169267
2019-04-01,002004.XSHE,0.0020471948142694
2019-04-01,002128.XSHE,0.0028634055708272
2019-04-01,002138.XSHE,0.0024201260239849
2019-04-01,002142.XSHE,0.0187812751673605
2019-04-01,002203.XSHE,0.0027639591589164
2019-04-01,002233.XSHE,0.0027024939672447
2019-04-01,002493.XSHE,0.013095427815765
2019-04-01,002506.XSHE,0.0050429030957052
2019-04-01,002701.XSHE,0.0026784692409892
2019-04-01,600015.XSHG,0.0197946288624441
2019-04-01,600023.XSHG,0.012348919372643
2019-04-01,600025.XSHG,0.0069319390666475
2019-04-01,600036.XSHG,0.1284364274656867
2019-04-01,600057.XSHG,0.0020140678020132
2019-04-01,600123.XSHG,0.0017322393968697
2019-04-01,600125.XSHG,0.0021179160591724
2019-04-01,600153.XSHG,0.0047289659155557
2019-04-01,600277.XSHG,0.0036784836484685
2019-04-01,600348.XSHG,0.002750432801763
2019-04-01,600350.XSHG,0.0045353588487308
2019-04-01,600519.XSHG,0.1971345823823404
2019-04-01,600585.XSHG,0.0290088043999206
2019-04-01,600606.XSHG,0.0175393437301494
2019-04-01,600642.XSHG,0.0048066817927978
2019-04-01,600660.XSHG,0.0090565922237614
2019-04-01,600717.XSHG,0.0028056655857449
2019-04-01,600761.XSHG,0.0016226717948942
2019-04-01,600823.XSHG,0.0037005981709816
2019-04-01,600835.XSHG,0.0027493495017683
2019-04-01,600886.XSHG,0.0104137287285273
2019-04-01,600887.XSHG,0.0328482772398518
2019-04-01,600900.XSHG,0.0355238878506719
2019-04-01,601009.XSHG,0.0126912512140655
2019-04-01,601021.XSHG,0.0069817208407651
2019-04-01,601117.XSHG,0.005956953360169
2019-04-01,601225.XSHG,0.0173006174786929
2019-04-01,601318.XSHG,0.1554338020040177
2019-04-01,601872.XSHG,0.0043036701504905
2019-04-01,601877.XSHG,0.0089560071169959
2019-04-01,601958.XSHG,0.0042382467437864
2019-04-01,601988.XSHG,0.1474721298488912
2019-04-01,601992.XSHG,0.0069580824133658
2019-04-01,603899.XSHG,0.0062540179331741
2019-05-06,002142.XSHE,0.0083946021913119
2019-05-06,002203.XSHE,0.0013888831192614
2019-05-06,600000.XSHG,0.0280782135201764
2019-05-06,600011.XSHG,0.0059653344265069
2019-05-06,600015.XSHG,0.0083597392494998
2019-05-06,600016.XSHG,0.0187057772234232
2019-05-06,600019.XSHG,0.0129117675877349
2019-05-06,600023.XSHG,0.0052856281128806
2019-05-06,600028.XSHG,0.0440137008543529
2019-05-06,600036.XSHG,0.0592280961093539
2019-05-06,600085.XSHG,0.0034569110630883
2019-05-06,600161.XSHG,0.0017775731401489
2019-05-06,600177.XSHG,0.0027928086334205
2019-05-06,600269.XSHG,0.0008996984109473
2019-05-06,600276.XSHG,0.023938499964287
2019-05-06,600489.XSHG,0.0023142505839614
2019-05-06,600547.XSHG,0.0036156209695351
2019-05-06,600660.XSHG,0.00404303232375
2019-05-06,600674.XSHG,0.0031867866483154
2019-05-06,600688.XSHG,0.0030839905288554
2019-05-06,600795.XSHG,0.0043258123112932
2019-05-06,600872.XSHG,0.0023270335831501
2019-05-06,600886.XSHG,0.0045160721556478
2019-05-06,600887.XSHG,0.0153414486027651
2019-05-06,600900.XSHG,0.0314984559413682
2019-05-06,600919.XSHG,0.0037135743686148
2019-05-06,600998.XSHG,0.002092840538797
2019-05-06,601006.XSHG,0.0104098803232616
2019-05-06,601088.XSHG,0.0263756351030555
2019-05-06,601166.XSHG,0.0311980676556911
2019-05-06,601169.XSHG,0.0095946714258603
2019-05-06,601225.XSHG,0.0073069102406862
2019-05-06,601229.XSHG,0.0054152043682602
2019-05-06,601288.XSHG,0.0908750878331302
2019-05-06,601318.XSHG,0.0744201096014641
2019-05-06,601328.XSHG,0.0205713525374763
2019-05-06,601390.XSHG,0.0106196935559425
2019-05-06,601398.XSHG,0.1305745584537765
2019-05-06,601668.XSHG,0.0201686661105491
2019-05-06,601818.XSHG,0.0136176630784264
2019-05-06,601857.XSHG,0.1006294513360966
2019-05-06,601888.XSHG,0.0125654866190316
2019-05-06,601898.XSHG,0.0037427096580216
2019-05-06,601933.XSHG,0.0064093174907656
2019-05-06,601939.XSHG,0.0058078211387981
2019-05-06,601985.XSHG,0.0074329840933225
2019-05-06,601988.XSHG,0.067455028522872
2019-05-06,601998.XSHG,0.0164783526869975
2019-05-06,603288.XSHG,0.020234357357951
2019-05-06,603899.XSHG,0.0028408386461135
2019-06-03,001979.XSHE,0.004856700825392
2019-06-03,002120.XSHE,0.0016225561427824
2019-06-03,002142.XSHE,0.0099259350303122
2019-06-03,002203.XSHE,0.0017364043817144
2019-06-03,600000.XSHG,0.029841559076905
2019-06-03,600011.XSHG,0.0065136232454295
2019-06-03,600015.XSHG,0.0090891218787962
2019-06-03,600016.XSHG,0.0205967083639453
2019-06-03,600019.XSHG,0.0132734015405818
2019-06-03,600023.XSHG,0.0059789613125382
2019-06-03,600028.XSHG,0.0489342382265924
2019-06-03,600036.XSHG,0.0668010624393104
2019-06-03,600085.XSHG,0.0037878644209299
2019-06-03,600161.XSHG,0.0022223101619629
2019-06-03,600177.XSHG,0.0031994306807619
2019-06-03,600276.XSHG,0.0262084502487362
2019-06-03,600377.XSHG,0.003786140356779
2019-06-03,600388.XSHG,0.0012117966063697
2019-06-03,600398.XSHG,0.0037428911908934
2019-06-03,600489.XSHG,0.0027126678509667
2019-06-03,600547.XSHG,0.0044119767759973
2019-06-03,600642.XSHG,0.0025067423391262
2019-06-03,600674.XSHG,0.003766827236522
2019-06-03,600688.XSHG,0.00355984667492
2019-06-03,600795.XSHG,0.0046614368990597
2019-06-03,600872.XSHG,0.0029058969381531
2019-06-03,600886.XSHG,0.0050784408609627
2019-06-03,600887.XSHG,0.0174453551830251
2019-06-03,600900.XSHG,0.0365730602401081
2019-06-03,600919.XSHG,0.0041174239777612
2019-06-03,600926.XSHG,0.0016068597133621
2019-06-03,601006.XSHG,0.0118115697333833
2019-06-03,601088.XSHG,0.0288120317293183
2019-06-03,601169.XSHG,0.0100145630660168
2019-06-03,601229.XSHG,0.0055657539744895
2019-06-03,601288.XSHG,0.1032489765710868
2019-06-03,601318.XSHG,0.0807529676457466
2019-06-03,601328.XSHG,0.0221321683373979
2019-06-03,601398.XSHG,0.1446646222502437
2019-06-03,601566.XSHG,0.0007708262311113
2019-06-03,601818.XSHG,0.0145779268151317
2019-06-03,601857.XSHG,0.1086784708931692
2019-06-03,601888.XSHG,0.0140823674348079
2019-06-03,601898.XSHG,0.0040577460043823
2019-06-03,601899.XSHG,0.0053058729842814
2019-06-03,601933.XSHG,0.0074483893938632
2019-06-03,601939.XSHG,0.0063306769717823
2019-06-03,601988.XSHG,0.0734089815780225
2019-06-03,603899.XSHG,0.0035282290647777
2019-06-03,603939.XSHG,0.0021321685002879
2019-07-01,000869.XSHE,0.0013970988371651
2019-07-01,000883.XSHE,0.0026168631712567
2019-07-01,000902.XSHE,0.0011923786497539
2019-07-01,002120.XSHE,0.0017282018976952
2019-07-01,002142.XSHE,0.0112012220080915
2019-07-01,300144.XSHE,0.0025911606666556
2019-07-01,600000.XSHG,0.0310070901544544
2019-07-01,600015.XSHG,0.0093872779462584
2019-07-01,600016.XSHG,0.0214505973671863
2019-07-01,600019.XSHG,0.0137434952565854
2019-07-01,600023.XSHG,0.0057408815218663
2019-07-01,600028.XSHG,0.049338529111908
2019-07-01,600036.XSHG,0.0717204491629816
2019-07-01,600161.XSHG,0.0025559108221235
2019-07-01,600170.XSHG,0.0030465912988257
2019-07-01,600177.XSHG,0.0030234738010206
2019-07-01,600276.XSHG,0.0283109164613445
2019-07-01,600298.XSHG,0.0025622614330293
2019-07-01,600315.XSHG,0.0020238247834377
2019-07-01,600377.XSHG,0.003889752791231
2019-07-01,600388.XSHG,0.0012642341518969
2019-07-01,600398.XSHG,0.0037855277627373
2019-07-01,600642.XSHG,0.0025990711092286
2019-07-01,600674.XSHG,0.0037494879020683
2019-07-01,600795.XSHG,0.0047397009572341
2019-07-01,600887.XSHG,0.0195574850234705
2019-07-01,600900.XSHG,0.0369169853262615
2019-07-01,600919.XSHG,0.0041494438490352
2019-07-01,600926.XSHG,0.001663227548442
2019-07-01,601006.XSHG,0.0114860507666258
2019-07-01,601088.XSHG,0.0316969728099564
2019-07-01,601098.XSHG,0.0021473734690605
2019-07-01,601166.XSHG,0.0333708498958081
2019-07-01,601169.XSHG,0.01024711047067
2019-07-01,601225.XSHG,0.0088283434359417
2019-07-01,601229.XSHG,0.005952604459643
2019-07-01,601288.XSHG,0.1002945194015116
2019-07-01,601328.XSHG,0.0227808309850493
2019-07-01,601398.XSHG,0.150383744977132
2019-07-01,601668.XSHG,0.0227537701036638
2019-07-01,601818.XSHG,0.0144410477582758
2019-07-01,601838.XSHG,0.0015705449420687
2019-07-01,601857.XSHG,0.105725301280497
2019-07-01,601888.XSHG,0.0165932619390071
2019-07-01,601898.XSHG,0.0042079975768289
2019-07-01,601939.XSHG,0.0067431476731238
2019-07-01,601985.XSHG,0.0082714158417518
2019-07-01,601988.XSHG,0.0746667119974659
2019-07-01,601998.XSHG,0.0182469088184016
2019-07-01,603866.XSHG,0.0026383506242696
2019-08-01,000027.XSHE,0.0025235345161987
2019-08-01,000598.XSHE,0.0015361548701989
2019-08-01,000718.XSHE,0.000940162433329
2019-08-01,002352.XSHE,0.0065215282698095
2019-08-01,600000.XSHG,0.0353831803749737
2019-08-01,600011.XSHG,0.007682178968011
2019-08-01,600015.XSHG,0.0104347117975236
2019-08-01,600016.XSHG,0.0230710668941737
2019-08-01,600019.XSHG,0.0149518323444675
2019-08-01,600023.XSHG,0.0063349714853605
2019-08-01,600025.XSHG,0.0045637492551014
2019-08-01,600028.XSHG,0.0540099969269778
2019-08-01,600048.XSHG,0.0177802969375401
2019-08-01,600153.XSHG,0.0027239052395708
2019-08-01,600170.XSHG,0.0034486084713529
2019-08-01,600177.XSHG,0.0034842076724801
2019-08-01,600269.XSHG,0.0010953647541976
2019-08-01,600315.XSHG,0.0022857996347218
2019-08-01,600377.XSHG,0.0042153119992398
2019-08-01,600642.XSHG,0.0028532534775616
2019-08-01,600674.XSHG,0.0045100222827424
2019-08-01,600795.XSHG,0.0054577158851339
2019-08-01,600863.XSHG,0.0019459312294456
2019-08-01,600886.XSHG,0.0063362972780439
2019-08-01,600900.XSHG,0.0446027840427306
2019-08-01,600919.XSHG,0.0044347939370324
2019-08-01,600926.XSHG,0.0019009878909564
2019-08-01,601006.XSHG,0.0126765392763668
2019-08-01,601009.XSHG,0.0076359023918738
2019-08-01,601088.XSHG,0.0339685759317932
2019-08-01,601098.XSHG,0.0024009465103242
2019-08-01,601166.XSHG,0.0388325929295218
2019-08-01,601169.XSHG,0.0110041418867117
2019-08-01,601225.XSHG,0.0101586104381098
2019-08-01,601229.XSHG,0.0067372913391701
2019-08-01,601288.XSHG,0.1137675699723545
2019-08-01,601328.XSHG,0.0245179137153605
2019-08-01,601390.XSHG,0.0127290934522804
2019-08-01,601398.XSHG,0.1634590138186603
2019-08-01,601668.XSHG,0.0258764725373848
2019-08-01,601699.XSHG,0.0026444513485227
2019-08-01,601818.XSHG,0.0168651755405411
2019-08-01,601838.XSHG,0.0016965307260441
2019-08-01,601857.XSHG,0.1130433551254956
2019-08-01,601898.XSHG,0.0045793461641637
2019-08-01,601939.XSHG,0.0075996683835031
2019-08-01,601985.XSHG,0.0094369235484899
2019-08-01,601988.XSHG,0.0838211905689863
2019-08-01,601998.XSHG,0.020377688338408
2019-08-01,603659.XSHG,0.0011426571870558
2019-09-02,000333.XSHE,0.0358652376767873
2019-09-02,002203.XSHE,0.0017172919329255
2019-09-02,002212.XSHE,0.0014895801772548
2019-09-02,300015.XSHE,0.0083483330840278
2019-09-02,600000.XSHG,0.0309875306075881
2019-09-02,600011.XSHG,0.0065237841482661
2019-09-02,600015.XSHG,0.0091139330178039
2019-09-02,600016.XSHG,0.0202745622653754
2019-09-02,600023.XSHG,0.0053161401341424
2019-09-02,600025.XSHG,0.0039758417099753
2019-09-02,600028.XSHG,0.0466422136582691
2019-09-02,600038.XSHG,0.0029208247544414
2019-09-02,600085.XSHG,0.0037164884694045
2019-09-02,600170.XSHG,0.0029624666340642
2019-09-02,600177.XSHG,0.0030567757110326
2019-09-02,600377.XSHG,0.0037056748083447
2019-09-02,600585.XSHG,0.0159293139543165
2019-09-02,600642.XSHG,0.0025405469620409
2019-09-02,600674.XSHG,0.0042075263194152
2019-09-02,600690.XSHG,0.0094799753881399
2019-09-02,600795.XSHG,0.0047193015324596
2019-09-02,600863.XSHG,0.0017733661547869
2019-09-02,600879.XSHG,0.001590949115591
2019-09-02,600886.XSHG,0.0064596273880968
2019-09-02,600900.XSHG,0.039316750252521
2019-09-02,600919.XSHG,0.0074303147603842
2019-09-02,600926.XSHG,0.0016293766758629
2019-09-02,601006.XSHG,0.0113040333312373
2019-09-02,601009.XSHG,0.0064577332563013
2019-09-02,601088.XSHG,0.0310589691875236
2019-09-02,601098.XSHG,0.0021636502769542
2019-09-02,601117.XSHG,0.0027195910312729
2019-09-02,601166.XSHG,0.031974110122248
2019-09-02,601169.XSHG,0.0093682587694365
2019-09-02,601225.XSHG,0.0089161786481258
2019-09-02,601229.XSHG,0.0059171338160617
2019-09-02,601288.XSHG,0.0974973490412319
2019-09-02,601318.XSHG,0.0932154690629037
2019-09-02,601328.XSHG,0.0207614435455547
2019-09-02,601390.XSHG,0.01109008288445
2019-09-02,601398.XSHG,0.1412985650836672
2019-09-02,601668.XSHG,0.0222412838846907
2019-09-02,601818.XSHG,0.0146318611716753
2019-09-02,601838.XSHG,0.0014937177508613
2019-09-02,601857.XSHG,0.0969831322255214
2019-09-02,601898.XSHG,0.0045205280523129
2019-09-02,601939.XSHG,0.0064177394102755
2019-09-02,601985.XSHG,0.0082332148430212
2019-09-02,601988.XSHG,0.0725457945539275
2019-09-02,601998.XSHG,0.0174964327574249
2019-10-08,000333.XSHE,0.0311608857784675
2019-10-08,000538.XSHE,0.0040689685227242
2019-10-08,000598.XSHE,0.0012758212303316
2019-10-08,000651.XSHE,0.0302068128517834
2019-10-08,002007.XSHE,0.0036362406753346
2019-10-08,300015.XSHE,0.007888576264227
2019-10-08,600000.XSHG,0.0291003482092326
2019-10-08,600009.XSHG,0.0074005515469784
2019-10-08,600011.XSHG,0.0053173961863813
2019-10-08,600015.XSHG,0.0083011584030625
2019-10-08,600016.XSHG,0.0187609596649947
2019-10-08,600019.XSHG,0.011346250833899
2019-10-08,600023.XSHG,0.0046035967926943
2019-10-08,600028.XSHG,0.0415740899475619
2019-10-08,600036.XSHG,0.0624838477148247
2019-10-08,600085.XSHG,0.0032137307228826
2019-10-08,600170.XSHG,0.00248127903716
2019-10-08,600177.XSHG,0.0027922436830949
2019-10-08,600377.XSHG,0.0034319506619194
2019-10-08,600585.XSHG,0.0147703167648644
2019-10-08,600606.XSHG,0.0075068490402804
2019-10-08,600674.XSHG,0.0038304573719959
2019-10-08,600690.XSHG,0.0082502425220863
2019-10-08,600704.XSHG,0.0020198464181083
2019-10-08,600795.XSHG,0.004069443664399
2019-10-08,600900.XSHG,0.0355676462959456
2019-10-08,600919.XSHG,0.0067089964617439
2019-10-08,600926.XSHG,0.0015432721527449
2019-10-08,601006.XSHG,0.0097667694954894
2019-10-08,601009.XSHG,0.0064802262047995
2019-10-08,601088.XSHG,0.0267616917112809
2019-10-08,601117.XSHG,0.0024509472240576
2019-10-08,601166.XSHG,0.0297742833769458
2019-10-08,601169.XSHG,0.0085583694648453
2019-10-08,601225.XSHG,0.0076919951378843
2019-10-08,601229.XSHG,0.0055303616661105
2019-10-08,601288.XSHG,0.0890420156180691
2019-10-08,601318.XSHG,0.0829477673424962
2019-10-08,601328.XSHG,0.0187503034934001
2019-10-08,601333.XSHG,0.0015098905784282
2019-10-08,601398.XSHG,0.1304370860125044
2019-10-08,601668.XSHG,0.0195100720947177
2019-10-08,601818.XSHG,0.0141679981606501
2019-10-08,601838.XSHG,0.0013302397422164
2019-10-08,601857.XSHG,0.0860862944983119
2019-10-08,601939.XSHG,0.0059102276360661
2019-10-08,601985.XSHG,0.0071918791298405
2019-10-08,601988.XSHG,0.0660220173707994
2019-10-08,601998.XSHG,0.0159352830504635
2019-10-08,603012.XSHG,0.0008325015708973
2019-11-01,000166.XSHE,0.0107669329435106
2019-11-01,000333.XSHE,0.0397068042086136
2019-11-01,000402.XSHE,0.0023781611430005
2019-11-01,000598.XSHE,0.0014268139009816
2019-11-01,000623.XSHE,0.0018102081467282
2019-11-01,000983.XSHE,0.0017805296009796
2019-11-01,002024.XSHE,0.0082623664454635
2019-11-01,002128.XSHE,0.0013042090547457
2019-11-01,600000.XSHG,0.0355200337898248
2019-11-01,600015.XSHG,0.0096094719253929
2019-11-01,600016.XSHG,0.0217246058975996
2019-11-01,600028.XSHG,0.0463205350491774
2019-11-01,600036.XSHG,0.0748439652659431
2019-11-01,600085.XSHG,0.0036870139226411
2019-11-01,600089.XSHG,0.0023748538363309
2019-11-01,600170.XSHG,0.0028940546835005
2019-11-01,600177.XSHG,0.0032655074120043
2019-11-01,600219.XSHG,0.0020568338576404
2019-11-01,600348.XSHG,0.0012397014853416
2019-11-01,600350.XSHG,0.0022796959234859
2019-11-01,600362.XSHG,0.0029211705999412
2019-11-01,600585.XSHG,0.0172351884141268
2019-11-01,600606.XSHG,0.0082142992507615
2019-11-01,600642.XSHG,0.0026352234919117
2019-11-01,600674.XSHG,0.0042677743556492
2019-11-01,600795.XSHG,0.0045581215504549
2019-11-01,600900.XSHG,0.0389932013652641
2019-11-01,600919.XSHG,0.0081858049896808
2019-11-01,600926.XSHG,0.0038826191043272
2019-11-01,601006.XSHG,0.0113918810500269
2019-11-01,601009.XSHG,0.0074077022841709
2019-11-01,601021.XSHG,0.0040581626526689
2019-11-01,601088.XSHG,0.0300463827657134
2019-11-01,601117.XSHG,0.0029633465063788
2019-11-01,601166.XSHG,0.0366205409549958
2019-11-01,601169.XSHG,0.010184099221288
2019-11-01,601225.XSHG,0.0083961870948695
2019-11-01,601229.XSHG,0.0062601895344273
2019-11-01,601288.XSHG,0.1066863322989385
2019-11-01,601318.XSHG,0.0966873096885408
2019-11-01,601328.XSHG,0.022022384936274
2019-11-01,601333.XSHG,0.0017257177947834
2019-11-01,601398.XSHG,0.158754009474011
2019-11-01,601766.XSHG,0.0163796586148663
2019-11-01,601838.XSHG,0.0016024182042125
2019-11-01,601939.XSHG,0.0069423382823138
2019-11-01,601985.XSHG,0.0078383297929143
2019-11-01,601988.XSHG,0.0773036455068987
2019-11-01,601997.XSHG,0.0028483295571112
2019-11-01,601998.XSHG,0.0197353321695705
2019-12-02,000027.XSHE,0.0027318996296368
2019-12-02,000166.XSHE,0.012142610224799
2019-12-02,000402.XSHE,0.0026291290065791
2019-12-02,000598.XSHE,0.0015180340495189
2019-12-02,000623.XSHE,0.0019970995468651
2019-12-02,000728.XSHE,0.0027823100702205
2019-12-02,000778.XSHE,0.0017630629167178
2019-12-02,000983.XSHE,0.0020504327566805
2019-12-02,002128.XSHE,0.0015065730513893
2019-12-02,002493.XSHE,0.0079632584060605
2019-12-02,600015.XSHG,0.0107625515824384
2019-12-02,600016.XSHG,0.0247170878444966
2019-12-02,600023.XSHG,0.005992015817097
2019-12-02,600028.XSHG,0.0534341139795985
2019-12-02,600036.XSHG,0.0841495692036686
2019-12-02,600089.XSHG,0.002727339691797
2019-12-02,600170.XSHG,0.0033172109813112
2019-12-02,600177.XSHG,0.0038232947679044
2019-12-02,600219.XSHG,0.0023771167755178
2019-12-02,600252.XSHG,0.001142374739511
2019-12-02,600256.XSHG,0.002481065370929
2019-12-02,600309.XSHG,0.007927603416662
2019-12-02,600362.XSHG,0.0033500362842576
2019-12-02,600377.XSHG,0.0045671573758228
2019-12-02,600395.XSHG,0.0010787848102907
2019-12-02,600606.XSHG,0.0091272551911477
2019-12-02,600642.XSHG,0.0030699241323123
2019-12-02,600660.XSHG,0.0050073367853858
2019-12-02,600674.XSHG,0.0048187575648594
2019-12-02,600795.XSHG,0.0050612011405731
2019-12-02,600820.XSHG,0.002084881208036
2019-12-02,600900.XSHG,0.0445853850989786
2019-12-02,600919.XSHG,0.0089548092263351
2019-12-02,600926.XSHG,0.0043364992069593
2019-12-02,601006.XSHG,0.0132843753019829
2019-12-02,601166.XSHG,0.040720845213485
2019-12-02,601169.XSHG,0.0114407874055853
2019-12-02,601229.XSHG,0.0138427146826925
2019-12-02,601288.XSHG,0.1202499696945448
2019-12-02,601318.XSHG,0.1019237883565373
2019-12-02,601328.XSHG,0.0243427124067339
2019-12-02,601333.XSHG,0.0018899898738584
2019-12-02,601398.XSHG,0.1769551046901531
2019-12-02,601838.XSHG,0.0018155567774006
2019-12-02,601901.XSHG,0.0062399431613384
2019-12-02,601939.XSHG,0.0077163445377341
2019-12-02,601988.XSHG,0.0861897313133773
2019-12-02,601997.XSHG,0.0031731031282619
2019-12-02,601998.XSHG,0.0214810171726919
2019-12-02,603288.XSHG,0.0327562344292628
2020-01-02,000069.XSHE,0.0062085562970368
2020-01-02,000166.XSHE,0.0131985496267024
2020-01-02,000402.XSHE,0.0027692193208521
2020-01-02,000528.XSHE,0.0011810447199112
2020-01-02,000623.XSHE,0.0022067218522608
2020-01-02,000630.XSHE,0.0025443205005754
2020-01-02,000778.XSHE,0.0018730929715037
2020-01-02,000825.XSHE,0.0026884157507937
2020-01-02,000983.XSHE,0.0021933087706969
2020-01-02,002128.XSHE,0.0016115524275653
2020-01-02,002493.XSHE,0.0081626236624166
2020-01-02,002807.XSHE,0.0011505879928166
2020-01-02,600015.XSHG,0.0112290357005492
2020-01-02,600016.XSHG,0.0256504245628645
2020-01-02,600028.XSHG,0.056186148396214
2020-01-02,600036.XSHG,0.0912170389061759
2020-01-02,600039.XSHG,0.0013564391977177
2020-01-02,600064.XSHG,0.0013915897607636
2020-01-02,600089.XSHG,0.0028387062536954
2020-01-02,600153.XSHG,0.0029213573656472
2020-01-02,600177.XSHG,0.004094338632038
2020-01-02,600219.XSHG,0.0025156244170222
2020-01-02,600377.XSHG,0.0049005261231373
2020-01-02,600415.XSHG,0.0024824042352197
2020-01-02,600606.XSHG,0.0097148149214061
2020-01-02,600642.XSHG,0.0030130171349382
2020-01-02,600660.XSHG,0.0055947290155445
2020-01-02,600674.XSHG,0.0049514556904725
2020-01-02,600808.XSHG,0.0020972098794818
2020-01-02,600820.XSHG,0.0022026689564807
2020-01-02,600873.XSHG,0.0015766712962669
2020-01-02,600900.XSHG,0.046212800126993
2020-01-02,600919.XSHG,0.0094304410530413
2020-01-02,600926.XSHG,0.0049778159748037
2020-01-02,601000.XSHG,0.0017657548780029
2020-01-02,601006.XSHG,0.0138137634502823
2020-01-02,601166.XSHG,0.0437912427744643
2020-01-02,601169.XSHG,0.0118916702964174
2020-01-02,601229.XSHG,0.0143887469967329
2020-01-02,601288.XSHG,0.1247413793681484
2020-01-02,601318.XSHG,0.106099178594426
2020-01-02,601328.XSHG,0.0253553882332821
2020-01-02,601333.XSHG,0.0019863306815519
2020-01-02,601398.XSHG,0.1830571090234077
2020-01-02,601618.XSHG,0.0057865473148463
2020-01-02,601838.XSHG,0.0019495748452327
2020-01-02,601939.XSHG,0.0079758008128189
2020-01-02,601988.XSHG,0.0891692679872755
2020-01-02,601997.XSHG,0.003351657492145
2020-01-02,601998.XSHG,0.0225333357573583
2020-02-03,000630.XSHE,0.0022742026957525
2020-02-03,002024.XSHE,0.0077659316206684
2020-02-03,002142.XSHE,0.0155629808747274
2020-02-03,002221.XSHE,0.001431620118365
2020-02-03,002311.XSHE,0.0055656753136506
2020-02-03,002352.XSHE,0.0182314210188955
2020-02-03,002737.XSHE,0.0009450616288442
2020-02-03,300760.XSHE,0.0100791774899359
2020-02-03,600015.XSHG,0.0097726176310591
2020-02-03,600016.XSHG,0.0219064379508146
2020-02-03,600028.XSHG,0.0479294837792996
2020-02-03,600036.XSHG,0.0784534250232725
2020-02-03,600039.XSHG,0.0011372237519601
2020-02-03,600056.XSHG,0.0016988210670683
2020-02-03,600062.XSHG,0.0015777171940727
2020-02-03,600085.XSHG,0.0042137386482118
2020-02-03,600161.XSHG,0.0035295867470902
2020-02-03,600196.XSHG,0.0056043292728813
2020-02-03,600276.XSHG,0.0409451900904896
2020-02-03,600323.XSHG,0.0015972556254239
2020-02-03,600332.XSHG,0.0056947104753526
2020-02-03,600377.XSHG,0.0043810300085265
2020-02-03,600436.XSHG,0.0078213402145558
2020-02-03,600535.XSHG,0.0024994964752851
2020-02-03,600660.XSHG,0.0049319174743831
2020-02-03,600674.XSHG,0.0040097807203957
2020-02-03,600741.XSHG,0.0087555061157314
2020-02-03,600808.XSHG,0.0017169250877072
2020-02-03,600820.XSHG,0.001788635569008
2020-02-03,600887.XSHG,0.0182174665505498
2020-02-03,600900.XSHG,0.0409142701822633
2020-02-03,600919.XSHG,0.0080488346880649
2020-02-03,600926.XSHG,0.0043041200982141
2020-02-03,601006.XSHG,0.0116533076741605
2020-02-03,601009.XSHG,0.007007907097224
2020-02-03,601166.XSHG,0.0353910154388091
2020-02-03,601169.XSHG,0.0101235118352711
2020-02-03,601225.XSHG,0.0086852985580349
2020-02-03,601229.XSHG,0.0120221774564736
2020-02-03,601288.XSHG,0.1075854815982305
2020-02-03,601318.XSHG,0.0913917443562253
2020-02-03,601328.XSHG,0.0217753370646756
2020-02-03,601398.XSHG,0.1586476384936165
2020-02-03,601607.XSHG,0.004319364592869
2020-02-03,601838.XSHG,0.0016307764049292
2020-02-03,601939.XSHG,0.006707564335733
2020-02-03,601988.XSHG,0.0784853209755798
2020-02-03,601997.XSHG,0.0027095739048728
2020-02-03,601998.XSHG,0.0187046574611708
2020-02-03,603288.XSHG,0.029853391549601
2020-03-02,000059.XSHE,0.0009503009911694
2020-03-02,000166.XSHE,0.0105631952820816
2020-03-02,000598.XSHE,0.0013479699671995
2020-03-02,000630.XSHE,0.0021625875507589
2020-03-02,000688.XSHE,0.0016816207167461
2020-03-02,000703.XSHE,0.0034114517725688
2020-03-02,001979.XSHE,0.01413496893077
2020-03-02,002142.XSHE,0.0144716875958246
2020-03-02,002179.XSHE,0.004021622492625
2020-03-02,002311.XSHE,0.0053282388056852
2020-03-02,002673.XSHE,0.0033607183550666
2020-03-02,600008.XSHG,0.0018644742558149
2020-03-02,600015.XSHG,0.0087563891432166
2020-03-02,600016.XSHG,0.0198725516036371
2020-03-02,600028.XSHG,0.0433188217460159
2020-03-02,600036.XSHG,0.0691424208884897
2020-03-02,600062.XSHG,0.0013745063264662
2020-03-02,600085.XSHG,0.0035160426805269
2020-03-02,600089.XSHG,0.0023823901543205
2020-03-02,600170.XSHG,0.003091859976807
2020-03-02,600177.XSHG,0.003249889889739
2020-03-02,600276.XSHG,0.0362658281778926
2020-03-02,600323.XSHG,0.0014936798163866
2020-03-02,600377.XSHG,0.0037382632776901
2020-03-02,600519.XSHG,0.13158446508604
2020-03-02,600660.XSHG,0.0045767354876373
2020-03-02,600674.XSHG,0.0039275199239595
2020-03-02,600741.XSHG,0.0086817011042926
2020-03-02,600820.XSHG,0.0018225650988935
2020-03-02,600873.XSHG,0.0013430962632734
2020-03-02,600900.XSHG,0.0366248823922479
2020-03-02,600908.XSHG,0.0008641482288126
2020-03-02,600919.XSHG,0.0071507403598484
2020-03-02,600926.XSHG,0.0039639814450242
2020-03-02,601006.XSHG,0.0103386844839151
2020-03-02,601166.XSHG,0.0323241307737262
2020-03-02,601169.XSHG,0.009169929984455
2020-03-02,601225.XSHG,0.0078608656772574
2020-03-02,601229.XSHG,0.0111795955713245
2020-03-02,601288.XSHG,0.0981336308964991
2020-03-02,601318.XSHG,0.0830869701275309
2020-03-02,601328.XSHG,0.0200270812505553
2020-03-02,601398.XSHG,0.1393853457444431
2020-03-02,601838.XSHG,0.0015127583900904
2020-03-02,601939.XSHG,0.006097929453706
2020-03-02,601988.XSHG,0.0731837772491202
2020-03-02,601997.XSHG,0.0025434407259367
2020-03-02,601998.XSHG,0.0170176326180228
2020-03-02,603288.XSHG,0.0265535850961628
2020-03-02,603708.XSHG,0.0015433261697244
2020-04-01,000166.XSHE,0.010755349583026
2020-04-01,000538.XSHE,0.0055191055664794
2020-04-01,000598.XSHE,0.0015521872904424
2020-04-01,000630.XSHE,0.0022826459351097
2020-04-01,000729.XSHE,0.0016188128379264
2020-04-01,002024.XSHE,0.0075660041717277
2020-04-01,002179.XSHE,0.0039453623010479
2020-04-01,002493.XSHE,0.0066928327457544
2020-04-01,600008.XSHG,0.0018710086624899
2020-04-01,600015.XSHG,0.0090403960692422
2020-04-01,600016.XSHG,0.0219877681239907
2020-04-01,600022.XSHG,0.0015387607769514
2020-04-01,600027.XSHG,0.0025766456552913
2020-04-01,600028.XSHG,0.0457124689942066
2020-04-01,600036.XSHG,0.0722257198596798
2020-04-01,600085.XSHG,0.0037137865218126
2020-04-01,600170.XSHG,0.0030952760031267
2020-04-01,600177.XSHG,0.0034749444813624
2020-04-01,600219.XSHG,0.0021970301786317
2020-04-01,600276.XSHG,0.0432804627202688
2020-04-01,600282.XSHG,0.0014981651710335
2020-04-01,600377.XSHG,0.0039583936940488
2020-04-01,600519.XSHG,0.1509863507104962
2020-04-01,600674.XSHG,0.0044324109221583
2020-04-01,600795.XSHG,0.0043254058635891
2020-04-01,600820.XSHG,0.0018672241718949
2020-04-01,600886.XSHG,0.0058565880722318
2020-04-01,600887.XSHG,0.0187804977308779
2020-04-01,600900.XSHG,0.0408264366685939
2020-04-01,600908.XSHG,0.0009245211333159
2020-04-01,600919.XSHG,0.0074448519791708
2020-04-01,601000.XSHG,0.0014529246137256
2020-04-01,601006.XSHG,0.0109027602519166
2020-04-01,601009.XSHG,0.0067196626810528
2020-04-01,601088.XSHG,0.0287522689016894
2020-04-01,601169.XSHG,0.0096043241255124
2020-04-01,601225.XSHG,0.0081726972458883
2020-04-01,601229.XSHG,0.0118644933822522
2020-04-01,601288.XSHG,0.1083053350714622
2020-04-01,601328.XSHG,0.0220700374627914
2020-04-01,601390.XSHG,0.0109665961657928
2020-04-01,601398.XSHG,0.1515979782968897
2020-04-01,601727.XSHG,0.0055065096398507
2020-04-01,601766.XSHG,0.01725789959928
2020-04-01,601838.XSHG,0.0015542668724855
2020-04-01,601939.XSHG,0.0066697420940486
2020-04-01,601985.XSHG,0.0074122025407663
2020-04-01,601988.XSHG,0.0799250552613065
2020-04-01,601998.XSHG,0.0179049308034355
2020-04-01,603222.XSHG,0.0018129003938719
2020-05-06,000166.XSHE,0.0109570685692744
2020-05-06,000333.XSHE,0.0405098544820093
2020-05-06,000538.XSHE,0.0060207810576399
2020-05-06,000598.XSHE,0.0015893626482406
2020-05-06,000623.XSHE,0.0019298201732943
2020-05-06,000729.XSHE,0.0016598653566752
2020-05-06,002128.XSHE,0.0014229344650435
2020-05-06,002179.XSHE,0.0041667935050177
2020-05-06,002294.XSHE,0.0021716052587584
2020-05-06,002493.XSHE,0.0078026680587669
2020-05-06,600008.XSHG,0.0021231673313714
2020-05-06,600015.XSHG,0.0091416618915664
2020-05-06,600016.XSHG,0.0226799826540159
2020-05-06,600019.XSHG,0.0118891890397297
2020-05-06,600027.XSHG,0.002834658271238
2020-05-06,600028.XSHG,0.046359086933562
2020-05-06,600048.XSHG,0.0207386213131444
2020-05-06,600064.XSHG,0.0012087038838919
2020-05-06,600085.XSHG,0.0038749958132672
2020-05-06,600153.XSHG,0.0026578023596537
2020-05-06,600170.XSHG,0.003188727736042
2020-05-06,600177.XSHG,0.0036240625028176
2020-05-06,600219.XSHG,0.0022508631220364
2020-05-06,600276.XSHG,0.0465990971013306
2020-05-06,600282.XSHG,0.0015444935950562
2020-05-06,600377.XSHG,0.004302715405927
2020-05-06,600436.XSHG,0.0096126691377067
2020-05-06,600519.XSHG,0.1788407643448774
2020-05-06,600795.XSHG,0.0042609032630673
2020-05-06,600820.XSHG,0.0019763908745927
2020-05-06,600886.XSHG,0.0056554236387123
2020-05-06,600900.XSHG,0.0415360390272229
2020-05-06,600926.XSHG,0.0043005936390889
2020-05-06,600999.XSHG,0.0113873949502954
2020-05-06,601006.XSHG,0.0113967343945975
2020-05-06,601009.XSHG,0.0071247464661358
2020-05-06,601169.XSHG,0.0098720561140854
2020-05-06,601229.XSHG,0.0117784429974454
2020-05-06,601288.XSHG,0.1101337038598997
2020-05-06,601328.XSHG,0.0220511743370815
2020-05-06,601390.XSHG,0.0119601519277891
2020-05-06,601398.XSHG,0.1508778883227349
2020-05-06,601668.XSHG,0.0236732730185125
2020-05-06,601727.XSHG,0.0056770996885176
2020-05-06,601766.XSHG,0.016544724458484
2020-05-06,601838.XSHG,0.0016097310629797
2020-05-06,601939.XSHG,0.0066609873518917
2020-05-06,601985.XSHG,0.0074150842013777
2020-05-06,601988.XSHG,0.0796312962544001
2020-05-06,603858.XSHG,0.0027741441391307
2020-06-01,000166.XSHE,0.0107997763233356
2020-06-01,000333.XSHE,0.0438196522919045
2020-06-01,000538.XSHE,0.0057181036953136
2020-06-01,000598.XSHE,0.0015041525495549
2020-06-01,000623.XSHE,0.0018810893456709
2020-06-01,000729.XSHE,0.0017306427548508
2020-06-01,002128.XSHE,0.0014172117301658
2020-06-01,002294.XSHE,0.0022650278212662
2020-06-01,002352.XSHE,0.0215197403175329
2020-06-01,002493.XSHE,0.0072066329472188
2020-06-01,600000.XSHG,0.0318057793815053
2020-06-01,600008.XSHG,0.0018366662149844
2020-06-01,600015.XSHG,0.0087479441918629
2020-06-01,600016.XSHG,0.0217059682782595
2020-06-01,600019.XSHG,0.0115837203609938
2020-06-01,600025.XSHG,0.0035198166176487
2020-06-01,600064.XSHG,0.0012385312270317
2020-06-01,600085.XSHG,0.0037149089737027
2020-06-01,600170.XSHG,0.0029616984213451
2020-06-01,600177.XSHG,0.0031137455212876
2020-06-01,600219.XSHG,0.0021425147527452
2020-06-01,600276.XSHG,0.0451441092305018
2020-06-01,600282.XSHG,0.0013337432565078
2020-06-01,600436.XSHG,0.0095238010891996
2020-06-01,600519.XSHG,0.1894895967070332
2020-06-01,600549.XSHG,0.001851240502955
2020-06-01,600674.XSHG,0.0042054796466159
2020-06-01,600820.XSHG,0.0021015435903336
2020-06-01,600886.XSHG,0.0055598320625069
2020-06-01,600900.XSHG,0.0416135368503962
2020-06-01,600926.XSHG,0.0046997849729379
2020-06-01,600959.XSHG,0.0017524058727005
2020-06-01,601006.XSHG,0.0108376048529098
2020-06-01,601009.XSHG,0.0071388135915812
2020-06-01,601088.XSHG,0.0290201912227436
2020-06-01,601169.XSHG,0.0095599230206361
2020-06-01,601229.XSHG,0.0114432627288283
2020-06-01,601288.XSHG,0.1068678456753435
2020-06-01,601328.XSHG,0.0214806983453003
2020-06-01,601390.XSHG,0.0105360427070983
2020-06-01,601398.XSHG,0.1478363420522994
2020-06-01,601618.XSHG,0.004818674640502
2020-06-01,601668.XSHG,0.0221821861851507
2020-06-01,601688.XSHG,0.0139874554126208
2020-06-01,601818.XSHG,0.0162450799986543
2020-06-01,601838.XSHG,0.0016103059584777
2020-06-01,601939.XSHG,0.0065246336968787
2020-06-01,601988.XSHG,0.0777178852414346
2020-06-01,603156.XSHG,0.0018338595200689
2020-06-01,603858.XSHG,0.0028507976496003
2020-07-01,000166.XSHE,0.0110189779986551
2020-07-01,000333.XSHE,0.0409760183742679
2020-07-01,000538.XSHE,0.0053611846475372
2020-07-01,000623.XSHE,0.0017372585869158
2020-07-01,000776.XSHE,0.0082754969683421
2020-07-01,002032.XSHE,0.0042154897233502
2020-07-01,002128.XSHE,0.0012370955930962
2020-07-01,002352.XSHE,0.0231377461843681
2020-07-01,002493.XSHE,0.0068457519797204
2020-07-01,002736.XSHE,0.0089609509322197
2020-07-01,600000.XSHG,0.0288830724943785
2020-07-01,600015.XSHG,0.0076075508168859
2020-07-01,600016.XSHG,0.019512221710153
2020-07-01,600019.XSHG,0.0098374636223559
2020-07-01,600025.XSHG,0.0032293872357908
2020-07-01,600030.XSHG,0.0232165639141883
2020-07-01,600036.XSHG,0.0686760926169003
2020-07-01,600064.XSHG,0.0011649671943914
2020-07-01,600085.XSHG,0.0036129899158784
2020-07-01,600219.XSHG,0.00235573680892
2020-07-01,600323.XSHG,0.0016681456854215
2020-07-01,600325.XSHG,0.0015027839701388
2020-07-01,600436.XSHG,0.0100246595906418
2020-07-01,600519.XSHG,0.1796227118197248
2020-07-01,600642.XSHG,0.002500298983335
2020-07-01,600674.XSHG,0.0039470970039654
2020-07-01,600835.XSHG,0.0012934654853433
2020-07-01,600886.XSHG,0.0051494717475436
2020-07-01,600887.XSHG,0.0180051730961572
2020-07-01,600900.XSHG,0.0409464664462947
2020-07-01,600926.XSHG,0.0043830217879533
2020-07-01,600958.XSHG,0.0052589128669021
2020-07-01,601006.XSHG,0.0099868495077383
2020-07-01,601009.XSHG,0.0060388743384282
2020-07-01,601018.XSHG,0.0045253092756333
2020-07-01,601169.XSHG,0.008695989676959
2020-07-01,601211.XSHG,0.0126009134989167
2020-07-01,601229.XSHG,0.0108896854448165
2020-07-01,601288.XSHG,0.0953899988624116
2020-07-01,601319.XSHG,0.0036020766691956
2020-07-01,601328.XSHG,0.0193808609530693
2020-07-01,601398.XSHG,0.128740220605447
2020-07-01,601618.XSHG,0.0043733682637605
2020-07-01,601668.XSHG,0.0193038922743839
2020-07-01,601688.XSHG,0.0135743049344196
2020-07-01,601818.XSHG,0.0146286436059437
2020-07-01,601838.XSHG,0.0014645761945604
2020-07-01,601939.XSHG,0.0058386907500155
2020-07-01,601988.XSHG,0.0705897658000263
2020-07-01,601998.XSHG,0.0162117535425356
2020-08-03,000039.XSHE,0.0018494541757133
2020-08-03,000333.XSHE,0.0681992510507997
2020-08-03,000538.XSHE,0.0096216227095358
2020-08-03,000598.XSHE,0.002140284508984
2020-08-03,000778.XSHE,0.0020468781721726
2020-08-03,002032.XSHE,0.0071276930066596
2020-08-03,002352.XSHE,0.0427570133779223
2020-08-03,002408.XSHE,0.001946323247187
2020-08-03,002647.XSHE,0.0031858961342695
2020-08-03,600008.XSHG,0.0026670507204138
2020-08-03,600011.XSHG,0.0071409574821107
2020-08-03,600016.XSHG,0.0271238737507741
2020-08-03,600018.XSHG,0.0145369044630362
2020-08-03,600025.XSHG,0.0047039765042727
2020-08-03,600039.XSHG,0.0020592478102111
2020-08-03,600062.XSHG,0.0021211427619542
2020-08-03,600085.XSHG,0.0052129008935648
2020-08-03,600170.XSHG,0.0038585780742944
2020-08-03,600177.XSHG,0.0042665265319444
2020-08-03,600252.XSHG,0.0019074505317241
2020-08-03,600256.XSHG,0.0027409263647505
2020-08-03,600323.XSHG,0.0028303158978234
2020-08-03,600332.XSHG,0.0072913034563276
2020-08-03,600585.XSHG,0.0342349653861315
2020-08-03,600795.XSHG,0.0055686606898541
2020-08-03,600820.XSHG,0.0026383829650681
2020-08-03,600875.XSHG,0.0029256218648611
2020-08-03,600886.XSHG,0.0080563501482319
2020-08-03,600900.XSHG,0.0554750029570189
2020-08-03,600977.XSHG,0.0038063148547279
2020-08-03,601000.XSHG,0.0020217166348342
2020-08-03,601006.XSHG,0.0133345091714408
2020-08-03,601018.XSHG,0.007665354242617
2020-08-03,601139.XSHG,0.0031813949580662
2020-08-03,601169.XSHG,0.0122252198886978
2020-08-03,601225.XSHG,0.011142873678318
2020-08-03,601229.XSHG,0.0155614925327852
2020-08-03,601288.XSHG,0.1310648397766614
2020-08-03,601328.XSHG,0.0257560813693992
2020-08-03,601390.XSHG,0.0144086219881212
2020-08-03,601398.XSHG,0.1847060374776972
2020-08-03,601607.XSHG,0.0059651771121269
2020-08-03,601611.XSHG,0.0026000149791372
2020-08-03,601618.XSHG,0.0069502522106481
2020-08-03,601668.XSHG,0.0288295447059247
2020-08-03,601766.XSHG,0.0198458490424054
2020-08-03,601985.XSHG,0.0094644674627804
2020-08-03,601988.XSHG,0.0968407643911345
2020-08-03,603288.XSHG,0.0666167531310243
2020-08-03,603377.XSHG,0.0017781647538388
2020-09-01,000333.XSHE,0.0581529085755242
2020-09-01,000598.XSHE,0.0018734419326091
2020-09-01,000709.XSHE,0.0028077940891299
2020-09-01,000778.XSHE,0.001792229418947
2020-09-01,002647.XSHE,0.0033122896512817
2020-09-01,600008.XSHG,0.0022924854755942
2020-09-01,600009.XSHG,0.009831026755252
2020-09-01,600016.XSHG,0.0233831219303689
2020-09-01,600018.XSHG,0.0121473107860126
2020-09-01,600023.XSHG,0.0062744189124889
2020-09-01,600025.XSHG,0.0042987598449925
2020-09-01,600029.XSHG,0.0056371923091046
2020-09-01,600170.XSHG,0.0033369876629996
2020-09-01,600177.XSHG,0.0041666997247978
2020-09-01,600323.XSHG,0.0027625807705697
2020-09-01,600388.XSHG,0.0013743438794422
2020-09-01,600398.XSHG,0.003662785047067
2020-09-01,600519.XSHG,0.2684546699668494
2020-09-01,600528.XSHG,0.0025450510460798
2020-09-01,600582.XSHG,0.0016147717905583
2020-09-01,600637.XSHG,0.0042964077842491
2020-09-01,600674.XSHG,0.0053355344701709
2020-09-01,600704.XSHG,0.0025179826591366
2020-09-01,600795.XSHG,0.0047540580809547
2020-09-01,600820.XSHG,0.0022372268848355
2020-09-01,600875.XSHG,0.0024392515520247
2020-09-01,600886.XSHG,0.0073959476615752
2020-09-01,600900.XSHG,0.0509551274729719
2020-09-01,600919.XSHG,0.0088111526387126
2020-09-01,600959.XSHG,0.0020831873132178
2020-09-01,600977.XSHG,0.0033300834934605
2020-09-01,601006.XSHG,0.0116365477040455
2020-09-01,601021.XSHG,0.0048224440436503
2020-09-01,601088.XSHG,0.0315851894510694
2020-09-01,601098.XSHG,0.002438792143508
2020-09-01,601166.XSHG,0.0380342262095391
2020-09-01,601169.XSHG,0.0105175544083842
2020-09-01,601225.XSHG,0.0096772759898396
2020-09-01,601229.XSHG,0.0135120959657443
2020-09-01,601288.XSHG,0.111943015876958
2020-09-01,601328.XSHG,0.0219712207752545
2020-09-01,601390.XSHG,0.0124877834780506
2020-09-01,601618.XSHG,0.0060128898635508
2020-09-01,601668.XSHG,0.0252449522252275
2020-09-01,601766.XSHG,0.016849174081626
2020-09-01,601985.XSHG,0.0086206809811102
2020-09-01,601988.XSHG,0.0812355046935951
2020-09-01,601992.XSHG,0.0032418920948103
2020-09-01,603288.XSHG,0.0725092228267302
2020-09-01,603568.XSHG,0.0037827076063253
2020-10-09,000002.XSHE,0.0229535457651783
2020-10-09,000598.XSHE,0.0012863436379574
2020-10-09,000651.XSHE,0.0275538581277247
2020-10-09,000709.XSHE,0.0019152510262703
2020-10-09,000778.XSHE,0.0011986064874249
2020-10-09,002647.XSHE,0.0026503495830819
2020-10-09,002841.XSHE,0.0033036781538992
2020-10-09,003816.XSHE,0.0023763529142384
2020-10-09,600015.XSHG,0.0066584669422073
2020-10-09,600016.XSHG,0.0158436452690248
2020-10-09,600018.XSHG,0.008243693995444
2020-10-09,600019.XSHG,0.0094318503235934
2020-10-09,600023.XSHG,0.0042993887471831
2020-10-09,600025.XSHG,0.0031985829493662
2020-10-09,600028.XSHG,0.0316572413711235
2020-10-09,600036.XSHG,0.062915850914122
2020-10-09,600104.XSHG,0.0195007458934383
2020-10-09,600170.XSHG,0.0023335521737172
2020-10-09,600256.XSHG,0.0016340282743395
2020-10-09,600266.XSHG,0.0010975716826437
2020-10-09,600519.XSHG,0.1795967124586992
2020-10-09,600637.XSHG,0.0028380403366017
2020-10-09,600704.XSHG,0.001717190566974
2020-10-09,600795.XSHG,0.0033792165316839
2020-10-09,600886.XSHG,0.0051140783160489
2020-10-09,600900.XSHG,0.0362665693271439
2020-10-09,600919.XSHG,0.005887246788317
2020-10-09,601006.XSHG,0.0080708193017025
2020-10-09,601018.XSHG,0.0043196024797545
2020-10-09,601088.XSHG,0.0230487312288287
2020-10-09,601098.XSHG,0.001650240861532
2020-10-09,601117.XSHG,0.0022621662636879
2020-10-09,601155.XSHG,0.0065493979493511
2020-10-09,601166.XSHG,0.0267373515278793
2020-10-09,601169.XSHG,0.007229826810091
2020-10-09,601229.XSHG,0.009340881209159
2020-10-09,601288.XSHG,0.0785783256942685
2020-10-09,601318.XSHG,0.0711356421893373
2020-10-09,601390.XSHG,0.0093726070973088
2020-10-09,601398.XSHG,0.1115926417224025
2020-10-09,601618.XSHG,0.0040482630726416
2020-10-09,601668.XSHG,0.0177356277760732
2020-10-09,601766.XSHG,0.0114022904540287
2020-10-09,601857.XSHG,0.0563729323367129
2020-10-09,601939.XSHG,0.0049655469426168
2020-10-09,601985.XSHG,0.0058520955140498
2020-10-09,601988.XSHG,0.0570320644254028
2020-10-09,601992.XSHG,0.002184925526449
2020-10-09,601997.XSHG,0.0020304563728885
2020-10-09,601998.XSHG,0.0136359046863843
2020-11-02,000002.XSHE,0.021283659286514
2020-11-02,000623.XSHE,0.0015068313330817
2020-11-02,000651.XSHE,0.0281672435651412
2020-11-02,000778.XSHE,0.0010963162207648
2020-11-02,000883.XSHE,0.0020395038722303
2020-11-02,002647.XSHE,0.0025822010287585
2020-11-02,002841.XSHE,0.0032597536572407
2020-11-02,600008.XSHG,0.0016917284188549
2020-11-02,600015.XSHG,0.0060811639318146
2020-11-02,600016.XSHG,0.014260488616451
2020-11-02,600018.XSHG,0.007538679998839
2020-11-02,600019.XSHG,0.0096390960034537
2020-11-02,600023.XSHG,0.0038807407583471
2020-11-02,600025.XSHG,0.0028903906255329
2020-11-02,600028.XSHG,0.0292883614193774
2020-11-02,600036.XSHG,0.0650871413219902
2020-11-02,600050.XSHG,0.0112746573749903
2020-11-02,600062.XSHG,0.0010516628978039
2020-11-02,600104.XSHG,0.0220719587641831
2020-11-02,600276.XSHG,0.0370415954304749
2020-11-02,600519.XSHG,0.1648421928684953
2020-11-02,600567.XSHG,0.001109543418776
2020-11-02,600704.XSHG,0.001475287256185
2020-11-02,600782.XSHG,0.0010223329720463
2020-11-02,600795.XSHG,0.0030807300870879
2020-11-02,600886.XSHG,0.0049355496222625
2020-11-02,600900.XSHG,0.0352796337499661
2020-11-02,600919.XSHG,0.0053491301251605
2020-11-02,601006.XSHG,0.0073885431678619
2020-11-02,601088.XSHG,0.0215882167164782
2020-11-02,601098.XSHG,0.0014669873133907
2020-11-02,601117.XSHG,0.0021345311644558
2020-11-02,601155.XSHG,0.0058121946472923
2020-11-02,601166.XSHG,0.0273694562235295
2020-11-02,601169.XSHG,0.0066944313091983
2020-11-02,601186.XSHG,0.0074211725671299
2020-11-02,601229.XSHG,0.0083557243332982
2020-11-02,601288.XSHG,0.0730702463319385
2020-11-02,601318.XSHG,0.0655803355214087
2020-11-02,601328.XSHG,0.0138764402432083
2020-11-02,601390.XSHG,0.0085719544616069
2020-11-02,601398.XSHG,0.1044044034154538
2020-11-02,601618.XSHG,0.0035965605053155
2020-11-02,601668.XSHG,0.0164924192390086
2020-11-02,601766.XSHG,0.0101644133457459
2020-11-02,601857.XSHG,0.0515328792978275
2020-11-02,601939.XSHG,0.0046926818468034
2020-11-02,601985.XSHG,0.0056249060493632
2020-11-02,601988.XSHG,0.0527038745223961
2020-11-02,601998.XSHG,0.0126300531514624
2020-12-01,000002.XSHE,0.0306734428718543
2020-12-01,000598.XSHE,0.001582255172822
2020-12-01,000651.XSHE,0.0411947809732023
2020-12-01,000709.XSHE,0.0024747338981567
2020-12-01,000778.XSHE,0.0015478111968079
2020-12-01,000883.XSHE,0.0027250697653913
2020-12-01,600000.XSHG,0.0310443187521597
2020-12-01,600008.XSHG,0.0022989846577239
2020-12-01,600015.XSHG,0.0087955037479959
2020-12-01,600016.XSHG,0.0197000453306281
2020-12-01,600023.XSHG,0.005223213399115
2020-12-01,600025.XSHG,0.0042263001084626
2020-12-01,600028.XSHG,0.0415060690561023
2020-12-01,600036.XSHG,0.0978642804910481
2020-12-01,600048.XSHG,0.0211983451913644
2020-12-01,600170.XSHG,0.0028242707318492
2020-12-01,600177.XSHG,0.0034461223480735
2020-12-01,600528.XSHG,0.002167131346541
2020-12-01,600567.XSHG,0.0015714144342757
2020-12-01,600637.XSHG,0.0033694247080835
2020-12-01,600674.XSHG,0.0047327784823252
2020-12-01,600717.XSHG,0.0012060119849861
2020-12-01,600795.XSHG,0.0043584325040085
2020-12-01,600820.XSHG,0.0018854450692752
2020-12-01,600886.XSHG,0.0067809280645469
2020-12-01,600900.XSHG,0.047405336187965
2020-12-01,600919.XSHG,0.0075469717424245
2020-12-01,601003.XSHG,0.0013342178547024
2020-12-01,601006.XSHG,0.0104113453152771
2020-12-01,601009.XSHG,0.0076560192214509
2020-12-01,601088.XSHG,0.033427228148663
2020-12-01,601117.XSHG,0.0032925296765009
2020-12-01,601169.XSHG,0.0093876844179785
2020-12-01,601186.XSHG,0.010241055316905
2020-12-01,601229.XSHG,0.0115810468071504
2020-12-01,601288.XSHG,0.1014550118217285
2020-12-01,601328.XSHG,0.0192655913353198
2020-12-01,601390.XSHG,0.0118979120725379
2020-12-01,601398.XSHG,0.1514370401472688
2020-12-01,601618.XSHG,0.0051695920768379
2020-12-01,601668.XSHG,0.0233409596613173
2020-12-01,601766.XSHG,0.0142640921601028
2020-12-01,601857.XSHG,0.071495671535291
2020-12-01,601898.XSHG,0.0041913711049211
2020-12-01,601939.XSHG,0.0071913810387587
2020-12-01,601985.XSHG,0.0078637983706855
2020-12-01,601988.XSHG,0.0727183568650931
2020-12-01,601992.XSHG,0.0026615054409274
2020-12-01,601997.XSHG,0.0027085969183764
2020-12-01,601998.XSHG,0.0176585704750141
2021-01-04,000002.XSHE,0.0266269205180193
2021-01-04,000709.XSHE,0.0023457256306522
2021-01-04,000778.XSHE,0.0014216268974757
2021-01-04,000825.XSHE,0.0020325084908861
2021-01-04,003816.XSHE,0.0027035641576429
2021-01-04,600000.XSHG,0.0280540347845834
2021-01-04,600008.XSHG,0.0020707554435389
2021-01-04,600010.XSHG,0.0036868946097279
2021-01-04,600015.XSHG,0.0078542080384622
2021-01-04,600016.XSHG,0.0181886241489801
2021-01-04,600021.XSHG,0.0016461144812778
2021-01-04,600023.XSHG,0.0048562527573976
2021-01-04,600025.XSHG,0.007936185289528
2021-01-04,600028.XSHG,0.0379841863391043
2021-01-04,600048.XSHG,0.0180487400761184
2021-01-04,600170.XSHG,0.0026338779438391
2021-01-04,600177.XSHG,0.0032782621138587
2021-01-04,600519.XSHG,0.2474388360264934
2021-01-04,600528.XSHG,0.0019436219422634
2021-01-04,600567.XSHG,0.0013961270306423
2021-01-04,600582.XSHG,0.0012613701171684
2021-01-04,600637.XSHG,0.0030378438789182
2021-01-04,600642.XSHG,0.002339243347406
2021-01-04,600674.XSHG,0.0043811429415672
2021-01-04,600704.XSHG,0.002216932649952
2021-01-04,600795.XSHG,0.0042834666702366
2021-01-04,600863.XSHG,0.0014666908596943
2021-01-04,600886.XSHG,0.005998208919265
2021-01-04,600900.XSHG,0.0423954785487356
2021-01-04,600919.XSHG,0.0078492510671453
2021-01-04,600998.XSHG,0.0033268048732098
2021-01-04,601000.XSHG,0.0014378821529931
2021-01-04,601006.XSHG,0.0094435413973976
2021-01-04,601155.XSHG,0.0074530385592196
2021-01-04,601169.XSHG,0.0100935379230399
2021-01-04,601186.XSHG,0.0089294948594041
2021-01-04,601229.XSHG,0.0105160858629041
2021-01-04,601288.XSHG,0.0907831213283948
2021-01-04,601328.XSHG,0.0173056738667969
2021-01-04,601390.XSHG,0.0105851166559071
2021-01-04,601398.XSHG,0.1332321563496492
2021-01-04,601658.XSHG,0.005204433079062
2021-01-04,601668.XSHG,0.0199790643658725
2021-01-04,601766.XSHG,0.0126697631194018
2021-01-04,601857.XSHG,0.0669193727867522
2021-01-04,601916.XSHG,0.0028005597546117
2021-01-04,601985.XSHG,0.0075997474732791
2021-01-04,601988.XSHG,0.0659007848086719
2021-01-04,601992.XSHG,0.002425021146468
2021-01-04,601998.XSHG,0.0160181039163816
2021-02-01,000002.XSHE,0.0269167723230761
2021-02-01,000069.XSHE,0.0046443655469831
2021-02-01,000778.XSHE,0.0013800858106857
2021-02-01,002110.XSHE,0.0013807876277693
2021-02-01,003816.XSHE,0.0026277550244365
2021-02-01,600000.XSHG,0.0302387559996765
2021-02-01,600008.XSHG,0.0020499396798057
2021-02-01,600010.XSHG,0.0035322304287024
2021-02-01,600015.XSHG,0.0080474777347112
2021-02-01,600016.XSHG,0.0179867000354165
2021-02-01,600023.XSHG,0.004657083822778
2021-02-01,600025.XSHG,0.0079752165582074
2021-02-01,600028.XSHG,0.0372466094498477
2021-02-01,600068.XSHG,0.002971734654251
2021-02-01,600170.XSHG,0.002547207099601
2021-02-01,600177.XSHG,0.0033619319044122
2021-02-01,600208.XSHG,0.0025538551353271
2021-02-01,600377.XSHG,0.0033617441986811
2021-02-01,600519.XSHG,0.2614713670960992
2021-02-01,600528.XSHG,0.0018874836254723
2021-02-01,600637.XSHG,0.0029145189852829
2021-02-01,600674.XSHG,0.0048609170620311
2021-02-01,600688.XSHG,0.0025311935377412
2021-02-01,600704.XSHG,0.0021329922242629
2021-02-01,600717.XSHG,0.0010970893531934
2021-02-01,600795.XSHG,0.0040138887530711
2021-02-01,600820.XSHG,0.0016133284533875
2021-02-01,600886.XSHG,0.0059596164458646
2021-02-01,600900.XSHG,0.0436036059404938
2021-02-01,600919.XSHG,0.0080551837951115
2021-02-01,600998.XSHG,0.0034891415760038
2021-02-01,601006.XSHG,0.0093596922174129
2021-02-01,601009.XSHG,0.0068969926685933
2021-02-01,601169.XSHG,0.0099310890925611
2021-02-01,601186.XSHG,0.0087177667929063
2021-02-01,601229.XSHG,0.0112644864184966
2021-02-01,601288.XSHG,0.0919839178083999
2021-02-01,601328.XSHG,0.0173907855900602
2021-02-01,601398.XSHG,0.1367496797589617
2021-02-01,601668.XSHG,0.0193205082932169
2021-02-01,601816.XSHG,0.0143198034056503
2021-02-01,601828.XSHG,0.0029189893872397
2021-02-01,601857.XSHG,0.0651913342678369
2021-02-01,601916.XSHG,0.0027602891842737
2021-02-01,601939.XSHG,0.0063996253365638
2021-02-01,601988.XSHG,0.066137886463702
2021-02-01,601992.XSHG,0.0022122676155711
2021-02-01,601997.XSHG,0.0024287920156722
2021-02-01,601998.XSHG,0.0177758573031373
2021-02-01,688009.XSHG,0.001129656497358
2021-03-01,000402.XSHE,0.0023605216515937
2021-03-01,000598.XSHE,0.0019339358473082
2021-03-01,000778.XSHE,0.0018970168482078
2021-03-01,000999.XSHE,0.0033480939596223
2021-03-01,002110.XSHE,0.0019579612905577
2021-03-01,003816.XSHE,0.0034744154375658
2021-03-01,600000.XSHG,0.0402231347440852
2021-03-01,600008.XSHG,0.0027953024226875
2021-03-01,600015.XSHG,0.0103802905453917
2021-03-01,600016.XSHG,0.023746835305236
2021-03-01,600018.XSHG,0.0144974793495121
2021-03-01,600023.XSHG,0.0061656582440367
2021-03-01,600025.XSHG,0.0103282488670506
2021-03-01,600028.XSHG,0.0565630310168369
2021-03-01,600068.XSHG,0.0040616847895278
2021-03-01,600170.XSHG,0.0034125953438952
2021-03-01,600177.XSHG,0.0048804776391901
2021-03-01,600377.XSHG,0.0045553862995663
2021-03-01,600642.XSHG,0.0030777041824999
2021-03-01,600674.XSHG,0.0060439493200715
2021-03-01,600688.XSHG,0.0035122535238818
2021-03-01,600795.XSHG,0.0053703707104305
2021-03-01,600808.XSHG,0.0021952273788187
2021-03-01,600820.XSHG,0.0021583513506218
2021-03-01,600886.XSHG,0.0075337726835485
2021-03-01,600900.XSHG,0.0579403066778558
2021-03-01,600919.XSHG,0.010952742975209
2021-03-01,601000.XSHG,0.0018574718652805
2021-03-01,601006.XSHG,0.0126127275092533
2021-03-01,601009.XSHG,0.0096351608714153
2021-03-01,601169.XSHG,0.0130353801845147
2021-03-01,601186.XSHG,0.0117705821443687
2021-03-01,601200.XSHG,0.001736426749553
2021-03-01,601229.XSHG,0.0147855750441706
2021-03-01,601288.XSHG,0.1237835193427623
2021-03-01,601328.XSHG,0.0232335666103849
2021-03-01,601390.XSHG,0.0153242722076568
2021-03-01,601398.XSHG,0.1864795790477837
2021-03-01,601607.XSHG,0.0050062338041751
2021-03-01,601668.XSHG,0.0266381248501058
2021-03-01,601669.XSHG,0.0056728299424951
2021-03-01,601800.XSHG,0.0107269251990446
2021-03-01,601816.XSHG,0.0202118220977728
2021-03-01,601857.XSHG,0.0916511603744079
2021-03-01,601916.XSHG,0.0037139138057182
2021-03-01,601939.XSHG,0.0090337712269442
2021-03-01,601988.XSHG,0.0884494275813272
2021-03-01,601992.XSHG,0.0030872957800908
2021-03-01,601997.XSHG,0.0032521523042723
2021-03-01,601998.XSHG,0.0229353330516907
2021-04-01,000089.XSHE,0.0024972633495723
2021-04-01,000598.XSHE,0.0021433772362002
2021-04-01,000685.XSHE,0.001491750725424
2021-04-01,002203.XSHE,0.0022697829678661
2021-04-01,002807.XSHE,0.0012718491900976
2021-04-01,002966.XSHE,0.0017136565322297
2021-04-01,003816.XSHE,0.0037812096332397
2021-04-01,600000.XSHG,0.0437837994489447
2021-04-01,600008.XSHG,0.0031773409574146
2021-04-01,600015.XSHG,0.0112936866323464
2021-04-01,600016.XSHG,0.0243359436402686
2021-04-01,600023.XSHG,0.007396004706538
2021-04-01,600027.XSHG,0.0041060502130862
2021-04-01,600068.XSHG,0.004856742717809
2021-04-01,600153.XSHG,0.0032893714780842
2021-04-01,600170.XSHG,0.0036820975796107
2021-04-01,600208.XSHG,0.003615682029697
2021-04-01,600377.XSHG,0.0050935151384264
2021-04-01,600637.XSHG,0.004489976896237
2021-04-01,600642.XSHG,0.0037660716500136
2021-04-01,600717.XSHG,0.0016484042009259
2021-04-01,600795.XSHG,0.0062715227101487
2021-04-01,600820.XSHG,0.0023643615397906
2021-04-01,600900.XSHG,0.0673795671964784
2021-04-01,600901.XSHG,0.0023293613328278
2021-04-01,600919.XSHG,0.0129279080275382
2021-04-01,600998.XSHG,0.0046302597488963
2021-04-01,601000.XSHG,0.002207857553477
2021-04-01,601006.XSHG,0.0141529765024255
2021-04-01,601169.XSHG,0.0138433090306619
2021-04-01,601186.XSHG,0.0128259789858673
2021-04-01,601211.XSHG,0.016697780176653
2021-04-01,601229.XSHG,0.0163871236257398
2021-04-01,601288.XSHG,0.1361417827653835
2021-04-01,601328.XSHG,0.0264520938292293
2021-04-01,601333.XSHG,0.0017497440824681
2021-04-01,601398.XSHG,0.2031177983843849
2021-04-01,601607.XSHG,0.0052231566744186
2021-04-01,601668.XSHG,0.0290615587295672
2021-04-01,601669.XSHG,0.0062892621613878
2021-04-01,601800.XSHG,0.0116498402296677
2021-04-01,601816.XSHG,0.0217865072641154
2021-04-01,601857.XSHG,0.0949282703393614
2021-04-01,601916.XSHG,0.0038795838717381
2021-04-01,601939.XSHG,0.0095929637934532
2021-04-01,601988.XSHG,0.0961367680551962
2021-04-01,601989.XSHG,0.0102182118106865
2021-04-01,601992.XSHG,0.0033220063862544
2021-04-01,601997.XSHG,0.003447750543851
2021-04-01,601998.XSHG,0.025281117724298
2021-05-06,000166.XSHE,0.0146509249633342
2021-05-06,000598.XSHE,0.0022328462670844
2021-05-06,000950.XSHE,0.0013318764610908
2021-05-06,000999.XSHE,0.00346544507076
2021-05-06,002252.XSHE,0.0056088987353156
2021-05-06,002966.XSHE,0.0017278460144087
2021-05-06,003816.XSHE,0.0038217364930922
2021-05-06,600015.XSHG,0.0115200102516031
2021-05-06,600016.XSHG,0.0239200506610446
2021-05-06,600018.XSHG,0.0156311980625138
2021-05-06,600023.XSHG,0.0070464057311481
2021-05-06,600050.XSHG,0.0188915720966891
2021-05-06,600068.XSHG,0.0047647861026571
2021-05-06,600153.XSHG,0.0032755117719357
2021-05-06,600170.XSHG,0.0036790408541301
2021-05-06,600208.XSHG,0.0038993544121796
2021-05-06,600325.XSHG,0.0019084884134666
2021-05-06,600332.XSHG,0.006097412795094
2021-05-06,600377.XSHG,0.0056695431653275
2021-05-06,600528.XSHG,0.0026877166405029
2021-05-06,600637.XSHG,0.0043417055554686
2021-05-06,600688.XSHG,0.0039337320580721
2021-05-06,600755.XSHG,0.0018267520392776
2021-05-06,600795.XSHG,0.0065145261276001
2021-05-06,600820.XSHG,0.0023418693988578
2021-05-06,600900.XSHG,0.064917270735802
2021-05-06,600919.XSHG,0.0148701576341024
2021-05-06,600998.XSHG,0.0044882695403651
2021-05-06,601000.XSHG,0.0023217666325406
2021-05-06,601006.XSHG,0.0147219671366486
2021-05-06,601077.XSHG,0.0035240665934644
2021-05-06,601169.XSHG,0.0145648838922464
2021-05-06,601186.XSHG,0.0127779402187383
2021-05-06,601211.XSHG,0.0177724703683504
2021-05-06,601229.XSHG,0.0161860953229538
2021-05-06,601288.XSHG,0.1354670076194704
2021-05-06,601319.XSHG,0.0048556343794892
2021-05-06,601328.XSHG,0.0272642832838607
2021-05-06,601390.XSHG,0.0158398860140858
2021-05-06,601398.XSHG,0.1981111979715258
2021-05-06,601607.XSHG,0.0059527035687358
2021-05-06,601668.XSHG,0.0289906906678942
2021-05-06,601800.XSHG,0.0114810679458546
2021-05-06,601857.XSHG,0.1017840391975828
2021-05-06,601916.XSHG,0.0039843064844771
2021-05-06,601928.XSHG,0.0027209871902716
2021-05-06,601988.XSHG,0.0986090231426777
2021-05-06,601989.XSHG,0.0109946784584913
2021-05-06,601998.XSHG,0.0254128930855725
2021-05-06,688009.XSHG,0.0015974627721419
2021-06-01,000598.XSHE,0.0020196068501071
2021-06-01,000623.XSHE,0.0023328605302227
2021-06-01,000685.XSHE,0.001359342131174
2021-06-01,000776.XSHE,0.012124191421049
2021-06-01,000999.XSHE,0.0033034468020673
2021-06-01,002966.XSHE,0.0016199970385288
2021-06-01,003816.XSHE,0.0034555502954869
2021-06-01,600000.XSHG,0.0385300838982071
2021-06-01,600015.XSHG,0.0105386660679233
2021-06-01,600016.XSHG,0.0214251322985768
2021-06-01,600018.XSHG,0.0140605318224447
2021-06-01,600028.XSHG,0.0550249262697044
2021-06-01,600050.XSHG,0.0171949331988046
2021-06-01,600062.XSHG,0.0016301591767964
2021-06-01,600064.XSHG,0.0016208283911823
2021-06-01,600068.XSHG,0.0041701329597901
2021-06-01,600208.XSHG,0.0035111656735452
2021-06-01,600252.XSHG,0.0013161381112753
2021-06-01,600332.XSHG,0.0057882108211382
2021-06-01,600377.XSHG,0.004873511910536
2021-06-01,600482.XSHG,0.0045078868031541
2021-06-01,600637.XSHG,0.0039147414519293
2021-06-01,600648.XSHG,0.0017497111603548
2021-06-01,600663.XSHG,0.0044213223620439
2021-06-01,600755.XSHG,0.0017827038105471
2021-06-01,600795.XSHG,0.006151252525617
2021-06-01,600820.XSHG,0.0021142300888243
2021-06-01,600900.XSHG,0.0583874086545056
2021-06-01,600901.XSHG,0.0021259028826522
2021-06-01,600998.XSHG,0.0041373269644716
2021-06-01,601006.XSHG,0.0130804862701194
2021-06-01,601077.XSHG,0.0032086335024548
2021-06-01,601169.XSHG,0.01334591338461
2021-06-01,601186.XSHG,0.0113362067736773
2021-06-01,601229.XSHG,0.0148994808920127
2021-06-01,601288.XSHG,0.1231114080994788
2021-06-01,601328.XSHG,0.0246243127000839
2021-06-01,601390.XSHG,0.0141655342263794
2021-06-01,601398.XSHG,0.1799099800291335
2021-06-01,601668.XSHG,0.0257081069415649
2021-06-01,601669.XSHG,0.0055989590852394
2021-06-01,601816.XSHG,0.0202428974914335
2021-06-01,601818.XSHG,0.0202964369689461
2021-06-01,601857.XSHG,0.0982455550241944
2021-06-01,601916.XSHG,0.0036305300669909
2021-06-01,601939.XSHG,0.0084780166573627
2021-06-01,601988.XSHG,0.0906842688301366
2021-06-01,601989.XSHG,0.0097982445116052
2021-06-01,601998.XSHG,0.0229862690176236
2021-06-01,688009.XSHG,0.0014568571542907
2021-07-01,000166.XSHE,0.0128738968118246
2021-07-01,000623.XSHE,0.002241581651051
2021-07-01,000999.XSHE,0.0033934144158973
2021-07-01,002252.XSHE,0.0046258185123285
2021-07-01,003816.XSHE,0.0032134499824747
2021-07-01,600000.XSHG,0.0363247501552018
2021-07-01,600008.XSHG,0.0027171521381005
2021-07-01,600015.XSHG,0.0097933521707268
2021-07-01,600016.XSHG,0.0192958990069058
2021-07-01,600023.XSHG,0.0061251326637352
2021-07-01,600027.XSHG,0.0034674602827445
2021-07-01,600028.XSHG,0.0510523338784872
2021-07-01,600050.XSHG,0.0163934465334604
2021-07-01,600068.XSHG,0.0043180128227167
2021-07-01,600153.XSHG,0.0028475403035192
2021-07-01,600208.XSHG,0.0032144779173594
2021-07-01,600377.XSHG,0.004578724647976
2021-07-01,600642.XSHG,0.003454162128361
2021-07-01,600674.XSHG,0.0067030929722782
2021-07-01,600795.XSHG,0.005794699802902
2021-07-01,600820.XSHG,0.0020599279278284
2021-07-01,600867.XSHG,0.0030762401485763
2021-07-01,600886.XSHG,0.0082854156692348
2021-07-01,600900.XSHG,0.0586173391598993
2021-07-01,601006.XSHG,0.0121066866189633
2021-07-01,601018.XSHG,0.0063875441974078
2021-07-01,601077.XSHG,0.0028847825842872
2021-07-01,601088.XSHG,0.0395147201306546
2021-07-01,601169.XSHG,0.0127566558530477
2021-07-01,601186.XSHG,0.010545590323998
2021-07-01,601200.XSHG,0.001654122611099
2021-07-01,601229.XSHG,0.0139156752302605
2021-07-01,601288.XSHG,0.1102971471674139
2021-07-01,601319.XSHG,0.0040846863187648
2021-07-01,601328.XSHG,0.0237305057819036
2021-07-01,601390.XSHG,0.0132160204018283
2021-07-01,601398.XSHG,0.1749794302426163
2021-07-01,601668.XSHG,0.0234196955253621
2021-07-01,601669.XSHG,0.0053764449391923
2021-07-01,601800.XSHG,0.0094502862107359
2021-07-01,601818.XSHG,0.0192868986353778
2021-07-01,601857.XSHG,0.104688517227468
2021-07-01,601880.XSHG,0.0036632965703238
2021-07-01,601916.XSHG,0.0034340787472012
2021-07-01,601939.XSHG,0.0079900533832738
2021-07-01,601985.XSHG,0.0097755627438979
2021-07-01,601988.XSHG,0.0800962094720622
2021-07-01,601989.XSHG,0.0092494212111596
2021-07-01,601998.XSHG,0.0216381529098522
2021-07-01,688009.XSHG,0.001390493258256
2021-08-02,000166.XSHE,0.0151837141685223
2021-08-02,000623.XSHE,0.0027268486633345
2021-08-02,000728.XSHE,0.0048254934556678
2021-08-02,000776.XSHE,0.0152062723997494
2021-08-02,000783.XSHE,0.0059971686339265
2021-08-02,002252.XSHE,0.0056830428942476
2021-08-02,002465.XSHE,0.0035470215131665
2021-08-02,003816.XSHE,0.0038562775374257
2021-08-02,300070.XSHE,0.0026395993159428
2021-08-02,600000.XSHG,0.0412237368085759
2021-08-02,600008.XSHG,0.0037263317546921
2021-08-02,600011.XSHG,0.0066993708017724
2021-08-02,600015.XSHG,0.0109473393951952
2021-08-02,600023.XSHG,0.0068414044214851
2021-08-02,600027.XSHG,0.0040598714896832
2021-08-02,600028.XSHG,0.0587980024680039
2021-08-02,600050.XSHG,0.0197286538550281
2021-08-02,600068.XSHG,0.0058934355441186
2021-08-02,600153.XSHG,0.003122722363205
2021-08-02,600208.XSHG,0.0038885709276771
2021-08-02,600435.XSHG,0.0017457399994643
2021-08-02,600482.XSHG,0.0052457650684867
2021-08-02,600487.XSHG,0.0046642184376647
2021-08-02,600642.XSHG,0.0039735298360913
2021-08-02,600705.XSHG,0.0055366730960571
2021-08-02,600795.XSHG,0.0070430997372806
2021-08-02,600837.XSHG,0.0148103532005098
2021-08-02,600900.XSHG,0.0661187053177495
2021-08-02,601000.XSHG,0.0022151302040403
2021-08-02,601006.XSHG,0.0135158611805908
2021-08-02,601077.XSHG,0.0034519798719589
2021-08-02,601169.XSHG,0.0141153803836978
2021-08-02,601186.XSHG,0.0132360547898674
2021-08-02,601200.XSHG,0.0019449058623034
2021-08-02,601211.XSHG,0.0189809105090846
2021-08-02,601229.XSHG,0.0152200655600959
2021-08-02,601288.XSHG,0.1329881371774647
2021-08-02,601328.XSHG,0.0260837204953111
2021-08-02,601390.XSHG,0.016633527236045
2021-08-02,601398.XSHG,0.1907804908973508
2021-08-02,601668.XSHG,0.0283228819607306
2021-08-02,601800.XSHG,0.0120711516169154
2021-08-02,601818.XSHG,0.0211831102102326
2021-08-02,601880.XSHG,0.0045671676696582
2021-08-02,601916.XSHG,0.0039255092315766
2021-08-02,601985.XSHG,0.0128462951588594
2021-08-02,601988.XSHG,0.0975893935447661
2021-08-02,601989.XSHG,0.0109972053407786
2021-08-02,601998.XSHG,0.0239912749127922
2021-08-02,688009.XSHG,0.0016068830811537
2021-09-01,000166.XSHE,0.016748265657342
2021-09-01,000563.XSHE,0.0020560852824641
2021-09-01,000598.XSHE,0.0025661133960593
2021-09-01,000685.XSHE,0.0017521842219228
2021-09-01,000686.XSHE,0.003152683874017
2021-09-01,000728.XSHE,0.0053353706298339
2021-09-01,000778.XSHE,0.0026708602202515
2021-09-01,000783.XSHE,0.0066185268075474
2021-09-01,002500.XSHE,0.0037183836180461
2021-09-01,002736.XSHE,0.0172890350091539
2021-09-01,002926.XSHE,0.0040480876787214
2021-09-01,003816.XSHE,0.004092881252953
2021-09-01,300070.XSHE,0.002862660599418
2021-09-01,600008.XSHG,0.0043075614546461
2021-09-01,600015.XSHG,0.0112570177979977
2021-09-01,600023.XSHG,0.0073493280405756
2021-09-01,600027.XSHG,0.0050070563351789
2021-09-01,600028.XSHG,0.0631764400814678
2021-09-01,600050.XSHG,0.0203335855630662
2021-09-01,600153.XSHG,0.0034679444879137
2021-09-01,600208.XSHG,0.0040337596500525
2021-09-01,600390.XSHG,0.0042761743757421
2021-09-01,600482.XSHG,0.0060333833869435
2021-09-01,600528.XSHG,0.0029409238663149
2021-09-01,600705.XSHG,0.005545281523108
2021-09-01,600795.XSHG,0.0077279860335325
2021-09-01,600820.XSHG,0.0027212527650135
2021-09-01,600837.XSHG,0.0172711001103643
2021-09-01,600863.XSHG,0.002230387228599
2021-09-01,600871.XSHG,0.0045381095314211
2021-09-01,600900.XSHG,0.0697896276758096
2021-09-01,601000.XSHG,0.0023488627740401
2021-09-01,601006.XSHG,0.0142485799989874
2021-09-01,601077.XSHG,0.0036018429470363
2021-09-01,601088.XSHG,0.0498667998601558
2021-09-01,601169.XSHG,0.0143711681615202
2021-09-01,601186.XSHG,0.014729471429797
2021-09-01,601198.XSHG,0.0048509596496153
2021-09-01,601288.XSHG,0.1385532550948739
2021-09-01,601328.XSHG,0.027165519117778
2021-09-01,601398.XSHG,0.1953649622434015
2021-09-01,601668.XSHG,0.032220620205958
2021-09-01,601766.XSHG,0.0258020752639244
2021-09-01,601880.XSHG,0.0046780927919801
2021-09-01,601985.XSHG,0.0146681821266521
2021-09-01,601988.XSHG,0.0998578576504986
2021-09-01,601989.XSHG,0.0127392184577122
2021-09-01,601992.XSHG,0.0036131087959485
2021-09-01,601998.XSHG,0.0247277948101525
2021-09-01,688009.XSHG,0.0016735704644879
2021-10-08,000563.XSHE,0.0020759442910071
2021-10-08,000598.XSHE,0.0027723251467722
2021-10-08,000617.XSHE,0.0108538163654564
2021-10-08,000728.XSHE,0.0053187003069736
2021-10-08,002252.XSHE,0.005436776427403
2021-10-08,002500.XSHE,0.0037713036564343
2021-10-08,002736.XSHE,0.0169220354295459
2021-10-08,002926.XSHE,0.0040408036128264
2021-10-08,002958.XSHE,0.0016874190994417
2021-10-08,600000.XSHG,0.0422953573872182
2021-10-08,600015.XSHG,0.0115176045333147
2021-10-08,600018.XSHG,0.0224699868037445
2021-10-08,600028.XSHG,0.0696057950288343
2021-10-08,600050.XSHG,0.0204017683372226
2021-10-08,600062.XSHG,0.0019933174372519
2021-10-08,600153.XSHG,0.0039054421430134
2021-10-08,600377.XSHG,0.0053400212880588
2021-10-08,600390.XSHG,0.0040331179273871
2021-10-08,600528.XSHG,0.002838043088203
2021-10-08,600535.XSHG,0.0032863458137889
2021-10-08,600598.XSHG,0.0045589163375881
2021-10-08,600643.XSHG,0.0018422454896232
2021-10-08,600705.XSHG,0.0055003281172263
2021-10-08,600820.XSHG,0.0027991448581747
2021-10-08,600900.XSHG,0.0792186055303503
2021-10-08,600901.XSHG,0.0025391435444464
2021-10-08,600909.XSHG,0.0040331592899813
2021-10-08,600959.XSHG,0.0021912915768136
2021-10-08,601006.XSHG,0.0149109086595871
2021-10-08,601018.XSHG,0.0084037365491537
2021-10-08,601077.XSHG,0.0036451195883734
2021-10-08,601098.XSHG,0.002647821767361
2021-10-08,601169.XSHG,0.0149646942226073
2021-10-08,601198.XSHG,0.0050989492995702
2021-10-08,601229.XSHG,0.0162019966045389
2021-10-08,601288.XSHG,0.1405862004254132
2021-10-08,601326.XSHG,0.0022876707171003
2021-10-08,601328.XSHG,0.0283417928599179
2021-10-08,601333.XSHG,0.0021438034544707
2021-10-08,601398.XSHG,0.2015241830822532
2021-10-08,601668.XSHG,0.0312831956561953
2021-10-08,601818.XSHG,0.0226409543004009
2021-10-08,601880.XSHG,0.005044284283118
2021-10-08,601881.XSHG,0.0108642559420717
2021-10-08,601916.XSHG,0.0039829768113657
2021-10-08,601939.XSHG,0.0091957648046688
2021-10-08,601988.XSHG,0.1026844381080993
2021-10-08,601992.XSHG,0.0037694093642007
2021-10-08,601998.XSHG,0.0248585512683091
2021-10-08,688009.XSHG,0.0016705333631195
2021-11-01,000617.XSHE,0.0096095278753814
2021-11-01,000728.XSHE,0.0047901205995293
2021-11-01,000750.XSHE,0.0031853461277172
2021-11-01,002252.XSHE,0.0049401878795928
2021-11-01,002262.XSHE,0.00197295058629
2021-11-01,002500.XSHE,0.0033839753943845
2021-11-01,002736.XSHE,0.0151760527921708
2021-11-01,002926.XSHE,0.0036096463546801
2021-11-01,002958.XSHE,0.0015545860581268
2021-11-01,002966.XSHE,0.0016824245707093
2021-11-01,600000.XSHG,0.0382980330576546
2021-11-01,600015.XSHG,0.0108212634315306
2021-11-01,600016.XSHG,0.0208003497474225
2021-11-01,600029.XSHG,0.0098174576095725
2021-11-01,600030.XSHG,0.0381534941450353
2021-11-01,600050.XSHG,0.0188681152792246
2021-11-01,600062.XSHG,0.0017889068660348
2021-11-01,600104.XSHG,0.0349115738480131
2021-11-01,600177.XSHG,0.0044668905692536
2021-11-01,600271.XSHG,0.003307567076678
2021-11-01,600377.XSHG,0.0047618784975158
2021-11-01,600535.XSHG,0.0030872892269231
2021-11-01,600637.XSHG,0.0039238120686178
2021-11-01,600705.XSHG,0.005159514657579
2021-11-01,600867.XSHG,0.0036972342927368
2021-11-01,600887.XSHG,0.0379567112262257
2021-11-01,600900.XSHG,0.0727534351402201
2021-11-01,600901.XSHG,0.0023100087533465
2021-11-01,600909.XSHG,0.0036270283122097
2021-11-01,600967.XSHG,0.002598992520916
2021-11-01,601006.XSHG,0.0140146002729791
2021-11-01,601077.XSHG,0.0033841444123951
2021-11-01,601169.XSHG,0.0141414403482899
2021-11-01,601198.XSHG,0.0046921119695021
2021-11-01,601229.XSHG,0.0150918754576222
2021-11-01,601288.XSHG,0.1325549126333167
2021-11-01,601328.XSHG,0.0275449443889383
2021-11-01,601360.XSHG,0.0127978877074826
2021-11-01,601398.XSHG,0.190818526182687
2021-11-01,601658.XSHG,0.0094809521861902
2021-11-01,601668.XSHG,0.0290095428922737
2021-11-01,601818.XSHG,0.0214712951589944
2021-11-01,601880.XSHG,0.0043902634515025
2021-11-01,601881.XSHG,0.0103111311538142
2021-11-01,601916.XSHG,0.0036190699770006
2021-11-01,601939.XSHG,0.0085986619046144
2021-11-01,601988.XSHG,0.0968183696624029
2021-11-01,601992.XSHG,0.0034792511762879
2021-11-01,601997.XSHG,0.0035320038480293
2021-11-01,601998.XSHG,0.0232346406503823
2021-12-01,000686.XSHE,0.003650607672668
2021-12-01,000728.XSHE,0.0056660523062949
2021-12-01,000750.XSHE,0.0037764852351525
2021-12-01,000977.XSHE,0.0085578733676445
2021-12-01,000987.XSHE,0.005855067728821
2021-12-01,000997.XSHE,0.0031879385452716
2021-12-01,002422.XSHE,0.0036657766965786
2021-12-01,002500.XSHE,0.0040319860561978
2021-12-01,002673.XSHE,0.0057005198052896
2021-12-01,002736.XSHE,0.0173736992490173
2021-12-01,002859.XSHE,0.0024283561539424
2021-12-01,002926.XSHE,0.00433474623394
2021-12-01,300059.XSHE,0.0521905248577915
2021-12-01,600000.XSHG,0.0442329032254362
2021-12-01,600015.XSHG,0.0127995181429124
2021-12-01,600016.XSHG,0.0244102947594255
2021-12-01,600050.XSHG,0.0211705976047646
2021-12-01,600062.XSHG,0.0022755486004355
2021-12-01,600120.XSHG,0.0022741201261634
2021-12-01,600155.XSHG,0.002943021911384
2021-12-01,600271.XSHG,0.0043351576303615
2021-12-01,600486.XSHG,0.0073379350040101
2021-12-01,600498.XSHG,0.0036096179830698
2021-12-01,600511.XSHG,0.002985789032669
2021-12-01,600535.XSHG,0.0036376871202275
2021-12-01,600637.XSHG,0.0047668541231575
2021-12-01,600705.XSHG,0.006023508816395
2021-12-01,600839.XSHG,0.002421116058239
2021-12-01,600901.XSHG,0.0026605763024671
2021-12-01,600918.XSHG,0.0048550328346851
2021-12-01,600967.XSHG,0.0031143706106464
2021-12-01,600999.XSHG,0.022500177149763
2021-12-01,601006.XSHG,0.0160701611816532
2021-12-01,601077.XSHG,0.0039609433196509
2021-12-01,601099.XSHG,0.0038400002220775
2021-12-01,601138.XSHG,0.0060275782140144
2021-12-01,601169.XSHG,0.0164148307070646
2021-12-01,601198.XSHG,0.0058992374364937
2021-12-01,601211.XSHG,0.0220987674113914
2021-12-01,601229.XSHG,0.0174826150749227
2021-12-01,601288.XSHG,0.1543772971156015
2021-12-01,601328.XSHG,0.0317861980244386
2021-12-01,601360.XSHG,0.0152586686245802
2021-12-01,601398.XSHG,0.2183377969527831
2021-12-01,601658.XSHG,0.0103212115616025
2021-12-01,601766.XSHG,0.0260826447594213
2021-12-01,601818.XSHG,0.0247525182256955
2021-12-01,601880.XSHG,0.0051961263269297
2021-12-01,601939.XSHG,0.0097789969386592
2021-12-01,601988.XSHG,0.1135409469581953
2022-01-04,000028.XSHE,0.0020661826710345
2022-01-04,000617.XSHE,0.0100002024628864
2022-01-04,000623.XSHE,0.0032486619994712
2022-01-04,000728.XSHE,0.0050075613782838
2022-01-04,000750.XSHE,0.003410885471365
2022-01-04,002152.XSHE,0.004452516518124
2022-01-04,002352.XSHE,0.0485546356749883
2022-01-04,002422.XSHE,0.0031498835871417
2022-01-04,002500.XSHE,0.0035928521233005
2022-01-04,002673.XSHE,0.005005981583317
2022-01-04,002926.XSHE,0.00390323358024
2022-01-04,600015.XSHG,0.0108979905667773
2022-01-04,600016.XSHG,0.0209315068922089
2022-01-04,600030.XSHG,0.0391738078345792
2022-01-04,600037.XSHG,0.0018488922688358
2022-01-04,600050.XSHG,0.0185249364646518
2022-01-04,600056.XSHG,0.0019397237300521
2022-01-04,600062.XSHG,0.0021181882992995
2022-01-04,600115.XSHG,0.0077883724134422
2022-01-04,600332.XSHG,0.0073198778278954
2022-01-04,600380.XSHG,0.0038676881406506
2022-01-04,600511.XSHG,0.0026580080146496
2022-01-04,600528.XSHG,0.0027935754622614
2022-01-04,600535.XSHG,0.0036969958508795
2022-01-04,600705.XSHG,0.005366316501717
2022-01-04,600900.XSHG,0.0784117361238065
2022-01-04,600909.XSHG,0.0038365225076678
2022-01-04,600959.XSHG,0.0025289261520273
2022-01-04,600977.XSHG,0.003647015402479
2022-01-04,601006.XSHG,0.0144981362166797
2022-01-04,601077.XSHG,0.0034319289654142
2022-01-04,601138.XSHG,0.0358830085293564
2022-01-04,601169.XSHG,0.0142350877496254
2022-01-04,601211.XSHG,0.0200258183416336
2022-01-04,601229.XSHG,0.0149494258543175
2022-01-04,601288.XSHG,0.1328282999844069
2022-01-04,601328.XSHG,0.0273747524101705
2022-01-04,601360.XSHG,0.0138391675822387
2022-01-04,601398.XSHG,0.1900708181735613
2022-01-04,601607.XSHG,0.0059508290246607
2022-01-04,601668.XSHG,0.0308623973737243
2022-01-04,601816.XSHG,0.0202150108709154
2022-01-04,601818.XSHG,0.0207879745655933
2022-01-04,601880.XSHG,0.0046665264741252
2022-01-04,601916.XSHG,0.0037147036220751
2022-01-04,601928.XSHG,0.003157923044419
2022-01-04,601939.XSHG,0.0085591512055086
2022-01-04,601988.XSHG,0.0976780390728958
2022-01-04,601998.XSHG,0.0238007852061366
2022-01-04,603858.XSHG,0.0037275382285066
2022-02-07,000089.XSHE,0.0016275110807091
2022-02-07,000617.XSHE,0.0068207719743256
2022-02-07,000750.XSHE,0.0022486530876017
2022-02-07,002673.XSHE,0.0033212497145038
2022-02-07,002736.XSHE,0.0101802818721746
2022-02-07,002926.XSHE,0.0025086543675872
2022-02-07,002966.XSHE,0.0011773876028436
2022-02-07,600000.XSHG,0.0261483991601945
2022-02-07,600015.XSHG,0.0077360660548697
2022-02-07,600016.XSHG,0.0145350365444958
2022-02-07,600028.XSHG,0.0435630046828512
2022-02-07,600030.XSHG,0.0300452732231123
2022-02-07,600036.XSHG,0.1107599575120596
2022-02-07,600050.XSHG,0.0120914392933417
2022-02-07,600115.XSHG,0.0058867986473193
2022-02-07,600177.XSHG,0.0031920300358419
2022-02-07,600705.XSHG,0.0035775305008696
2022-02-07,600848.XSHG,0.0022463243913474
2022-02-07,600900.XSHG,0.0532408998564684
2022-02-07,600908.XSHG,0.0011212271801417
2022-02-07,600919.XSHG,0.0104374968817405
2022-02-07,601006.XSHG,0.0105083051848986
2022-02-07,601009.XSHG,0.0088779361777974
2022-02-07,601077.XSHG,0.0024077961492633
2022-02-07,601138.XSHG,0.0230411368685904
2022-02-07,601169.XSHG,0.0101029409211641
2022-02-07,601211.XSHG,0.0139638390642445
2022-02-07,601229.XSHG,0.0102823332417524
2022-02-07,601288.XSHG,0.0938795203489062
2022-02-07,601318.XSHG,0.0588758099103716
2022-02-07,601319.XSHG,0.015703606054452
2022-02-07,601328.XSHG,0.0199868111501008
2022-02-07,601336.XSHG,0.0083601678504483
2022-02-07,601398.XSHG,0.1336236186521323
2022-02-07,601577.XSHG,0.0017379385944466
2022-02-07,601601.XSHG,0.0192527906859164
2022-02-07,601607.XSHG,0.0038664216965417
2022-02-07,601628.XSHG,0.0614000589110329
2022-02-07,601658.XSHG,0.0068255821038127
2022-02-07,601816.XSHG,0.0148303561407141
2022-02-07,601818.XSHG,0.0147012134662658
2022-02-07,601838.XSHG,0.0054986065396637
2022-02-07,601880.XSHG,0.00312264706765
2022-02-07,601881.XSHG,0.0070772313940303
2022-02-07,601916.XSHG,0.0025362933030537
2022-02-07,601939.XSHG,0.0061490781932543
2022-02-07,601988.XSHG,0.0689777808017841
2022-02-07,601992.XSHG,0.0024922585993874
2022-02-07,601997.XSHG,0.0024681222012994
2022-02-07,601998.XSHG,0.0169838050626235
2022-03-01,000089.XSHE,0.001742098270268
2022-03-01,000563.XSHE,0.0014617345569646
2022-03-01,002203.XSHE,0.0026136701933892
2022-03-01,002673.XSHE,0.0035604208871923
2022-03-01,002966.XSHE,0.0013582546383451
2022-03-01,600000.XSHG,0.0280219589232063
2022-03-01,600015.XSHG,0.0082093981983016
2022-03-01,600016.XSHG,0.0156840187467534
2022-03-01,600028.XSHG,0.0466944880995191
2022-03-01,600030.XSHG,0.0300474993754022
2022-03-01,600036.XSHG,0.1172310075547019
2022-03-01,600050.XSHG,0.0133937262623508
2022-03-01,600064.XSHG,0.0013449131967317
2022-03-01,600177.XSHG,0.0034429800452772
2022-03-01,600377.XSHG,0.0038148063476789
2022-03-01,600612.XSHG,0.001663627290993
2022-03-01,600663.XSHG,0.0036931029057233
2022-03-01,600705.XSHG,0.0040310438501335
2022-03-01,600887.XSHG,0.0266305463825275
2022-03-01,600900.XSHG,0.0598602065649304
2022-03-01,600901.XSHG,0.0017094643475761
2022-03-01,600908.XSHG,0.0012129534984889
2022-03-01,600919.XSHG,0.0113577964731375
2022-03-01,601006.XSHG,0.0114520603362731
2022-03-01,601009.XSHG,0.0095370675758096
2022-03-01,601077.XSHG,0.0026114200440603
2022-03-01,601128.XSHG,0.0022729456116564
2022-03-01,601138.XSHG,0.024948441248629
2022-03-01,601169.XSHG,0.0108577040656534
2022-03-01,601229.XSHG,0.0109672900089692
2022-03-01,601288.XSHG,0.1015596969645942
2022-03-01,601298.XSHG,0.003507031202811
2022-03-01,601318.XSHG,0.0629694313337016
2022-03-01,601319.XSHG,0.0172089274509598
2022-03-01,601328.XSHG,0.0215775112308185
2022-03-01,601336.XSHG,0.0090558982636193
2022-03-01,601398.XSHG,0.1427254018312796
2022-03-01,601601.XSHG,0.0206652430423555
2022-03-01,601607.XSHG,0.0040478726647488
2022-03-01,601658.XSHG,0.0072309394448479
2022-03-01,601816.XSHG,0.0157653977806899
2022-03-01,601818.XSHG,0.0157167982526515
2022-03-01,601838.XSHG,0.0060910408955442
2022-03-01,601880.XSHG,0.0034966373457633
2022-03-01,601916.XSHG,0.0027358545547986
2022-03-01,601939.XSHG,0.0066195720042186
2022-03-01,601988.XSHG,0.0743823694418208
2022-03-01,601992.XSHG,0.0027338557919965
2022-03-01,601997.XSHG,0.0026499004448871
2022-03-01,601998.XSHG,0.0178339745572472
2022-04-01,000402.XSHE,0.0028229376585425
2022-04-01,000563.XSHE,0.0019680444044825
2022-04-01,000728.XSHE,0.0047904640952514
2022-04-01,000750.XSHE,0.0031044534158404
2022-04-01,002673.XSHE,0.0045068192214633
2022-04-01,002807.XSHE,0.0014981166418596
2022-04-01,002926.XSHE,0.0033568669905991
2022-04-01,002936.XSHE,0.0026427227094292
2022-04-01,002958.XSHE,0.0026692610895998
2022-04-01,002966.XSHE,0.0018481242327314
2022-04-01,600000.XSHG,0.0356368801418063
2022-04-01,600015.XSHG,0.0108803792514266
2022-04-01,600016.XSHG,0.0205938686833639
2022-04-01,600028.XSHG,0.0628251230647839
2022-04-01,600050.XSHG,0.0165650882892745
2022-04-01,600064.XSHG,0.001948724767996
2022-04-01,600177.XSHG,0.0046809704133045
2022-04-01,600208.XSHG,0.004035957818784
2022-04-01,600377.XSHG,0.0048794171362918
2022-04-01,600390.XSHG,0.0035731034792866
2022-04-01,600648.XSHG,0.0019393892249847
2022-04-01,600663.XSHG,0.0051856613353296
2022-04-01,600705.XSHG,0.0056422930642149
2022-04-01,600900.XSHG,0.0760249112124921
2022-04-01,600908.XSHG,0.0015894169066043
2022-04-01,600909.XSHG,0.0035337640612744
2022-04-01,601006.XSHG,0.0153884650268921
2022-04-01,601009.XSHG,0.0140257925587517
2022-04-01,601077.XSHG,0.0035705538475983
2022-04-01,601128.XSHG,0.0031697465060919
2022-04-01,601138.XSHG,0.0302418295004914
2022-04-01,601169.XSHG,0.0146958314516069
2022-04-01,601229.XSHG,0.0140053033740087
2022-04-01,601288.XSHG,0.1386822558008462
2022-04-01,601298.XSHG,0.0046321000641923
2022-04-01,601319.XSHG,0.0226932119998534
2022-04-01,601328.XSHG,0.0302346595139369
2022-04-01,601398.XSHG,0.1942947088849068
2022-04-01,601658.XSHG,0.0095666703408411
2022-04-01,601766.XSHG,0.0197643466217442
2022-04-01,601818.XSHG,0.0207797985779824
2022-04-01,601860.XSHG,0.0016572716673788
2022-04-01,601881.XSHG,0.009872847930611
2022-04-01,601916.XSHG,0.0035861038875708
2022-04-01,601939.XSHG,0.0090930727165733
2022-04-01,601988.XSHG,0.1043233084811565
2022-04-01,601989.XSHG,0.012758246660167
2022-04-01,601992.XSHG,0.00389949198852
2022-04-01,601997.XSHG,0.0034763092212191
2022-04-01,601998.XSHG,0.0268453140660392
2022-05-05,000581.XSHE,0.002185719536677
2022-05-05,000651.XSHE,0.0265800274558732
2022-05-05,002078.XSHE,0.0043003938038771
2022-05-05,002936.XSHE,0.0020676287516961
2022-05-05,002958.XSHE,0.002130591654817
2022-05-05,002966.XSHE,0.0016038321006277
2022-05-05,003816.XSHE,0.003678238343705
2022-05-05,600000.XSHG,0.0310301188280209
2022-05-05,600015.XSHG,0.0091276236086753
2022-05-05,600016.XSHG,0.0172666851871007
2022-05-05,600023.XSHG,0.0061723632852869
2022-05-05,600025.XSHG,0.0147421074363465
2022-05-05,600028.XSHG,0.0549986064714462
2022-05-05,600050.XSHG,0.0144612524462035
2022-05-05,600177.XSHG,0.0043907211293415
2022-05-05,600221.XSHG,0.0075244989995396
2022-05-05,600332.XSHG,0.0055692902050655
2022-05-05,600350.XSHG,0.0035329682105598
2022-05-05,600377.XSHG,0.0041000300746582
2022-05-05,600585.XSHG,0.021369306609875
2022-05-05,600674.XSHG,0.0065818842110208
2022-05-05,600886.XSHG,0.0090783771740654
2022-05-05,600887.XSHG,0.0305350676747245
2022-05-05,600900.XSHG,0.0694477515008133
2022-05-05,600901.XSHG,0.0019956752919253
2022-05-05,600919.XSHG,0.0141594442931497
2022-05-05,601006.XSHG,0.0129629186610738
2022-05-05,601009.XSHG,0.0130427091214803
2022-05-05,601077.XSHG,0.0030390755537756
2022-05-05,601138.XSHG,0.0250808800802699
2022-05-05,601169.XSHG,0.0126444848178437
2022-05-05,601186.XSHG,0.0128761838583206
2022-05-05,601229.XSHG,0.0118418116130507
2022-05-05,601288.XSHG,0.1219639313890951
2022-05-05,601298.XSHG,0.0039381424361039
2022-05-05,601319.XSHG,0.0197424566481667
2022-05-05,601328.XSHG,0.0259146999351866
2022-05-05,601398.XSHG,0.1694453236954873
2022-05-05,601577.XSHG,0.0020487609499861
2022-05-05,601658.XSHG,0.0083537264445374
2022-05-05,601766.XSHG,0.0161907588666393
2022-05-05,601816.XSHG,0.0164161445142659
2022-05-05,601818.XSHG,0.0173446144174116
2022-05-05,601916.XSHG,0.0031074151186165
2022-05-05,601939.XSHG,0.0076922476273951
2022-05-05,601988.XSHG,0.0900738018293954
2022-05-05,601989.XSHG,0.0104313016347285
2022-05-05,601992.XSHG,0.003109619631293
2022-05-05,601997.XSHG,0.0028876509493389
2022-05-05,601998.XSHG,0.0212211359214443
2022-06-01,000581.XSHE,0.0020922341545129
2022-06-01,002078.XSHE,0.003869392595666
2022-06-01,003816.XSHE,0.0033521361872268
2022-06-01,600000.XSHG,0.028394450601118
2022-06-01,600015.XSHG,0.0084054421633273
2022-06-01,600016.XSHG,0.0163935601760844
2022-06-01,600023.XSHG,0.0057551120711685
2022-06-01,600025.XSHG,0.0155855634562849
2022-06-01,600028.XSHG,0.05142039782822
2022-06-01,600050.XSHG,0.0131395654967933
2022-06-01,600104.XSHG,0.0252335858541658
2022-06-01,600177.XSHG,0.003942772474843
2022-06-01,600221.XSHG,0.0067137982111571
2022-06-01,600323.XSHG,0.0020421575887022
2022-06-01,600332.XSHG,0.0052440668485301
2022-06-01,600585.XSHG,0.0181818053522791
2022-06-01,600674.XSHG,0.0063962781607056
2022-06-01,600867.XSHG,0.0025035039459573
2022-06-01,600886.XSHG,0.008715011258883
2022-06-01,600887.XSHG,0.0266787176490319
2022-06-01,600900.XSHG,0.0673901039086727
2022-06-01,600901.XSHG,0.0017815588263842
2022-06-01,600959.XSHG,0.0021038148910121
2022-06-01,601006.XSHG,0.0121636475107286
2022-06-01,601009.XSHG,0.0113494829851913
2022-06-01,601018.XSHG,0.0066051133655025
2022-06-01,601028.XSHG,0.0019037467491052
2022-06-01,601077.XSHG,0.0027731436803499
2022-06-01,601098.XSHG,0.0022381915987813
2022-06-01,601169.XSHG,0.0114547801391246
2022-06-01,601186.XSHG,0.0110997740091764
2022-06-01,601229.XSHG,0.0108273331146308
2022-06-01,601288.XSHG,0.1101710582858326
2022-06-01,601319.XSHG,0.0183277756499902
2022-06-01,601328.XSHG,0.0236173447308079
2022-06-01,601398.XSHG,0.1533236883956854
2022-06-01,601577.XSHG,0.0019240415839949
2022-06-01,601658.XSHG,0.007128581066141
2022-06-01,601727.XSHG,0.0064384814682958
2022-06-01,601766.XSHG,0.015084381449369
2022-06-01,601816.XSHG,0.0157084559616782
2022-06-01,601818.XSHG,0.0156778826140133
2022-06-01,601857.XSHG,0.1099045813274841
2022-06-01,601916.XSHG,0.0027950681055057
2022-06-01,601939.XSHG,0.0070044701791368
2022-06-01,601988.XSHG,0.0822255868349955
2022-06-01,601989.XSHG,0.0100199262369866
2022-06-01,601992.XSHG,0.0028946551243102
2022-06-01,601997.XSHG,0.0026386219610446
2022-06-01,601998.XSHG,0.0193651561714093
2022-07-01,000883.XSHE,0.0028755756423049
2022-07-01,000895.XSHE,0.0037139500733672
2022-07-01,002142.XSHE,0.0199177067729399
2022-07-01,003816.XSHE,0.002326108767277
2022-07-01,600000.XSHG,0.0199737875224789
2022-07-01,600015.XSHG,0.0056678687491976
2022-07-01,600016.XSHG,0.0112050046563413
2022-07-01,600022.XSHG,0.00159421450956
2022-07-01,600025.XSHG,0.0109610445831499
2022-07-01,600028.XSHG,0.0332047008075222
2022-07-01,600050.XSHG,0.0091503489542117
2022-07-01,600176.XSHG,0.0059391182421118
2022-07-01,600177.XSHG,0.0026014531906198
2022-07-01,600323.XSHG,0.0014332621944898
2022-07-01,600332.XSHG,0.0037046342849826
2022-07-01,600380.XSHG,0.0020149012922293
2022-07-01,600519.XSHG,0.2170821803166652
2022-07-01,600585.XSHG,0.0121133104453848
2022-07-01,600674.XSHG,0.0045856877719603
2022-07-01,600867.XSHG,0.0017553729902109
2022-07-01,600886.XSHG,0.0063479390595226
2022-07-01,600887.XSHG,0.0205539199262721
2022-07-01,600900.XSHG,0.0471045582025339
2022-07-01,600901.XSHG,0.001324211415166
2022-07-01,600919.XSHG,0.0089767782011533
2022-07-01,600926.XSHG,0.0064044700942238
2022-07-01,601006.XSHG,0.0083694288244358
2022-07-01,601077.XSHG,0.0018411515505081
2022-07-01,601128.XSHG,0.0017517538312894
2022-07-01,601166.XSHG,0.0352087485381325
2022-07-01,601169.XSHG,0.0081751463651405
2022-07-01,601186.XSHG,0.0077788301398971
2022-07-01,601229.XSHG,0.0077048049007496
2022-07-01,601288.XSHG,0.0767227522261822
2022-07-01,601318.XSHG,0.042725137688351
2022-07-01,601319.XSHG,0.0138985407316818
2022-07-01,601328.XSHG,0.0166810415479466
2022-07-01,601398.XSHG,0.1095295584163377
2022-07-01,601577.XSHG,0.0013874350678046
2022-07-01,601628.XSHG,0.0549780641955349
2022-07-01,601658.XSHG,0.005137158720263
2022-07-01,601816.XSHG,0.0114048183730009
2022-07-01,601818.XSHG,0.0106010495037726
2022-07-01,601916.XSHG,0.0019703591125336
2022-07-01,601939.XSHG,0.004967766690433
2022-07-01,601988.XSHG,0.0585181450483883
2022-07-01,601989.XSHG,0.0069402263257688
2022-07-01,601997.XSHG,0.0017526251491664
2022-07-01,601998.XSHG,0.0137468452853361
2022-07-01,603288.XSHG,0.035676503101466
2022-08-01,000581.XSHE,0.0017737421681063
2022-08-01,002203.XSHE,0.0025567963889006
2022-08-01,002304.XSHE,0.0233261247702552
2022-08-01,002318.XSHE,0.0018686976305672
2022-08-01,002461.XSHE,0.0019227353342327
2022-08-01,002736.XSHE,0.0088830435540998
2022-08-01,002839.XSHE,0.0012190866256797
2022-08-01,002966.XSHE,0.0012592279084939
2022-08-01,003816.XSHE,0.0029426986108001
2022-08-01,600000.XSHG,0.023365505333837
2022-08-01,600015.XSHG,0.0072002211796369
2022-08-01,600016.XSHG,0.0140951132014759
2022-08-01,600022.XSHG,0.0019886475797307
2022-08-01,600025.XSHG,0.0141107185816282
2022-08-01,600028.XSHG,0.0432418697861367
2022-08-01,600050.XSHG,0.0116248081758552
2022-08-01,600177.XSHG,0.0032525008091352
2022-08-01,600320.XSHG,0.0013167352282237
2022-08-01,600323.XSHG,0.001887897710773
2022-08-01,600332.XSHG,0.0044611029253805
2022-08-01,600482.XSHG,0.0036899107960437
2022-08-01,600519.XSHG,0.2614480425496246
2022-08-01,600528.XSHG,0.002096205501561
2022-08-01,600597.XSHG,0.0017773811006824
2022-08-01,600867.XSHG,0.0021043750780274
2022-08-01,600886.XSHG,0.0079456962931438
2022-08-01,600887.XSHG,0.0247743641455546
2022-08-01,600900.XSHG,0.0595435123298488
2022-08-01,600908.XSHG,0.0011554171003143
2022-08-01,600919.XSHG,0.0116372902305858
2022-08-01,600926.XSHG,0.0079452424203832
2022-08-01,600977.XSHG,0.0023166736863351
2022-08-01,601006.XSHG,0.0098540401301581
2022-08-01,601077.XSHG,0.0023155170346086
2022-08-01,601138.XSHG,0.0219243026202455
2022-08-01,601169.XSHG,0.0096840327426385
2022-08-01,601186.XSHG,0.0093090284898625
2022-08-01,601212.XSHG,0.0022909456690772
2022-08-01,601229.XSHG,0.0090177517195164
2022-08-01,601288.XSHG,0.0935834932999127
2022-08-01,601328.XSHG,0.0198362027432955
2022-08-01,601398.XSHG,0.1297231928097711
2022-08-01,601577.XSHG,0.0016912137389231
2022-08-01,601766.XSHG,0.013714165771893
2022-08-01,601818.XSHG,0.0112705594688844
2022-08-01,601939.XSHG,0.0058518153144663
2022-08-01,601988.XSHG,0.0705455736169932
2022-08-01,601989.XSHG,0.0091423605906289
2022-08-01,601998.XSHG,0.0162343847383618
2022-08-01,603613.XSHG,0.0052800347657076
2022-09-01,000166.XSHE,0.0095237209674124
2022-09-01,000581.XSHE,0.0015141420037607
2022-09-01,000598.XSHE,0.0015506044502229
2022-09-01,000651.XSHE,0.0184689468252809
2022-09-01,000783.XSHE,0.0031605317724371
2022-09-01,002078.XSHE,0.0031961548207109
2022-09-01,002252.XSHE,0.0028968375888274
2022-09-01,002736.XSHE,0.0081891705875148
2022-09-01,002966.XSHE,0.0023244438082967
2022-09-01,003816.XSHE,0.0110426482195378
2022-09-01,600000.XSHG,0.021353475902448
2022-09-01,600015.XSHG,0.0066576163371104
2022-09-01,600016.XSHG,0.0128813674598394
2022-09-01,600022.XSHG,0.0017513155635327
2022-09-01,600025.XSHG,0.0132578658143822
2022-09-01,600028.XSHG,0.0406720826391008
2022-09-01,600039.XSHG,0.0051346087312645
2022-09-01,600050.XSHG,0.0110287953838521
2022-09-01,600061.XSHG,0.0042605841025325
2022-09-01,600489.XSHG,0.0032133098289367
2022-09-01,600519.XSHG,0.2377450365804057
2022-09-01,600583.XSHG,0.0020108692590994
2022-09-01,600837.XSHG,0.0083838743994214
2022-09-01,600886.XSHG,0.0079764173393913
2022-09-01,600887.XSHG,0.02182609135414
2022-09-01,600900.XSHG,0.0547136359013921
2022-09-01,600959.XSHG,0.0015749497718164
2022-09-01,601006.XSHG,0.0097833814040933
2022-09-01,601077.XSHG,0.0021279472383128
2022-09-01,601098.XSHG,0.0017908945704012
2022-09-01,601128.XSHG,0.002072265662914
2022-09-01,601138.XSHG,0.0183633592027137
2022-09-01,601169.XSHG,0.0088075813023844
2022-09-01,601186.XSHG,0.0086694638337152
2022-09-01,601211.XSHG,0.0110088666240254
2022-09-01,601229.XSHG,0.0082273256647799
2022-09-01,601288.XSHG,0.0852237714211394
2022-09-01,601318.XSHG,0.0475783715702125
2022-09-01,601328.XSHG,0.01804909597098
2022-09-01,601398.XSHG,0.1182812982385881
2022-09-01,601611.XSHG,0.0022451897404364
2022-09-01,601688.XSHG,0.0095648128481047
2022-09-01,601766.XSHG,0.0121415605885028
2022-09-01,601816.XSHG,0.0124018213460971
2022-09-01,601818.XSHG,0.0103000413263847
2022-09-01,601880.XSHG,0.0031259802929789
2022-09-01,601939.XSHG,0.0052996427173693
2022-09-01,601988.XSHG,0.0646828915306977
2022-09-01,601989.XSHG,0.008355101838126
2022-09-01,601998.XSHG,0.0155902376543734
2022-10-10,000166.XSHE,0.0080873638345196
2022-10-10,000598.XSHE,0.001380781989795
2022-10-10,000651.XSHE,0.0169024194571281
2022-10-10,002078.XSHE,0.0028504746196712
2022-10-10,002736.XSHE,0.006999027339504
2022-10-10,002966.XSHE,0.0022894218482625
2022-10-10,003816.XSHE,0.0098296242586672
2022-10-10,600000.XSHG,0.0193852708162178
2022-10-10,600015.XSHG,0.0060713580479093
2022-10-10,600016.XSHG,0.0113271311986316
2022-10-10,600018.XSHG,0.0119520810399557
2022-10-10,600025.XSHG,0.0115496676738728
2022-10-10,600028.XSHG,0.0389611726589733
2022-10-10,600050.XSHG,0.0098316806631865
2022-10-10,600177.XSHG,0.0027022985584574
2022-10-10,600519.XSHG,0.21077338117011
2022-10-10,600583.XSHG,0.0018940720227498
2022-10-10,600612.XSHG,0.0011713838158116
2022-10-10,600837.XSHG,0.0072191041864694
2022-10-10,600886.XSHG,0.0070218504420118
2022-10-10,600900.XSHG,0.0499085652098294
2022-10-10,600901.XSHG,0.0013631343023906
2022-10-10,600919.XSHG,0.0103490782940195
2022-10-10,600926.XSHG,0.0066794983841537
2022-10-10,601006.XSHG,0.0093717449466681
2022-10-10,601009.XSHG,0.0087112485633113
2022-10-10,601077.XSHG,0.0019978053507498
2022-10-10,601098.XSHG,0.0016568916126333
2022-10-10,601169.XSHG,0.008183513103398
2022-10-10,601186.XSHG,0.0075755590170532
2022-10-10,601211.XSHG,0.0094899742603108
2022-10-10,601229.XSHG,0.0075906553806137
2022-10-10,601288.XSHG,0.0806942253556719
2022-10-10,601298.XSHG,0.0027607603307154
2022-10-10,601318.XSHG,0.0421625146751846
2022-10-10,601319.XSHG,0.0168076781372693
2022-10-10,601328.XSHG,0.0169991194621486
2022-10-10,601398.XSHG,0.1104338795071024
2022-10-10,601601.XSHG,0.0129319623826597
2022-10-10,601728.XSHG,0.0071408822405436
2022-10-10,601766.XSHG,0.0106503774141846
2022-10-10,601816.XSHG,0.0116560399759887
2022-10-10,601818.XSHG,0.0093829426181622
2022-10-10,601857.XSHG,0.0801665073207819
2022-10-10,601880.XSHG,0.0028301439174099
2022-10-10,601916.XSHG,0.0019560987623673
2022-10-10,601939.XSHG,0.0049750743077364
2022-10-10,601988.XSHG,0.0607874896415735
2022-10-10,601997.XSHG,0.0018072357279724
2022-10-10,601998.XSHG,0.0147798341554892
2022-11-01,000166.XSHE,0.0149252355194978
2022-11-01,000538.XSHE,0.007769490165238
2022-11-01,000598.XSHE,0.0023963825893551
2022-11-01,000623.XSHE,0.0027373573767575
2022-11-01,002030.XSHE,0.0040707664958842
2022-11-01,002152.XSHE,0.0038991281744419
2022-11-01,002673.XSHE,0.0041985164806584
2022-11-01,002736.XSHE,0.0129703127765945
2022-11-01,002966.XSHE,0.004084746616435
2022-11-01,003816.XSHE,0.0174113088501777
2022-11-01,600000.XSHG,0.0329208429028512
2022-11-01,600008.XSHG,0.00342026550901
2022-11-01,600015.XSHG,0.010327499267465
2022-11-01,600016.XSHG,0.019768800700128
2022-11-01,600028.XSHG,0.0653549692220986
2022-11-01,600050.XSHG,0.0175695219541452
2022-11-01,600177.XSHG,0.004596662915571
2022-11-01,600271.XSHG,0.0034810727865821
2022-11-01,600489.XSHG,0.005517417682144
2022-11-01,600547.XSHG,0.0105497408781511
2022-11-01,600583.XSHG,0.0035757110617175
2022-11-01,600612.XSHG,0.0020384727994749
2022-11-01,600705.XSHG,0.0045530593090694
2022-11-01,600837.XSHG,0.0126986739108131
2022-11-01,600845.XSHG,0.0102020232916775
2022-11-01,600901.XSHG,0.0026861062629422
2022-11-01,600919.XSHG,0.0169382346897088
2022-11-01,600967.XSHG,0.0024180279245556
2022-11-01,600977.XSHG,0.0034143873757398
2022-11-01,600998.XSHG,0.0039695247490068
2022-11-01,601006.XSHG,0.0159817731094898
2022-11-01,601009.XSHG,0.0151088541441352
2022-11-01,601077.XSHG,0.00345023811786
2022-11-01,601169.XSHG,0.0142844361424836
2022-11-01,601211.XSHG,0.0166119225299111
2022-11-01,601229.XSHG,0.0130087132918756
2022-11-01,601288.XSHG,0.1359620516410359
2022-11-01,601319.XSHG,0.0294171795594531
2022-11-01,601328.XSHG,0.029261596461632
2022-11-01,601398.XSHG,0.1830503253502523
2022-11-01,601555.XSHG,0.0055663233618932
2022-11-01,601728.XSHG,0.0129095122451495
2022-11-01,601766.XSHG,0.0197962277991565
2022-11-01,601816.XSHG,0.0212831316138112
2022-11-01,601818.XSHG,0.0162652198012604
2022-11-01,601880.XSHG,0.0050443930226731
2022-11-01,601939.XSHG,0.0084452141812216
2022-11-01,601988.XSHG,0.1059198307874122
2022-11-01,601989.XSHG,0.0130091198134344
2022-11-01,601998.XSHG,0.025159676787965
2022-12-01,000166.XSHE,0.0156422286374034
2022-12-01,000425.XSHE,0.0042758324767556
2022-12-01,000538.XSHE,0.0081694276768284
2022-12-01,000598.XSHE,0.002520091166579
2022-12-01,000623.XSHE,0.0030705471830117
2022-12-01,002673.XSHE,0.0044268619379991
2022-12-01,002736.XSHE,0.0135299141461096
2022-12-01,002966.XSHE,0.0044886287817676
2022-12-01,003816.XSHE,0.0181138514749756
2022-12-01,600000.XSHG,0.0356171121939261
2022-12-01,600008.XSHG,0.003565415015843
2022-12-01,600015.XSHG,0.0111847846325764
2022-12-01,600016.XSHG,0.0209195861882179
2022-12-01,600028.XSHG,0.0724308849559128
2022-12-01,600170.XSHG,0.0041288864624936
2022-12-01,600177.XSHG,0.0049187615427671
2022-12-01,600271.XSHG,0.0034690839536447
2022-12-01,600352.XSHG,0.0053912133624009
2022-12-01,600390.XSHG,0.0039008271936995
2022-12-01,600398.XSHG,0.0035863481897935
2022-12-01,600489.XSHG,0.0060050500125681
2022-12-01,600598.XSHG,0.0043829338557657
2022-12-01,600612.XSHG,0.0022112309495247
2022-12-01,600637.XSHG,0.0038334062237297
2022-12-01,600705.XSHG,0.0049829126758368
2022-12-01,600755.XSHG,0.002651006443763
2022-12-01,600871.XSHG,0.0046067279556406
2022-12-01,600886.XSHG,0.0128897392334162
2022-12-01,600919.XSHG,0.0181686719172138
2022-12-01,600998.XSHG,0.0042547683151114
2022-12-01,601000.XSHG,0.0028882557854827
2022-12-01,601006.XSHG,0.0169407484431238
2022-12-01,601077.XSHG,0.0035638495618115
2022-12-01,601169.XSHG,0.0152442063016181
2022-12-01,601211.XSHG,0.0176264876901086
2022-12-01,601229.XSHG,0.0138941006386047
2022-12-01,601288.XSHG,0.1438571832268964
2022-12-01,601319.XSHG,0.0316793795108051
2022-12-01,601328.XSHG,0.0310707235484607
2022-12-01,601398.XSHG,0.1925793555437703
2022-12-01,601555.XSHG,0.0057985799351802
2022-12-01,601728.XSHG,0.0144211274594745
2022-12-01,601766.XSHG,0.0217518236109803
2022-12-01,601816.XSHG,0.0223681000073623
2022-12-01,601818.XSHG,0.0178013919971731
2022-12-01,601880.XSHG,0.0051896413487942
2022-12-01,601939.XSHG,0.0088680501949137
2022-12-01,601988.XSHG,0.1098101503343444
2022-12-01,601989.XSHG,0.0135842665230561
2022-12-01,601992.XSHG,0.0037258435827612
2023-01-03,000166.XSHE,0.0133337543993044
2023-01-03,000425.XSHE,0.0036958884761352
2023-01-03,000538.XSHE,0.0136788365659304
2023-01-03,002311.XSHE,0.0151174827406843
2023-01-03,002673.XSHE,0.003732501231966
2023-01-03,002736.XSHE,0.0116135307618794
2023-01-03,003816.XSHE,0.0158471194654826
2023-01-03,600000.XSHG,0.0315486373172976
2023-01-03,600008.XSHG,0.0031428636180155
2023-01-03,600015.XSHG,0.0099315902366346
2023-01-03,600016.XSHG,0.0181353197426335
2023-01-03,600018.XSHG,0.0184655282008478
2023-01-03,600028.XSHG,0.0622165434617891
2023-01-03,600177.XSHG,0.0043305117318217
2023-01-03,600352.XSHG,0.0048316547572262
2023-01-03,600373.XSHG,0.0019500112405387
2023-01-03,600489.XSHG,0.0054544319052905
2023-01-03,600612.XSHG,0.0020785073751342
2023-01-03,600637.XSHG,0.0034466640698196
2023-01-03,600837.XSHG,0.0113314201322984
2023-01-03,600867.XSHG,0.0027540524243064
2023-01-03,600871.XSHG,0.0040345211267284
2023-01-03,600959.XSHG,0.0022599975119505
2023-01-03,600999.XSHG,0.0146197240991358
2023-01-03,601006.XSHG,0.014631262116675
2023-01-03,601009.XSHG,0.013739729787909
2023-01-03,601077.XSHG,0.003091095118316
2023-01-03,601098.XSHG,0.0027100319722299
2023-01-03,601108.XSHG,0.0049221936854634
2023-01-03,601118.XSHG,0.002831051399864
2023-01-03,601138.XSHG,0.0273979528332706
2023-01-03,601169.XSHG,0.0134842134599243
2023-01-03,601211.XSHG,0.0149014210851376
2023-01-03,601229.XSHG,0.0121664651319818
2023-01-03,601288.XSHG,0.1290281049012933
2023-01-03,601298.XSHG,0.0044649146297687
2023-01-03,601328.XSHG,0.0276585623783428
2023-01-03,601398.XSHG,0.1727503239994282
2023-01-03,601555.XSHG,0.0048760093287394
2023-01-03,601801.XSHG,0.001549575751401
2023-01-03,601818.XSHG,0.0160632006657156
2023-01-03,601825.XSHG,0.0040537948350463
2023-01-03,601857.XSHG,0.1205995907472183
2023-01-03,601880.XSHG,0.0045344990274838
2023-01-03,601939.XSHG,0.0080296136505113
2023-01-03,601988.XSHG,0.0990121922301112
2023-01-03,601989.XSHG,0.011556293768385
2023-01-03,601992.XSHG,0.0031965646273706
2023-01-03,601997.XSHG,0.002912890396131
2023-01-03,688538.XSHG,0.0022873598794285
2023-02-01,000166.XSHE,0.0136804075318591
2023-02-01,000425.XSHE,0.0040954067226852
2023-02-01,000538.XSHE,0.0139254499453804
2023-02-01,000581.XSHE,0.0022237325618234
2023-02-01,000651.XSHE,0.0280256202143939
2023-02-01,000750.XSHE,0.0028207108405776
2023-02-01,000783.XSHE,0.0046585550484423
2023-02-01,000895.XSHE,0.0128363326601144
2023-02-01,002673.XSHE,0.003992424450187
2023-02-01,002736.XSHE,0.012262687177241
2023-02-01,003816.XSHE,0.0153546256735121
2023-02-01,300017.XSHE,0.0019446424831711
2023-02-01,600000.XSHG,0.03100340677326
2023-02-01,600008.XSHG,0.0030972029660267
2023-02-01,600015.XSHG,0.0096059619245376
2023-02-01,600016.XSHG,0.0178124684075985
2023-02-01,600018.XSHG,0.0178258818341199
2023-02-01,600028.XSHG,0.0616993979269285
2023-02-01,600352.XSHG,0.0047063067094878
2023-02-01,600369.XSHG,0.0033053985559482
2023-02-01,600373.XSHG,0.0018824628015489
2023-02-01,600637.XSHG,0.0033076705293539
2023-02-01,600739.XSHG,0.0029439413906178
2023-02-01,600837.XSHG,0.0122123452538555
2023-02-01,600839.XSHG,0.0019140663278701
2023-02-01,600867.XSHG,0.0028157151994263
2023-02-01,600871.XSHG,0.0041868726028005
2023-02-01,600967.XSHG,0.0022260047591094
2023-02-01,600999.XSHG,0.0155086488165915
2023-02-01,601006.XSHG,0.014295122859875
2023-02-01,601077.XSHG,0.0030431926960822
2023-02-01,601108.XSHG,0.0053048307613279
2023-02-01,601138.XSHG,0.0272159331853217
2023-02-01,601169.XSHG,0.0129260911513822
2023-02-01,601211.XSHG,0.015561723256736
2023-02-01,601229.XSHG,0.0119437497462146
2023-02-01,601288.XSHG,0.1254175926710941
2023-02-01,601328.XSHG,0.0273764303159124
2023-02-01,601398.XSHG,0.1667662483805015
2023-02-01,601555.XSHG,0.0052101535504567
2023-02-01,601577.XSHG,0.0020414918498315
2023-02-01,601818.XSHG,0.0156088111068805
2023-02-01,601825.XSHG,0.0039332697763564
2023-02-01,601857.XSHG,0.1208372241202843
2023-02-01,601880.XSHG,0.0044314661362723
2023-02-01,601939.XSHG,0.007737699481673
2023-02-01,601988.XSHG,0.0973972632079967
2023-02-01,601997.XSHG,0.0028683299946091
2023-02-01,688009.XSHG,0.0060005577356544
2023-02-01,688981.XSHG,0.0122084699270667
2023-03-01,000156.XSHE,0.0017803341790663
2023-03-01,000166.XSHE,0.0131901008552218
2023-03-01,000538.XSHE,0.0133353381048831
2023-03-01,000651.XSHE,0.0280251865703095
2023-03-01,000778.XSHE,0.0022053448546731
2023-03-01,000895.XSHE,0.0128046512897183
2023-03-01,000959.XSHE,0.0034285100642615
2023-03-01,002465.XSHE,0.0030258197684522
2023-03-01,002701.XSHE,0.0018587933170376
2023-03-01,002736.XSHE,0.0120106844034011
2023-03-01,003816.XSHE,0.0149513335429991
2023-03-01,300296.XSHE,0.001860247961722
2023-03-01,600000.XSHG,0.0293473399921846
2023-03-01,600008.XSHG,0.003012583678766
2023-03-01,600015.XSHG,0.0092887360197848
2023-03-01,600016.XSHG,0.0167513842759516
2023-03-01,600018.XSHG,0.0170742066865036
2023-03-01,600028.XSHG,0.0622209474099478
2023-03-01,600104.XSHG,0.0244411224916061
2023-03-01,600177.XSHG,0.0041374641263091
2023-03-01,600352.XSHG,0.004673094050096
2023-03-01,600369.XSHG,0.0031797098820453
2023-03-01,600373.XSHG,0.0019072273250761
2023-03-01,600507.XSHG,0.0019032183050125
2023-03-01,600637.XSHG,0.0033904258789191
2023-03-01,600674.XSHG,0.0080473815749739
2023-03-01,600739.XSHG,0.0028587800853563
2023-03-01,600820.XSHG,0.0024334586647931
2023-03-01,600959.XSHG,0.0021900362537598
2023-03-01,600999.XSHG,0.0145451433416104
2023-03-01,601006.XSHG,0.0141069403556074
2023-03-01,601077.XSHG,0.0029446528051717
2023-03-01,601098.XSHG,0.0025129965203917
2023-03-01,601106.XSHG,0.0029749942783124
2023-03-01,601138.XSHG,0.0271529849002492
2023-03-01,601169.XSHG,0.012666230604541
2023-03-01,601211.XSHG,0.0148410116507964
2023-03-01,601229.XSHG,0.0114424228327532
2023-03-01,601288.XSHG,0.1207657403238107
2023-03-01,601328.XSHG,0.0265953782177486
2023-03-01,601398.XSHG,0.1596613742184092
2023-03-01,601718.XSHG,0.0019353856178916
2023-03-01,601766.XSHG,0.0193987261707238
2023-03-01,601857.XSHG,0.1177421163245191
2023-03-01,601939.XSHG,0.007451696626266
2023-03-01,601988.XSHG,0.0940451516043699
2023-03-01,601997.XSHG,0.002767260225506
2023-03-01,601998.XSHG,0.0233546033476697
2023-03-01,688009.XSHG,0.0063400350067897
2023-03-01,688981.XSHG,0.0114216934140286
2023-04-03,000027.XSHE,0.0046058909009486
2023-04-03,000166.XSHE,0.0150419097683981
2023-04-03,000598.XSHE,0.0023833519444329
2023-04-03,000783.XSHE,0.0049272887841845
2023-04-03,000895.XSHE,0.0141677970582646
2023-04-03,002736.XSHE,0.0133123355616709
2023-04-03,003816.XSHE,0.0177098473356383
2023-04-03,600000.XSHG,0.0332230085643289
2023-04-03,600008.XSHG,0.0034551903596213
2023-04-03,600015.XSHG,0.0109205893858241
2023-04-03,600016.XSHG,0.0192598815902562
2023-04-03,600018.XSHG,0.0200279746515796
2023-04-03,600022.XSHG,0.0026274318615503
2023-04-03,600025.XSHG,0.019637017311572
2023-04-03,600098.XSHG,0.0029986618813584
2023-04-03,600104.XSHG,0.0264300556878977
2023-04-03,600170.XSHG,0.0038548459506079
2023-04-03,600177.XSHG,0.0046935285635988
2023-04-03,600352.XSHG,0.005239306232379
2023-04-03,600482.XSHG,0.0053811331132787
2023-04-03,600517.XSHG,0.0047621459425723
2023-04-03,600674.XSHG,0.0092761269851361
2023-04-03,600704.XSHG,0.0039207815401922
2023-04-03,600739.XSHG,0.003169091116968
2023-04-03,600820.XSHG,0.0028212427113763
2023-04-03,600848.XSHG,0.0047785624717282
2023-04-03,600886.XSHG,0.0118103035613821
2023-04-03,600919.XSHG,0.0162551160582584
2023-04-03,600959.XSHG,0.0026844572954236
2023-04-03,600999.XSHG,0.0163926328814782
2023-04-03,601006.XSHG,0.0168977634356898
2023-04-03,601019.XSHG,0.0026380739631472
2023-04-03,601077.XSHG,0.0033938019312411
2023-04-03,601166.XSHG,0.0552363626147542
2023-04-03,601169.XSHG,0.0147115468563141
2023-04-03,601211.XSHG,0.0171404994891039
2023-04-03,601229.XSHG,0.0131014447509235
2023-04-03,601288.XSHG,0.1460547742591772
2023-04-03,601298.XSHG,0.0053646672050686
2023-04-03,601328.XSHG,0.031512958717877
2023-04-03,601398.XSHG,0.188872772153717
2023-04-03,601818.XSHG,0.0219896363321438
2023-04-03,601880.XSHG,0.0047424419604185
2023-04-03,601901.XSHG,0.0092658771106846
2023-04-03,601916.XSHG,0.0075517948309065
2023-04-03,601939.XSHG,0.0089860941318087
2023-04-03,601985.XSHG,0.0190116075248664
2023-04-03,601988.XSHG,0.1114829916147701
2023-04-03,601989.XSHG,0.0131759780639375
2023-04-03,601997.XSHG,0.0031014059815417
2023-05-04,000027.XSHE,0.0042739703647059
2023-05-04,000166.XSHE,0.0144567020491579
2023-05-04,000598.XSHE,0.0021694261051037
2023-05-04,000623.XSHE,0.002778941390074
2023-05-04,000883.XSHE,0.0039410191719835
2023-05-04,000895.XSHE,0.0119393056144817
2023-05-04,001965.XSHE,0.0080971191008353
2023-05-04,002736.XSHE,0.0116163445075582
2023-05-04,002958.XSHE,0.0019739247368513
2023-05-04,003816.XSHE,0.0173988235286718
2023-05-04,600000.XSHG,0.0309661002185709
2023-05-04,600008.XSHG,0.0030956681133716
2023-05-04,600015.XSHG,0.0105861614228961
2023-05-04,600018.XSHG,0.0184314065871464
2023-05-04,600025.XSHG,0.017703964818877
2023-05-04,600098.XSHG,0.0028192673075056
2023-05-04,600157.XSHG,0.0047000890184547
2023-05-04,600170.XSHG,0.0034860564915266
2023-05-04,600177.XSHG,0.0043339067090127
2023-05-04,600323.XSHG,0.0022624497145474
2023-05-04,600377.XSHG,0.004920043347979
2023-05-04,600674.XSHG,0.0090134648111843
2023-05-04,600837.XSHG,0.0116040902291699
2023-05-04,600886.XSHG,0.0119132412283865
2023-05-04,600900.XSHG,0.0704774322497639
2023-05-04,600905.XSHG,0.0101801341798334
2023-05-04,600919.XSHG,0.0156369367429247
2023-05-04,600999.XSHG,0.0146304663649504
2023-05-04,601006.XSHG,0.0162562482657192
2023-05-04,601018.XSHG,0.0068761965377908
2023-05-04,601077.XSHG,0.0049756320062339
2023-05-04,601099.XSHG,0.0025843053814019
2023-05-04,601166.XSHG,0.0478282690827795
2023-05-04,601169.XSHG,0.0140861735811942
2023-05-04,601211.XSHG,0.0156632037547985
2023-05-04,601228.XSHG,0.0029875151335223
2023-05-04,601229.XSHG,0.012174185613043
2023-05-04,601288.XSHG,0.1471811926594406
2023-05-04,601328.XSHG,0.0319194896071011
2023-05-04,601398.XSHG,0.1833284091512124
2023-05-04,601555.XSHG,0.0050489638162261
2023-05-04,601818.XSHG,0.0211643464596131
2023-05-04,601825.XSHG,0.0038410335305745
2023-05-04,601866.XSHG,0.0029514158769709
2023-05-04,601880.XSHG,0.0042934395953186
2023-05-04,601916.XSHG,0.0073014755101262
2023-05-04,601939.XSHG,0.0086319819806469
2023-05-04,601985.XSHG,0.0185595360543886
2023-05-04,601988.XSHG,0.1140724544057651
2023-05-04,601997.XSHG,0.0028680758706062
2023-06-01,000027.XSHE,0.0104457870396485
2023-06-01,000166.XSHE,0.0338326437697694
2023-06-01,000559.XSHE,0.0046022182076192
2023-06-01,000598.XSHE,0.0052583747513989
2023-06-01,000623.XSHE,0.0062276917971232
2023-06-01,000728.XSHE,0.0093851117651062
2023-06-01,000750.XSHE,0.0059685128384523
2023-06-01,000883.XSHE,0.009808656066204
2023-06-01,000895.XSHE,0.0270948794040247
2023-06-01,002202.XSHE,0.0118364091483872
2023-06-01,002266.XSHE,0.0040900473466626
2023-06-01,002673.XSHE,0.0085469803659975
2023-06-01,002736.XSHE,0.0260503379185716
2023-06-01,002797.XSHE,0.0077715909717205
2023-06-01,002936.XSHE,0.0045185595618397
2023-06-01,300185.XSHE,0.0031326654221775
2023-06-01,600000.XSHG,0.0686947235197335
2023-06-01,600008.XSHG,0.0071975147436657
2023-06-01,600018.XSHG,0.0391861291608945
2023-06-01,600157.XSHG,0.0105709442794392
2023-06-01,600167.XSHG,0.0052005566020401
2023-06-01,600177.XSHG,0.0101425291410762
2023-06-01,600236.XSHG,0.0146465993333982
2023-06-01,600578.XSHG,0.0079835726152365
2023-06-01,600597.XSHG,0.0046092852659513
2023-06-01,600598.XSHG,0.0076693365496418
2023-06-01,600674.XSHG,0.0209218985748824
2023-06-01,600739.XSHG,0.0065060981984526
2023-06-01,600848.XSHG,0.0099585067869896
2023-06-01,600900.XSHG,0.1636205187687424
2023-06-01,600905.XSHG,0.0236061319488217
2023-06-01,600909.XSHG,0.0073546585992107
2023-06-01,600919.XSHG,0.0349892707067359
2023-06-01,601006.XSHG,0.0361323124095104
2023-06-01,601016.XSHG,0.0072896663231589
2023-06-01,601018.XSHG,0.0146523569204405
2023-06-01,601099.XSHG,0.0056973749723598
2023-06-01,601139.XSHG,0.0067510877558294
2023-06-01,601158.XSHG,0.0085024591169082
2023-06-01,601166.XSHG,0.1105287741535043
2023-06-01,601169.XSHG,0.0319459539137002
2023-06-01,601198.XSHG,0.0085107303720183
2023-06-01,601211.XSHG,0.0354582736781159
2023-06-01,601228.XSHG,0.0068026416907867
2023-06-01,601229.XSHG,0.0274225200554882
2023-06-01,601555.XSHG,0.0117998606521257
2023-06-01,601825.XSHG,0.0086621955570237
2023-06-01,601880.XSHG,0.0095030634086893
2023-06-01,601985.XSHG,0.0424637983685069
2023-06-01,601997.XSHG,0.0064481894822161
2023-07-03,000027.XSHE,0.0083826512187968
2023-07-03,000157.XSHE,0.0126238582225077
2023-07-03,000559.XSHE,0.0039901615242262
2023-07-03,000598.XSHE,0.0042868247051473
2023-07-03,000728.XSHE,0.0076659529074319
2023-07-03,000750.XSHE,0.0048904715765777
2023-07-03,000883.XSHE,0.0079637556616662
2023-07-03,000895.XSHE,0.0226348423098531
2023-07-03,002128.XSHE,0.0067819112271477
2023-07-03,002202.XSHE,0.0096837868507972
2023-07-03,002266.XSHE,0.0035420187982184
2023-07-03,002673.XSHE,0.0070118655596797
2023-07-03,002736.XSHE,0.0207693513553273
2023-07-03,002797.XSHE,0.0062959489975897
2023-07-03,002936.XSHE,0.0037419782925923
2023-07-03,003816.XSHE,0.0327265068904996
2023-07-03,600008.XSHG,0.0056210811390356
2023-07-03,600104.XSHG,0.044206968881352
2023-07-03,600120.XSHG,0.0035022019796819
2023-07-03,600177.XSHG,0.0078862523872188
2023-07-03,600236.XSHG,0.0116333138690928
2023-07-03,600406.XSHG,0.0487545399222165
2023-07-03,600516.XSHG,0.006656503542493
2023-07-03,600598.XSHG,0.0063588464244574
2023-07-03,600660.XSHG,0.0189256292579244
2023-07-03,600663.XSHG,0.0077338272720062
2023-07-03,600674.XSHG,0.0177768015146485
2023-07-03,600739.XSHG,0.005398887551372
2023-07-03,600741.XSHG,0.0155962889326683
2023-07-03,600760.XSHG,0.0337450201189061
2023-07-03,600848.XSHG,0.0076307084783673
2023-07-03,600900.XSHG,0.133291388872141
2023-07-03,600905.XSHG,0.01938454528421
2023-07-03,600919.XSHG,0.0303509048564086
2023-07-03,601016.XSHG,0.0058190045935662
2023-07-03,601088.XSHG,0.1361558933129443
2023-07-03,601099.XSHG,0.0046958486510205
2023-07-03,601139.XSHG,0.0056710452982906
2023-07-03,601166.XSHG,0.0871360586582572
2023-07-03,601211.XSHG,0.028079886682093
2023-07-03,601216.XSHG,0.0092785372682276
2023-07-03,601228.XSHG,0.0056068234866109
2023-07-03,601229.XSHG,0.0213177882364713
2023-07-03,601238.XSHG,0.0207397582965038
2023-07-03,601825.XSHG,0.0067231230706677
2023-07-03,601880.XSHG,0.0078325452870399
2023-07-03,601918.XSHG,0.0029446853794739
2023-07-03,601919.XSHG,0.0321168887414989
2023-07-03,601985.XSHG,0.0355744462974194
2023-07-03,603766.XSHG,0.0028620703576533
2023-08-01,000039.XSHE,0.0031603491009713
2023-08-01,000089.XSHE,0.002785808368419
2023-08-01,000157.XSHE,0.0089622718283657
2023-08-01,000559.XSHE,0.0028493969939012
2023-08-01,000685.XSHE,0.0018807069973571
2023-08-01,000709.XSHE,0.0047182107103419
2023-08-01,000895.XSHE,0.0161469785286946
2023-08-01,002128.XSHE,0.0049223545342872
2023-08-01,002202.XSHE,0.0070181296906462
2023-08-01,002233.XSHE,0.0019443574770931
2023-08-01,002266.XSHE,0.0038825880396375
2023-08-01,002736.XSHE,0.0157597338395177
2023-08-01,002797.XSHE,0.0049033192337609
2023-08-01,002936.XSHE,0.0028946526059223
2023-08-01,002939.XSHE,0.0057497262814969
2023-08-01,002958.XSHE,0.0027486450216155
2023-08-01,002966.XSHE,0.0046805845443103
2023-08-01,003816.XSHE,0.0228276622019292
2023-08-01,600000.XSHG,0.0412293677348413
2023-08-01,600008.XSHG,0.0041515017228935
2023-08-01,600104.XSHG,0.0331461197333564
2023-08-01,600120.XSHG,0.0026701298152874
2023-08-01,600170.XSHG,0.0049105183743428
2023-08-01,600177.XSHG,0.0060740705543934
2023-08-01,600196.XSHG,0.0123408255316736
2023-08-01,600282.XSHG,0.0042159359516749
2023-08-01,600352.XSHG,0.0058865907861383
2023-08-01,600508.XSHG,0.0019568578748745
2023-08-01,600519.XSHG,0.4385738917872183
2023-08-01,600598.XSHG,0.0047344587085238
2023-08-01,600655.XSHG,0.0054605896746024
2023-08-01,600660.XSHG,0.0139156372691929
2023-08-01,600663.XSHG,0.0059041998828593
2023-08-01,600900.XSHG,0.0912932306779416
2023-08-01,600905.XSHG,0.0136466966260062
2023-08-01,600919.XSHG,0.0204858489827064
2023-08-01,601166.XSHG,0.0638514892383638
2023-08-01,601211.XSHG,0.0213497788653655
2023-08-01,601212.XSHG,0.004133058659243
2023-08-01,601216.XSHG,0.0069866858874995
2023-08-01,601228.XSHG,0.0041885444920678
2023-08-01,601229.XSHG,0.0157911209523269
2023-08-01,601825.XSHG,0.0050227068076267
2023-08-01,601866.XSHG,0.0038657216874358
2023-08-01,601880.XSHG,0.0058114100207053
2023-08-01,601918.XSHG,0.0020923042136032
2023-08-01,601933.XSHG,0.0060884650485619
2023-08-01,601952.XSHG,0.0031580840989991
2023-08-01,601985.XSHG,0.0254423874134968
2023-08-01,601997.XSHG,0.0037862949279075
2023-09-01,000039.XSHE,0.0018651751365628
2023-09-01,000538.XSHE,0.0110695270338103
2023-09-01,000709.XSHE,0.0027020431136935
2023-09-01,000895.XSHE,0.0105880780881613
2023-09-01,000902.XSHE,0.00149280245072
2023-09-01,002001.XSHE,0.0056454948528993
2023-09-01,002064.XSHE,0.0040414841942943
2023-09-01,002078.XSHE,0.0037349111963218
2023-09-01,002128.XSHE,0.0029727046035899
2023-09-01,003816.XSHE,0.0141734277591979
2023-09-01,600000.XSHG,0.0233881000752296
2023-09-01,600008.XSHG,0.0023863474247784
2023-09-01,600015.XSHG,0.0081184076726416
2023-09-01,600018.XSHG,0.0135392514982665
2023-09-01,600025.XSHG,0.0148745401121794
2023-09-01,600098.XSHG,0.0024264561209169
2023-09-01,600104.XSHG,0.019309568302862
2023-09-01,600170.XSHG,0.0028079203937044
2023-09-01,600177.XSHG,0.0036830139724742
2023-09-01,600282.XSHG,0.0026068681334938
2023-09-01,600309.XSHG,0.0344681865434742
2023-09-01,600362.XSHG,0.0045809519486062
2023-09-01,600519.XSHG,0.2643095222215857
2023-09-01,600655.XSHG,0.0033097227263773
2023-09-01,600660.XSHG,0.0086812331925944
2023-09-01,600674.XSHG,0.0075094213521827
2023-09-01,600740.XSHG,0.001491098229215
2023-09-01,600873.XSHG,0.003054643594872
2023-09-01,600888.XSHG,0.0012327505590363
2023-09-01,600900.XSHG,0.0563791162241163
2023-09-01,600919.XSHG,0.0128499121982892
2023-09-01,600938.XSHG,0.0061859562437681
2023-09-01,601006.XSHG,0.0123438334569309
2023-09-01,601077.XSHG,0.0038058811918125
2023-09-01,601088.XSHG,0.0538917729612413
2023-09-01,601158.XSHG,0.0029735440114214
2023-09-01,601166.XSHG,0.0376401150130271
2023-09-01,601169.XSHG,0.0108868219425334
2023-09-01,601200.XSHG,0.001249685717408
2023-09-01,601228.XSHG,0.0023978390220666
2023-09-01,601229.XSHG,0.0094913710346188
2023-09-01,601288.XSHG,0.1248297510054458
2023-09-01,601328.XSHG,0.0246723764958848
2023-09-01,601398.XSHG,0.1400529921482025
2023-09-01,601727.XSHG,0.006430097065183
2023-09-01,601825.XSHG,0.0030785198665667
2023-09-01,601866.XSHG,0.0022464251459535
2023-09-01,601880.XSHG,0.0034028751408147
2023-09-01,603568.XSHG,0.0034143936307167
2023-09-01,688538.XSHG,0.0017130679802548
2023-10-09,000039.XSHE,0.0023521350201576
2023-10-09,000538.XSHE,0.0139373505197719
2023-10-09,000895.XSHE,0.0134031330182495
2023-10-09,000937.XSHE,0.0028773036133924
2023-10-09,002001.XSHE,0.0072036201730303
2023-10-09,002078.XSHE,0.0048944126226335
2023-10-09,002128.XSHE,0.0038773570374391
2023-10-09,003816.XSHE,0.0182631998966591
2023-10-09,600000.XSHG,0.0301277282460642
2023-10-09,600008.XSHG,0.0030223925337782
2023-10-09,600015.XSHG,0.0106340357717475
2023-10-09,600018.XSHG,0.0173234991033911
2023-10-09,600025.XSHG,0.0198159365316225
2023-10-09,600098.XSHG,0.003104142125776
2023-10-09,600104.XSHG,0.0255366590865823
2023-10-09,600177.XSHG,0.0047375899068472
2023-10-09,600252.XSHG,0.0013452718988719
2023-10-09,600282.XSHG,0.0033575236120842
2023-10-09,600350.XSHG,0.005031897483988
2023-10-09,600655.XSHG,0.0041548466166607
2023-10-09,600660.XSHG,0.0112036849883422
2023-10-09,600674.XSHG,0.0096653927358712
2023-10-09,600900.XSHG,0.0749093129561448
2023-10-09,600901.XSHG,0.0029287377280165
2023-10-09,600919.XSHG,0.0187840995046669
2023-10-09,600938.XSHG,0.0087051782783612
2023-10-09,600989.XSHG,0.0151291984236045
2023-10-09,601006.XSHG,0.01631617717864
2023-10-09,601018.XSHG,0.0079625242320032
2023-10-09,601077.XSHG,0.0051982263142214
2023-10-09,601088.XSHG,0.0759657983639768
2023-10-09,601128.XSHG,0.0028328598550916
2023-10-09,601158.XSHG,0.0038825919853294
2023-10-09,601166.XSHG,0.0491980387233847
2023-10-09,601169.XSHG,0.0142619534269161
2023-10-09,601228.XSHG,0.0030800243074019
2023-10-09,601229.XSHG,0.0124342877435998
2023-10-09,601288.XSHG,0.1678016715878084
2023-10-09,601328.XSHG,0.0330670754194915
2023-10-09,601398.XSHG,0.1838345738054156
2023-10-09,601577.XSHG,0.0047490831456554
2023-10-09,601665.XSHG,0.0014259407397364
2023-10-09,601818.XSHG,0.0208013200055621
2023-10-09,601825.XSHG,0.004062327718725
2023-10-09,601866.XSHG,0.002861487069279
2023-10-09,601880.XSHG,0.0042885216656487
2023-10-09,601919.XSHG,0.0183215842568336
2023-10-09,601939.XSHG,0.0088106025736142
2023-10-09,601985.XSHG,0.0202920587371414
2023-10-09,688538.XSHG,0.0022256317107669
2023-11-01,000050.XSHE,0.0029867087966372
2023-11-01,000895.XSHE,0.0117692767668756
2023-11-01,000902.XSHE,0.0017636451599999
2023-11-01,002001.XSHE,0.0063224959810104
2023-11-01,002007.XSHE,0.0047822223681839
2023-11-01,002064.XSHE,0.0046418774898991
2023-11-01,002078.XSHE,0.0044185316361135
2023-11-01,002128.XSHE,0.0036926326303023
2023-11-01,003816.XSHE,0.015164554055855
2023-11-01,300009.XSHE,0.0016558084118182
2023-11-01,600000.XSHG,0.0259623427199609
2023-11-01,600015.XSHG,0.0093082251293921
2023-11-01,600025.XSHG,0.0181260424668
2023-11-01,600104.XSHG,0.0218734655913242
2023-11-01,600177.XSHG,0.0040285793501163
2023-11-01,600219.XSHG,0.0047101774481251
2023-11-01,600236.XSHG,0.005701636974826
2023-11-01,600252.XSHG,0.0011835900002994
2023-11-01,600282.XSHG,0.0030365630929421
2023-11-01,600352.XSHG,0.0037375372044294
2023-11-01,600660.XSHG,0.009555626451521
2023-11-01,600674.XSHG,0.0084837200193314
2023-11-01,600873.XSHG,0.0035940372175554
2023-11-01,600886.XSHG,0.0110024934008094
2023-11-01,600887.XSHG,0.0222101619747538
2023-11-01,600900.XSHG,0.068795803259554
2023-11-01,600901.XSHG,0.0026081870808083
2023-11-01,600919.XSHG,0.0160891132789573
2023-11-01,600938.XSHG,0.0071928530532757
2023-11-01,600989.XSHG,0.0135874896930635
2023-11-01,600999.XSHG,0.0134550722248815
2023-11-01,601006.XSHG,0.0142898598411902
2023-11-01,601077.XSHG,0.004785067610156
2023-11-01,601088.XSHG,0.0644060579927357
2023-11-01,601128.XSHG,0.0025289581233984
2023-11-01,601166.XSHG,0.0404734389396898
2023-11-01,601169.XSHG,0.0123220843020141
2023-11-01,601211.XSHG,0.0143369632481628
2023-11-01,601229.XSHG,0.0108557061559496
2023-11-01,601288.XSHG,0.1490085042036786
2023-11-01,601328.XSHG,0.0288978001702045
2023-11-01,601398.XSHG,0.1658201843434279
2023-11-01,601825.XSHG,0.0035099623842801
2023-11-01,601880.XSHG,0.0036657990977462
2023-11-01,601919.XSHG,0.0159649733147254
2023-11-01,601939.XSHG,0.0077682521254659
2023-11-01,601985.XSHG,0.018187692409665
2023-11-01,601988.XSHG,0.1065283192260505
2023-11-01,603826.XSHG,0.0032518723613229
2023-11-01,688538.XSHG,0.0019580332207123
2023-12-01,000538.XSHE,0.011756617529584
2023-12-01,000895.XSHE,0.0117550509661667
2023-12-01,000902.XSHE,0.0017508099314634
2023-12-01,002001.XSHE,0.006723328237816
2023-12-01,002007.XSHE,0.005031028457934
2023-12-01,002128.XSHE,0.0040395446431303
2023-12-01,002252.XSHE,0.0070910115980854
2023-12-01,002432.XSHE,0.0022996131258003
2023-12-01,003816.XSHE,0.0155399918436988
2023-12-01,300009.XSHE,0.0016973676368229
2023-12-01,600000.XSHG,0.0263024208710497
2023-12-01,600015.XSHG,0.0097794048807906
2023-12-01,600016.XSHG,0.0179531451427446
2023-12-01,600018.XSHG,0.0152485213768288
2023-12-01,600025.XSHG,0.019685371949654
2023-12-01,600177.XSHG,0.0041296943782612
2023-12-01,600252.XSHG,0.0012322095645479
2023-12-01,600282.XSHG,0.0030243747420365
2023-12-01,600298.XSHG,0.0041056216735161
2023-12-01,600377.XSHG,0.0050684135393589
2023-12-01,600483.XSHG,0.0028752525486547
2023-12-01,600637.XSHG,0.0036806048741345
2023-12-01,600674.XSHG,0.0083039475155754
2023-12-01,600740.XSHG,0.0017596399288045
2023-12-01,600795.XSHG,0.0092861587352877
2023-12-01,600863.XSHG,0.0033128571988979
2023-12-01,600873.XSHG,0.0036194770978934
2023-12-01,600887.XSHG,0.0223112390084984
2023-12-01,600900.XSHG,0.070014318264219
2023-12-01,600901.XSHG,0.0027624649523593
2023-12-01,600919.XSHG,0.0158695595555868
2023-12-01,600999.XSHG,0.0136803463950625
2023-12-01,601006.XSHG,0.0146791515042367
2023-12-01,601018.XSHG,0.0074857330116453
2023-12-01,601077.XSHG,0.004739232697095
2023-12-01,601088.XSHG,0.0679768814825266
2023-12-01,601169.XSHG,0.0125846901140568
2023-12-01,601211.XSHG,0.0146922053416556
2023-12-01,601229.XSHG,0.0107965785324527
2023-12-01,601288.XSHG,0.1524336108890357
2023-12-01,601328.XSHG,0.0296784969185448
2023-12-01,601398.XSHG,0.1696482872116301
2023-12-01,601818.XSHG,0.0176660558720352
2023-12-01,601825.XSHG,0.0034402089564078
2023-12-01,601916.XSHG,0.0071023245163092
2023-12-01,601919.XSHG,0.0164723629929952
2023-12-01,601939.XSHG,0.0080069982923293
2023-12-01,601985.XSHG,0.0175388347446547
2023-12-01,601988.XSHG,0.1113898864820178
2023-12-01,688538.XSHG,0.001979052276105
2024-01-02,000408.XSHE,0.0055195626144083
2024-01-02,000883.XSHE,0.0037760849560705
2024-01-02,000895.XSHE,0.0123826315409321
2024-01-02,000902.XSHE,0.0017500216014991
2024-01-02,000937.XSHE,0.0028673743605683
2024-01-02,002001.XSHE,0.0070228011191459
2024-01-02,002078.XSHE,0.0045918403415279
2024-01-02,002128.XSHE,0.0041814784779225
2024-01-02,002318.XSHE,0.0026071471752714
2024-01-02,003816.XSHE,0.0169404193449903
2024-01-02,600015.XSHG,0.0098366917581232
2024-01-02,600016.XSHG,0.0179451774295496
2024-01-02,600018.XSHG,0.0155317154510271
2024-01-02,600025.XSHG,0.0214150921469283
2024-01-02,600177.XSHG,0.004055504252202
2024-01-02,600282.XSHG,0.0030865805088789
2024-01-02,600295.XSHG,0.0026348908497432
2024-01-02,600298.XSHG,0.0041297358186656
2024-01-02,600350.XSHG,0.0046708441048893
2024-01-02,600377.XSHG,0.0053474223098668
2024-01-02,600642.XSHG,0.0043409625706728
2024-01-02,600660.XSHG,0.0101574351258308
2024-01-02,600674.XSHG,0.0091014215834361
2024-01-02,600740.XSHG,0.0017585916866608
2024-01-02,600863.XSHG,0.0035488095264791
2024-01-02,600873.XSHG,0.0038267090253367
2024-01-02,600886.XSHG,0.012609359752472
2024-01-02,600900.XSHG,0.0750411466460168
2024-01-02,600919.XSHG,0.0164495206453306
2024-01-02,601006.XSHG,0.0154288324037172
2024-01-02,601018.XSHG,0.0076374880941502
2024-01-02,601077.XSHG,0.0049589595555595
2024-01-02,601088.XSHG,0.07186542743782
2024-01-02,601158.XSHG,0.0037468336184671
2024-01-02,601169.XSHG,0.0129471106830091
2024-01-02,601211.XSHG,0.0149147178007694
2024-01-02,601225.XSHG,0.02785741859654
2024-01-02,601229.XSHG,0.0111820526802042
2024-01-02,601288.XSHG,0.1572531280767618
2024-01-02,601298.XSHG,0.0045718466115217
2024-01-02,601328.XSHG,0.0305331939862823
2024-01-02,601398.XSHG,0.1738081956913919
2024-01-02,601718.XSHG,0.001714031738405
2024-01-02,601818.XSHG,0.0181123559035377
2024-01-02,601825.XSHG,0.0035890433488771
2024-01-02,601916.XSHG,0.0073358564983814
2024-01-02,601939.XSHG,0.00845708492885
2024-01-02,601985.XSHG,0.0195179383634398
2024-01-02,601988.XSHG,0.1137467780068697
2024-01-02,603826.XSHG,0.0036947332509965
2024-02-01,000157.XSHE,0.0050370302181587
2024-02-01,000333.XSHE,0.040136931874044
2024-02-01,000895.XSHE,0.0097574134315767
2024-02-01,002078.XSHE,0.0033177357763656
2024-02-01,600000.XSHG,0.0197611385041134
2024-02-01,600015.XSHG,0.0091862936023471
2024-02-01,600016.XSHG,0.0137630134858332
2024-02-01,600018.XSHG,0.0126418093991852
2024-02-01,600019.XSHG,0.0132441157604463
2024-02-01,600025.XSHG,0.0155756676498468
2024-02-01,600036.XSHG,0.0621296560920435
2024-02-01,600177.XSHG,0.0030658969049952
2024-02-01,600236.XSHG,0.0045107402514013
2024-02-01,600350.XSHG,0.003632561526961
2024-02-01,600377.XSHG,0.0043064734520561
2024-02-01,600398.XSHG,0.0033485259535944
2024-02-01,600642.XSHG,0.0035016640724506
2024-02-01,600660.XSHG,0.0077260883111632
2024-02-01,600674.XSHG,0.0074660800179514
2024-02-01,600690.XSHG,0.0140594380098006
2024-02-01,600873.XSHG,0.0028908632151053
2024-02-01,600886.XSHG,0.0095863461806979
2024-02-01,600887.XSHG,0.0168296156769005
2024-02-01,600900.XSHG,0.0562992300191886
2024-02-01,600919.XSHG,0.0131862775858797
2024-02-01,600926.XSHG,0.0056651871294878
2024-02-01,600941.XSHG,0.0075754358914446
2024-02-01,600999.XSHG,0.0098172635632111
2024-02-01,601006.XSHG,0.0121211436493883
2024-02-01,601009.XSHG,0.0075340098707492
2024-02-01,601018.XSHG,0.0055402187956317
2024-02-01,601077.XSHG,0.0037530068758355
2024-02-01,601088.XSHG,0.0592676012455008
2024-02-01,601169.XSHG,0.0105711052980187
2024-02-01,601211.XSHG,0.0108022122250809
2024-02-01,601225.XSHG,0.0229695901469349
2024-02-01,601229.XSHG,0.0087332777502461
2024-02-01,601288.XSHG,0.1229519343686717
2024-02-01,601298.XSHG,0.0036728830207486
2024-02-01,601328.XSHG,0.0232387700797684
2024-02-01,601398.XSHG,0.1372035705224267
2024-02-01,601658.XSHG,0.0311675756450006
2024-02-01,601816.XSHG,0.0239689218082177
2024-02-01,601818.XSHG,0.0142891005115021
2024-02-01,601825.XSHG,0.0028782008210455
2024-02-01,601838.XSHG,0.0047146802953771
2024-02-01,601916.XSHG,0.0056738715453548
2024-02-01,601939.XSHG,0.0064968531490772
2024-02-01,601985.XSHG,0.015330422754009
2024-02-01,601988.XSHG,0.0891025560651621
2024-03-01,000157.XSHE,0.0049894324157626
2024-03-01,000166.XSHE,0.0090701404760735
2024-03-01,000333.XSHE,0.0388542903444687
2024-03-01,000651.XSHE,0.0197169299156289
2024-03-01,000725.XSHE,0.0133354372045684
2024-03-01,000895.XSHE,0.0089096589680092
2024-03-01,002001.XSHE,0.0048219829487994
2024-03-01,600000.XSHG,0.0184200899880735
2024-03-01,600015.XSHG,0.0086105593567245
2024-03-01,600016.XSHG,0.0127078652011477
2024-03-01,600018.XSHG,0.0110451214732087
2024-03-01,600019.XSHG,0.0128874533369671
2024-03-01,600025.XSHG,0.0146482336129321
2024-03-01,600036.XSHG,0.0581558957220403
2024-03-01,600089.XSHG,0.006702937757873
2024-03-01,600104.XSHG,0.0153047373005482
2024-03-01,600236.XSHG,0.0039795604581867
2024-03-01,600406.XSHG,0.0163884499216546
2024-03-01,600660.XSHG,0.007669187660579
2024-03-01,600674.XSHG,0.006793656023319
2024-03-01,600690.XSHG,0.0135863059417682
2024-03-01,600873.XSHG,0.0027902251545729
2024-03-01,600886.XSHG,0.0088167100094234
2024-03-01,600887.XSHG,0.015726988366552
2024-03-01,600900.XSHG,0.0529741958400303
2024-03-01,600919.XSHG,0.0122715222669694
2024-03-01,600989.XSHG,0.0098773256027499
2024-03-01,600999.XSHG,0.0092106103601599
2024-03-01,601006.XSHG,0.0107769732194325
2024-03-01,601009.XSHG,0.0070824479252209
2024-03-01,601077.XSHG,0.0034939700610985
2024-03-01,601169.XSHG,0.0097040150576508
2024-03-01,601211.XSHG,0.0099696318519919
2024-03-01,601225.XSHG,0.0221031438936047
2024-03-01,601229.XSHG,0.0080301250266073
2024-03-01,601288.XSHG,0.1194732611656662
2024-03-01,601328.XSHG,0.0218951603864121
2024-03-01,601398.XSHG,0.1270757404199653
2024-03-01,601607.XSHG,0.0031044950824288
2024-03-01,601658.XSHG,0.0286744197619137
2024-03-01,601766.XSHG,0.0140645529796939
2024-03-01,601816.XSHG,0.0216715852767664
2024-03-01,601818.XSHG,0.0131892308953189
2024-03-01,601899.XSHG,0.0240404454060591
2024-03-01,601916.XSHG,0.0053054370189354
2024-03-01,601939.XSHG,0.0059528010896482
2024-03-01,601985.XSHG,0.0142503486822752
2024-03-01,601988.XSHG,0.0833411327764647
2024-03-01,601989.XSHG,0.0091612252042071
2024-03-01,601998.XSHG,0.0193743531898447
2024-04-01,000027.XSHE,0.0025590402811869
2024-04-01,000157.XSHE,0.004501526268134
2024-04-01,000166.XSHE,0.0076373910025491
2024-04-01,000333.XSHE,0.0338682191177532
2024-04-01,000338.XSHE,0.0063862919728733
2024-04-01,000651.XSHE,0.0167582752080816
2024-04-01,000725.XSHE,0.0119358353385697
2024-04-01,002601.XSHE,0.0021628393150511
2024-04-01,002714.XSHE,0.012226048587445
2024-04-01,600000.XSHG,0.0158766216952237
2024-04-01,600015.XSHG,0.0075516803536501
2024-04-01,600016.XSHG,0.0106652311257053
2024-04-01,600018.XSHG,0.0093619894868879
2024-04-01,600019.XSHG,0.0108418108025365
2024-04-01,600028.XSHG,0.0451889292666548
2024-04-01,600036.XSHG,0.0503740234457154
2024-04-01,600104.XSHG,0.0132236320297451
2024-04-01,600219.XSHG,0.0030220510722648
2024-04-01,600406.XSHG,0.0145931768203942
2024-04-01,600519.XSHG,0.161771365103288
2024-04-01,600660.XSHG,0.0067132911668192
2024-04-01,600674.XSHG,0.0059990844927865
2024-04-01,600690.XSHG,0.0120917272288681
2024-04-01,600886.XSHG,0.0077180949371639
2024-04-01,600887.XSHG,0.0132785135094096
2024-04-01,600900.XSHG,0.0444166840518991
2024-04-01,600905.XSHG,0.0047778036255401
2024-04-01,600919.XSHG,0.01087988996932
2024-04-01,600926.XSHG,0.0045296079872428
2024-04-01,600989.XSHG,0.0092389916894168
2024-04-01,600999.XSHG,0.0078459024524773
2024-04-01,601006.XSHG,0.0096855700488818
2024-04-01,601009.XSHG,0.0062650825310038
2024-04-01,601021.XSHG,0.0041728889813319
2024-04-01,601169.XSHG,0.0090319573660437
2024-04-01,601229.XSHG,0.0070239971778669
2024-04-01,601288.XSHG,0.1010282619819039
2024-04-01,601328.XSHG,0.0190284630373239
2024-04-01,601398.XSHG,0.1067025298469373
2024-04-01,601728.XSHG,0.008823072369738
2024-04-01,601766.XSHG,0.0125037137561578
2024-04-01,601816.XSHG,0.0186262869241694
2024-04-01,601825.XSHG,0.0023961854778524
2024-04-01,601838.XSHG,0.0039072026674261
2024-04-01,601899.XSHG,0.0259441452193991
2024-04-01,601916.XSHG,0.0048032022796969
2024-04-01,601919.XSHG,0.0099167885503079
2024-04-01,601939.XSHG,0.0049595439811689
2024-04-01,601988.XSHG,0.0703256729038206
2024-04-01,603195.XSHG,0.0068598654943141
2024-05-06,000166.XSHE,0.0082390097103947
2024-05-06,000333.XSHE,0.0379232051569899
2024-05-06,000538.XSHE,0.0079525345296648
2024-05-06,000651.XSHE,0.0189334987195625
2024-05-06,000725.XSHE,0.0130137846308844
2024-05-06,002001.XSHE,0.00470075738834
2024-05-06,002311.XSHE,0.0065199309611153
2024-05-06,300760.XSHE,0.0296611860294175
2024-05-06,600000.XSHG,0.0179999707780793
2024-05-06,600008.XSHG,0.0016801979497214
2024-05-06,600009.XSHG,0.0056389980604339
2024-05-06,600015.XSHG,0.0080176654726228
2024-05-06,600018.XSHG,0.0102283404597806
2024-05-06,600021.XSHG,0.0019198105993344
2024-05-06,600036.XSHG,0.0562102225208719
2024-05-06,600104.XSHG,0.0133830707069797
2024-05-06,600177.XSHG,0.0028421897157536
2024-05-06,600236.XSHG,0.0040148254162068
2024-05-06,600309.XSHG,0.0225507465629294
2024-05-06,600332.XSHG,0.0035661182987821
2024-05-06,600519.XSHG,0.1727356058170893
2024-05-06,600598.XSHG,0.0018678313950943
2024-05-06,600690.XSHG,0.0156274384330216
2024-05-06,600704.XSHG,0.001917918689408
2024-05-06,600809.XSHG,0.0256366454145589
2024-05-06,600873.XSHG,0.0025606573280347
2024-05-06,600886.XSHG,0.0088537029964451
2024-05-06,600887.XSHG,0.0141855404580196
2024-05-06,600900.XSHG,0.0477675866374809
2024-05-06,600905.XSHG,0.0050314263258767
2024-05-06,600926.XSHG,0.0053917228639985
2024-05-06,600989.XSHG,0.0097848166923982
2024-05-06,601009.XSHG,0.0067290981429539
2024-05-06,601018.XSHG,0.004531988580925
2024-05-06,601166.XSHG,0.0272969529265454
2024-05-06,601169.XSHG,0.0091999041844835
2024-05-06,601229.XSHG,0.0078753225862531
2024-05-06,601288.XSHG,0.1084861032095694
2024-05-06,601319.XSHG,0.0147250660139734
2024-05-06,601328.XSHG,0.0208200044391951
2024-05-06,601398.XSHG,0.113103402085234
2024-05-06,601658.XSHG,0.0254314431962759
2024-05-06,601668.XSHG,0.0174954664380017
2024-05-06,601669.XSHG,0.0052997510097627
2024-05-06,601816.XSHG,0.0201783853637864
2024-05-06,601838.XSHG,0.0043980720495782
2024-05-06,601868.XSHG,0.0024554441924596
2024-05-06,601916.XSHG,0.0050491492192448
2024-05-06,601919.XSHG,0.0119795998477227
2024-05-06,603195.XSHG,0.0085878897947421
2024-06-03,000001.XSHE,0.01689100733973
2024-06-03,000166.XSHE,0.0081462832106872
2024-06-03,002223.XSHE,0.0030486524198745
2024-06-03,002415.XSHE,0.0235820579874084
2024-06-03,600000.XSHG,0.0192662849975004
2024-06-03,600015.XSHG,0.0083068182827934
2024-06-03,600016.XSHG,0.010851239816886
2024-06-03,600018.XSHG,0.0105630679279218
2024-06-03,600019.XSHG,0.0120426187942986
2024-06-03,600025.XSHG,0.0146259368206434
2024-06-03,600028.XSHG,0.0481839886652608
2024-06-03,600029.XSHG,0.0058571578818173
2024-06-03,600050.XSHG,0.0112673099464651
2024-06-03,600104.XSHG,0.0132136271894345
2024-06-03,600177.XSHG,0.0028951630079595
2024-06-03,600332.XSHG,0.003476116573593
2024-06-03,600352.XSHG,0.0022514895345021
2024-06-03,600519.XSHG,0.1632554290786521
2024-06-03,600598.XSHG,0.0018235394492928
2024-06-03,600674.XSHG,0.0069827270744078
2024-06-03,600886.XSHG,0.0098293069804001
2024-06-03,600887.XSHG,0.0142850289102945
2024-06-03,600900.XSHG,0.0522030241746953
2024-06-03,600905.XSHG,0.0049872285072513
2024-06-03,600926.XSHG,0.0056838933685722
2024-06-03,600989.XSHG,0.0095107250639785
2024-06-03,601009.XSHG,0.0073688873613721
2024-06-03,601018.XSHG,0.0043984064500032
2024-06-03,601166.XSHG,0.0293139053936306
2024-06-03,601169.XSHG,0.0096709563359549
2024-06-03,601216.XSHG,0.0028830024325258
2024-06-03,601229.XSHG,0.0084526560704601
2024-06-03,601288.XSHG,0.1116063596109298
2024-06-03,601319.XSHG,0.0149706225890693
2024-06-03,601328.XSHG,0.0220608772893133
2024-06-03,601398.XSHG,0.1162694940674768
2024-06-03,601577.XSHG,0.0026900494843554
2024-06-03,601607.XSHG,0.0028158417953862
2024-06-03,601658.XSHG,0.0267115128205838
2024-06-03,601668.XSHG,0.0183106409646895
2024-06-03,601669.XSHG,0.0055023489571171
2024-06-03,601728.XSHG,0.0092403443215242
2024-06-03,601816.XSHG,0.0195420394248817
2024-06-03,601818.XSHG,0.0118090272050319
2024-06-03,601838.XSHG,0.0046712232337956
2024-06-03,601868.XSHG,0.0024353256645756
2024-06-03,601916.XSHG,0.005055384148062
2024-06-03,601939.XSHG,0.0053692822980766
2024-06-03,601988.XSHG,0.0741839316113521
2024-06-03,601997.XSHG,0.0016381574655091
2024-07-01,000001.XSHE,0.0162875207399574
2024-07-01,002001.XSHE,0.0048648562977878
2024-07-01,002252.XSHE,0.00428800226588
2024-07-01,003816.XSHE,0.0151198014001044
2024-07-01,600000.XSHG,0.0197087646745873
2024-07-01,600015.XSHG,0.0080483848381179
2024-07-01,600016.XSHG,0.0109566667862644
2024-07-01,600018.XSHG,0.0109747970149016
2024-07-01,600019.XSHG,0.011982412101842
2024-07-01,600025.XSHG,0.0161295973902626
2024-07-01,600028.XSHG,0.0492135907687066
2024-07-01,600029.XSHG,0.0060327857822099
2024-07-01,600036.XSHG,0.057480283983076
2024-07-01,600050.XSHG,0.0117520824639732
2024-07-01,600104.XSHG,0.0130102070756685
2024-07-01,600115.XSHG,0.0044165228662589
2024-07-01,600177.XSHG,0.0027289265714879
2024-07-01,600674.XSHG,0.0075897866013616
2024-07-01,600886.XSHG,0.0105352089602524
2024-07-01,600887.XSHG,0.0132785994404483
2024-07-01,600900.XSHG,0.0573929774590947
2024-07-01,600905.XSHG,0.0103852742157594
2024-07-01,600926.XSHG,0.0058709686795861
2024-07-01,600941.XSHG,0.0066109140320381
2024-07-01,600989.XSHG,0.0104487300938397
2024-07-01,601006.XSHG,0.0102873299198186
2024-07-01,601009.XSHG,0.0076726506044235
2024-07-01,601018.XSHG,0.0044353282138323
2024-07-01,601021.XSHG,0.0044716227322102
2024-07-01,601077.XSHG,0.0036114251191588
2024-07-01,601088.XSHG,0.0605540441880874
2024-07-01,601166.XSHG,0.0299029136353737
2024-07-01,601169.XSHG,0.0100645215010487
2024-07-01,601229.XSHG,0.0082762085106979
2024-07-01,601288.XSHG,0.1149462333594006
2024-07-01,601298.XSHG,0.0042283520807497
2024-07-01,601319.XSHG,0.0150841533177136
2024-07-01,601328.XSHG,0.0239998933065133
2024-07-01,601398.XSHG,0.1272480949190812
2024-07-01,601607.XSHG,0.0030359298132328
2024-07-01,601658.XSHG,0.0276515768181532
2024-07-01,601668.XSHG,0.0182285473335776
2024-07-01,601728.XSHG,0.0096908628059436
2024-07-01,601816.XSHG,0.0215837487030558
2024-07-01,601818.XSHG,0.0120049732087326
2024-07-01,601838.XSHG,0.0048340885271626
2024-07-01,601868.XSHG,0.0024797230316075
2024-07-01,601916.XSHG,0.0048919488119247
2024-07-01,601939.XSHG,0.0058893699779066
2024-07-01,601988.XSHG,0.0798187970571243
2024-08-01,000001.XSHE,0.0168950151301104
2024-08-01,000166.XSHE,0.0088452596044893
2024-08-01,000728.XSHE,0.0024748621223765
2024-08-01,600000.XSHG,0.0213247230021744
2024-08-01,600008.XSHG,0.0018295344502439
2024-08-01,600015.XSHG,0.0082309864800167
2024-08-01,600019.XSHG,0.0126373333070259
2024-08-01,600025.XSHG,0.017624497473524
2024-08-01,600028.XSHG,0.0528155180866146
2024-08-01,600050.XSHG,0.0123903759864594
2024-08-01,600104.XSHG,0.0144543056834893
2024-08-01,600115.XSHG,0.0049822261620931
2024-08-01,600177.XSHG,0.002798503600084
2024-08-01,600820.XSHG,0.0018604306563329
2024-08-01,600900.XSHG,0.0612998982553375
2024-08-01,600905.XSHG,0.0117047082895762
2024-08-01,600919.XSHG,0.0119567047549178
2024-08-01,600926.XSHG,0.0061055601927855
2024-08-01,600958.XSHG,0.0053886794354279
2024-08-01,600999.XSHG,0.009381259631394
2024-08-01,601006.XSHG,0.0105450436598017
2024-08-01,601009.XSHG,0.0079192935714868
2024-08-01,601018.XSHG,0.0048242041123933
2024-08-01,601077.XSHG,0.0038951566754939
2024-08-01,601111.XSHG,0.0071825072141461
2024-08-01,601166.XSHG,0.0293050171974486
2024-08-01,601169.XSHG,0.0096250462692599
2024-08-01,601186.XSHG,0.0082109750694684
2024-08-01,601211.XSHG,0.0092266827801424
2024-08-01,601229.XSHG,0.008663508526504
2024-08-01,601288.XSHG,0.1253043866306093
2024-08-01,601318.XSHG,0.0387858118412563
2024-08-01,601319.XSHG,0.0171228253475192
2024-08-01,601328.XSHG,0.0246231263930293
2024-08-01,601377.XSHG,0.0039899802909664
2024-08-01,601398.XSHG,0.1343937709538913
2024-08-01,601607.XSHG,0.0031720577428013
2024-08-01,601618.XSHG,0.0048127279645219
2024-08-01,601628.XSHG,0.0568953681477945
2024-08-01,601658.XSHG,0.0273699986098292
2024-08-01,601668.XSHG,0.0196862495312198
2024-08-01,601669.XSHG,0.0061722532172887
2024-08-01,601728.XSHG,0.0100143653579627
2024-08-01,601800.XSHG,0.0086141818052489
2024-08-01,601816.XSHG,0.0243532521240529
2024-08-01,601818.XSHG,0.0125103984387057
2024-08-01,601868.XSHG,0.002712818531548
2024-08-01,601916.XSHG,0.0051869937198495
2024-08-01,601939.XSHG,0.0060834237078185
2024-08-01,601988.XSHG,0.0837981922634658
2024-09-02,000001.XSHE,0.0186966999050847
2024-09-02,000166.XSHE,0.0090199257803181
2024-09-02,000538.XSHE,0.0091729972964291
2024-09-02,000651.XSHE,0.0211653451660988
2024-09-02,000728.XSHE,0.0026032945259403
2024-09-02,000776.XSHE,0.0068199683655069
2024-09-02,600000.XSHG,0.0234686775690248
2024-09-02,600008.XSHG,0.0020077019405924
2024-09-02,600015.XSHG,0.0092968509394986
2024-09-02,600016.XSHG,0.0117606225740673
2024-09-02,600028.XSHG,0.0630833232208296
2024-09-02,600029.XSHG,0.0067150957109803
2024-09-02,600036.XSHG,0.062771464159113
2024-09-02,600050.XSHG,0.0136630468793762
2024-09-02,600115.XSHG,0.0052106639811022
2024-09-02,600177.XSHG,0.003132718268327
2024-09-02,600196.XSHG,0.0045182743096786
2024-09-02,600298.XSHG,0.0025830598028956
2024-09-02,600406.XSHG,0.0188096924447514
2024-09-02,600598.XSHG,0.0021938638238612
2024-09-02,600871.XSHG,0.002366450270141
2024-09-02,600900.XSHG,0.0679722300764016
2024-09-02,600919.XSHG,0.0137110214691435
2024-09-02,600941.XSHG,0.0074392240452819
2024-09-02,600958.XSHG,0.0058939603011811
2024-09-02,600999.XSHG,0.010291308239336
2024-09-02,601009.XSHG,0.0089024700965486
2024-09-02,601018.XSHG,0.0050766492130295
2024-09-02,601088.XSHG,0.064560184146488
2024-09-02,601111.XSHG,0.0075640283343629
2024-09-02,601166.XSHG,0.0326660546002806
2024-09-02,601169.XSHG,0.0107998422202198
2024-09-02,601211.XSHG,0.0103151419343845
2024-09-02,601228.XSHG,0.0022504166867439
2024-09-02,601229.XSHG,0.0094487541362533
2024-09-02,601318.XSHG,0.044565177733273
2024-09-02,601319.XSHG,0.020737085382333
2024-09-02,601377.XSHG,0.0041808254997064
2024-09-02,601398.XSHG,0.1526203129304294
2024-09-02,601607.XSHG,0.0034351616923139
2024-09-02,601658.XSHG,0.0303202041734128
2024-09-02,601668.XSHG,0.0207914449850911
2024-09-02,601688.XSHG,0.0086405803492357
2024-09-02,601728.XSHG,0.0119470143412853
2024-09-02,601816.XSHG,0.0249900103906751
2024-09-02,601818.XSHG,0.0135770831543399
2024-09-02,601868.XSHG,0.0028191984052661
2024-09-02,601916.XSHG,0.0052560734834037
2024-09-02,601988.XSHG,0.098419684395475
2024-09-02,601997.XSHG,0.0017491206504847
2024-10-08,000001.XSHE,0.0420438853322555
2024-10-08,000089.XSHE,0.0024733739335144
2024-10-08,000513.XSHE,0.0041844682511757
2024-10-08,000538.XSHE,0.0186558281162916
2024-10-08,001213.XSHE,0.0033194028641525
2024-10-08,002252.XSHE,0.0090735495267216
2024-10-08,002294.XSHE,0.0067063179619361
2024-10-08,002966.XSHE,0.004941893586858
2024-10-08,600000.XSHG,0.0518428822068234
2024-10-08,600004.XSHG,0.0041801837941669
2024-10-08,600008.XSHG,0.0041365218940155
2024-10-08,600009.XSHG,0.0126187479581204
2024-10-08,600010.XSHG,0.009695751220877
2024-10-08,600015.XSHG,0.0201372139854488
2024-10-08,600016.XSHG,0.0246362327568688
2024-10-08,600018.XSHG,0.0262025055349367
2024-10-08,600019.XSHG,0.0258478038557489
2024-10-08,600028.XSHG,0.1121481402338688
2024-10-08,600036.XSHG,0.1388022511492557
2024-10-08,600050.XSHG,0.0288568890943403
2024-10-08,600177.XSHG,0.0065484272727479
2024-10-08,600352.XSHG,0.0058939111143266
2024-10-08,600406.XSHG,0.0374723223636596
2024-10-08,600598.XSHG,0.0046080344298471
2024-10-08,600637.XSHG,0.0044110185345665
2024-10-08,600688.XSHG,0.0037847008537511
2024-10-08,600741.XSHG,0.0097527522591893
2024-10-08,600905.XSHG,0.0236097949259107
2024-10-08,600919.XSHG,0.0264241296170136
2024-10-08,600926.XSHG,0.0129449034500093
2024-10-08,601009.XSHG,0.0179519814618615
2024-10-08,601018.XSHG,0.010556280933212
2024-10-08,601166.XSHG,0.0699250903215103
2024-10-08,601169.XSHG,0.021445842458244
2024-10-08,601222.XSHG,0.002730791930086
2024-10-08,601228.XSHG,0.0046321716522514
2024-10-08,601229.XSHG,0.0191938430527534
2024-10-08,601326.XSHG,0.0030090647990318
2024-10-08,601399.XSHG,0.0038101191879162
2024-10-08,601568.XSHG,0.0029867616919341
2024-10-08,601577.XSHG,0.0057623417080928
2024-10-08,601607.XSHG,0.0071202825973654
2024-10-08,601658.XSHG,0.0613093606962397
2024-10-08,601818.XSHG,0.0284927354031597
2024-10-08,601825.XSHG,0.0119418378407692
2024-10-08,601838.XSHG,0.0101682425813282
2024-10-08,601868.XSHG,0.013364585876865
2024-10-08,601880.XSHG,0.0048563102240516
2024-10-08,601916.XSHG,0.0109446425988597
2024-10-08,601997.XSHG,0.003843874906067
2024-11-01,000060.XSHE,0.0020572090382064
2024-11-01,000089.XSHE,0.0015727104740431
2024-11-01,000408.XSHE,0.0050894422229314
2024-11-01,000425.XSHE,0.007280033285497
2024-11-01,002262.XSHE,0.0025722501183884
2024-11-01,002352.XSHE,0.0238488240480604
2024-11-01,600000.XSHG,0.0320559724552596
2024-11-01,600008.XSHG,0.0027663515709434
2024-11-01,600017.XSHG,0.0010644622411209
2024-11-01,600031.XSHG,0.0174276392337718
2024-11-01,600036.XSHG,0.086150364798622
2024-11-01,600096.XSHG,0.0047059390968763
2024-11-01,600143.XSHG,0.0025140147588724
2024-11-01,600298.XSHG,0.0034493031872832
2024-11-01,600323.XSHG,0.0020012805257866
2024-11-01,600352.XSHG,0.003628078320632
2024-11-01,600406.XSHG,0.0232825239057807
2024-11-01,600497.XSHG,0.0033842745564061
2024-11-01,600578.XSHG,0.0027729982274268
2024-11-01,600598.XSHG,0.003000039860094
2024-11-01,600637.XSHG,0.0028774280330421
2024-11-01,600688.XSHG,0.0023915109007467
2024-11-01,600820.XSHG,0.0024042924674387
2024-11-01,600863.XSHG,0.0032270144254338
2024-11-01,600905.XSHG,0.0149499729952273
2024-11-01,600919.XSHG,0.0180254940931991
2024-11-01,600926.XSHG,0.0084161042059111
2024-11-01,600941.XSHG,0.0086184410103083
2024-11-01,601006.XSHG,0.0131990752492972
2024-11-01,601018.XSHG,0.0064955326141148
2024-11-01,601088.XSHG,0.074414049584141
2024-11-01,601118.XSHG,0.0027411733654756
2024-11-01,601169.XSHG,0.0132410793333558
2024-11-01,601228.XSHG,0.0028763649474545
2024-11-01,601229.XSHG,0.0120650922716158
2024-11-01,601288.XSHG,0.167661432435463
2024-11-01,601369.XSHG,0.0016316036717268
2024-11-01,601398.XSHG,0.1821784158945592
2024-11-01,601577.XSHG,0.0038344393393632
2024-11-01,601658.XSHG,0.0387913983113618
2024-11-01,601665.XSHG,0.0030173453444577
2024-11-01,601728.XSHG,0.0142633873497869
2024-11-01,601818.XSHG,0.0175906994503139
2024-11-01,601825.XSHG,0.0079944752973281
2024-11-01,601838.XSHG,0.00651188535173
2024-11-01,601868.XSHG,0.0084798683800177
2024-11-01,601880.XSHG,0.003254359457565
2024-11-01,601916.XSHG,0.0067225758948438
2024-11-01,601939.XSHG,0.0084957456462978
2024-11-01,601988.XSHG,0.1130060307524188
2024-12-02,000425.XSHE,0.0088786883418449
2024-12-02,000429.XSHE,0.0020252185413145
2024-12-02,000927.XSHE,0.002352387155899
2024-12-02,000963.XSHE,0.0090204093635726
2024-12-02,001213.XSHE,0.0025772678599723
2024-12-02,002028.XSHE,0.0063206705576009
2024-12-02,002078.XSHE,0.0053952692624683
2024-12-02,002091.XSHE,0.001657430713939
2024-12-02,002092.XSHE,0.0016166066928367
2024-12-02,002203.XSHE,0.0024994919744456
2024-12-02,002204.XSHE,0.0013839483658423
2024-12-02,002221.XSHE,0.0019967115911732
2024-12-02,002318.XSHE,0.0031116023551216
2024-12-02,002966.XSHE,0.0037364336550486
2024-12-02,600016.XSHG,0.0187287350381645
2024-12-02,600017.XSHG,0.0013549902941552
2024-12-02,600029.XSHG,0.011166572746788
2024-12-02,600098.XSHG,0.0030967017533036
2024-12-02,600115.XSHG,0.0092658548958793
2024-12-02,600143.XSHG,0.0030949001705283
2024-12-02,600352.XSHG,0.0044249958812929
2024-12-02,600655.XSHG,0.0033158009110155
2024-12-02,600717.XSHG,0.0019431657113261
2024-12-02,600820.XSHG,0.0028787605388931
2024-12-02,600873.XSHG,0.003974839082954
2024-12-02,600919.XSHG,0.02133202869172
2024-12-02,600926.XSHG,0.0102812480417826
2024-12-02,600941.XSHG,0.010617334852571
2024-12-02,600959.XSHG,0.0024486084420813
2024-12-02,600977.XSHG,0.0030076247067087
2024-12-02,601006.XSHG,0.0164984489384277
2024-12-02,601009.XSHG,0.0129815023657581
2024-12-02,601018.XSHG,0.0081386671061573
2024-12-02,601111.XSHG,0.0125091585187722
2024-12-02,601128.XSHG,0.0030165931777711
2024-12-02,601228.XSHG,0.0035640427496099
2024-12-02,601229.XSHG,0.0152888201339643
2024-12-02,601288.XSHG,0.2041882315409056
2024-12-02,601398.XSHG,0.2193111307059549
2024-12-02,601607.XSHG,0.0054630332775589
2024-12-02,601658.XSHG,0.047830219097072
2024-12-02,601728.XSHG,0.0174416568395043
2024-12-02,601816.XSHG,0.0392931455167388
2024-12-02,601818.XSHG,0.0221689389786795
2024-12-02,601838.XSHG,0.0079758808417488
2024-12-02,601916.XSHG,0.008319337759427
2024-12-02,601988.XSHG,0.140119286972795
2024-12-02,601998.XSHG,0.0353858203670501
2024-12-02,603358.XSHG,0.0019312934229819
2024-12-02,605499.XSHG,0.0150704934988765
2025-01-02,000001.XSHE,0.0166246095337622
2025-01-02,000333.XSHE,0.0388975408543146
2025-01-02,000538.XSHE,0.007698498179921
2025-01-02,000582.XSHE,0.0010626668770592
2025-01-02,000651.XSHE,0.0191564240612463
2025-01-02,000895.XSHE,0.0067038978952162
2025-01-02,002032.XSHE,0.0032144305133608
2025-01-02,002078.XSHE,0.0030182570852345
2025-01-02,002966.XSHE,0.002221346241929
2025-01-02,600000.XSHG,0.0222857640348682
2025-01-02,600015.XSHG,0.0089379873149296
2025-01-02,600016.XSHG,0.0106582735607411
2025-01-02,600018.XSHG,0.0104049435553745
2025-01-02,600019.XSHG,0.0113368568335335
2025-01-02,600028.XSHG,0.0466317266849722
2025-01-02,600036.XSHG,0.0595426665889472
2025-01-02,600096.XSHG,0.0030177930407617
2025-01-02,600298.XSHG,0.0022934646441473
2025-01-02,600352.XSHG,0.0023945152647399
2025-01-02,600377.XSHG,0.0043088617790992
2025-01-02,600642.XSHG,0.0033826254513156
2025-01-02,600660.XSHG,0.0090751131124489
2025-01-02,600803.XSHG,0.0044829846005667
2025-01-02,600887.XSHG,0.0140343548344923
2025-01-02,600900.XSHG,0.0525415813860197
2025-01-02,600901.XSHG,0.0022305685294019
2025-01-02,600919.XSHG,0.0133693851460971
2025-01-02,600926.XSHG,0.0059682533267134
2025-01-02,600941.XSHG,0.0065388522702178
2025-01-02,601006.XSHG,0.0093035252157889
2025-01-02,601009.XSHG,0.0077900793544386
2025-01-02,601018.XSHG,0.004383695708292
2025-01-02,601088.XSHG,0.0526421219774181
2025-01-02,601166.XSHG,0.029459505751282
2025-01-02,601169.XSHG,0.009539827763813
2025-01-02,601229.XSHG,0.0095726122768373
2025-01-02,601288.XSHG,0.1244239916714588
2025-01-02,601298.XSHG,0.0036372754354684
2025-01-02,601328.XSHG,0.0221524595996982
2025-01-02,601398.XSHG,0.1374124961964484
2025-01-02,601607.XSHG,0.0029894625324628
2025-01-02,601658.XSHG,0.0277705370801752
2025-01-02,601728.XSHG,0.0107926913758591
2025-01-02,601816.XSHG,0.0221939147416858
2025-01-02,601818.XSHG,0.0129738345654194
2025-01-02,601838.XSHG,0.0052383224428482
2025-01-02,601916.XSHG,0.0046021179421505
2025-01-02,601939.XSHG,0.0061766804580076
2025-01-02,601988.XSHG,0.0848304157073848
2025-01-02,601998.XSHG,0.0200801890016288
2025-02-05,000001.XSHE,0.0188367030657383
2025-02-05,000333.XSHE,0.0424800129404529
2025-02-05,000538.XSHE,0.0086737355966936
2025-02-05,000582.XSHE,0.0012720689783461
2025-02-05,000725.XSHE,0.0141889195989769
2025-02-05,000883.XSHE,0.0026719158317821
2025-02-05,000895.XSHE,0.0076360118709631
2025-02-05,002001.XSHE,0.0057740916677072
2025-02-05,002142.XSHE,0.0143299260325044
2025-02-05,002223.XSHE,0.0029033535200003
2025-02-05,002648.XSHE,0.0057164722824542
2025-02-05,002966.XSHE,0.0024661477667486
2025-02-05,600000.XSHG,0.0260860322015214
2025-02-05,600015.XSHG,0.0097340919243696
2025-02-05,600016.XSHG,0.0123824049253853
2025-02-05,600019.XSHG,0.0124964218091785
2025-02-05,600036.XSHG,0.0704456136991258
2025-02-05,600346.XSHG,0.0086349770926841
2025-02-05,600352.XSHG,0.00266634633018
2025-02-05,600377.XSHG,0.0046320575714663
2025-02-05,600660.XSHG,0.0101488227753802
2025-02-05,600887.XSHG,0.0145201638405418
2025-02-05,600900.XSHG,0.058104872899074
2025-02-05,600901.XSHG,0.0025505941358105
2025-02-05,600919.XSHG,0.0152752732992029
2025-02-05,600926.XSHG,0.0069022317429792
2025-02-05,600941.XSHG,0.0083468288551084
2025-02-05,601006.XSHG,0.0104204747137963
2025-02-05,601009.XSHG,0.0089834956336998
2025-02-05,601018.XSHG,0.0048312655217339
2025-02-05,601077.XSHG,0.0045118786579457
2025-02-05,601166.XSHG,0.0357015690139227
2025-02-05,601169.XSHG,0.0106857486152101
2025-02-05,601229.XSHG,0.0110976513083029
2025-02-05,601288.XSHG,0.1376357862715815
2025-02-05,601298.XSHG,0.0041660210800366
2025-02-05,601328.XSHG,0.0240262137495075
2025-02-05,601398.XSHG,0.1539864964244478
2025-02-05,601577.XSHG,0.0031236204192013
2025-02-05,601598.XSHG,0.0023063678032031
2025-02-05,601607.XSHG,0.0034100781043341
2025-02-05,601658.XSHG,0.0302564748655655
2025-02-05,601728.XSHG,0.0120512512091878
2025-02-05,601818.XSHG,0.0149758171075038
2025-02-05,601838.XSHG,0.0059737693295156
2025-02-05,601916.XSHG,0.0052971781140583
2025-02-05,601939.XSHG,0.0068634929650923
2025-02-05,601988.XSHG,0.0957256106877934
2025-02-05,601997.XSHG,0.0018228860543006
2025-02-05,601998.XSHG,0.0222707600956813
2025-03-03,000001.XSHE,0.0199372183077781
2025-03-03,000538.XSHE,0.0087039866404506
2025-03-03,000582.XSHE,0.0012686991443264
2025-03-03,000895.XSHE,0.0084260043134293
2025-03-03,002064.XSHE,0.0037085449150019
2025-03-03,002074.XSHE,0.0037241141444365
2025-03-03,002078.XSHE,0.0035003784027412
2025-03-03,002340.XSHE,0.0031500004010051
2025-03-03,002352.XSHE,0.0180042133466783
2025-03-03,002595.XSHE,0.0036130517555273
2025-03-03,002648.XSHE,0.0063915416368116
2025-03-03,002948.XSHE,0.0011334377041628
2025-03-03,002966.XSHE,0.0025014612831103
2025-03-03,600000.XSHG,0.0265930501377402
2025-03-03,600015.XSHG,0.0099714581192605
2025-03-03,600016.XSHG,0.0131363467703508
2025-03-03,600019.XSHG,0.0141349939691652
2025-03-03,600031.XSHG,0.0142038589783765
2025-03-03,600036.XSHG,0.077429201273564
2025-03-03,600346.XSHG,0.0094980852621
2025-03-03,600377.XSHG,0.0051926161519509
2025-03-03,600380.XSHG,0.0019004486322233
2025-03-03,600642.XSHG,0.0038760217328879
2025-03-03,600660.XSHG,0.010005008565804
2025-03-03,600688.XSHG,0.0020606583689148
2025-03-03,600885.XSHG,0.0031141329369264
2025-03-03,600887.XSHG,0.0157752497508035
2025-03-03,600900.XSHG,0.0580514819414628
2025-03-03,600919.XSHG,0.0151192722759122
2025-03-03,600926.XSHG,0.0072116788415703
2025-03-03,601006.XSHG,0.0120489941420211
2025-03-03,601009.XSHG,0.0089580934427309
2025-03-03,601077.XSHG,0.0044334044863387
2025-03-03,601166.XSHG,0.0384774641894717
2025-03-03,601169.XSHG,0.011040377568093
2025-03-03,601229.XSHG,0.0118187271591872
2025-03-03,601288.XSHG,0.145614862275831
2025-03-03,601328.XSHG,0.0252257153502654
2025-03-03,601398.XSHG,0.1648511211462726
2025-03-03,601577.XSHG,0.0030936340578244
2025-03-03,601598.XSHG,0.0023691995384682
2025-03-03,601658.XSHG,0.0315148295712401
2025-03-03,601818.XSHG,0.0155336962663894
2025-03-03,601838.XSHG,0.0061031230853376
2025-03-03,601868.XSHG,0.0066286816911591
2025-03-03,601916.XSHG,0.0054807723287336
2025-03-03,601939.XSHG,0.007278885931153
2025-03-03,601988.XSHG,0.1019672280887542
2025-03-03,601997.XSHG,0.0018732829548645
2025-03-03,601998.XSHG,0.0243516910213894
2025-04-01,000001.XSHE,0.0196477309899652
2025-04-01,000060.XSHE,0.0016686991175852
2025-04-01,000538.XSHE,0.0090887465824492
2025-04-01,000582.XSHE,0.0013655307907821
2025-04-01,000883.XSHE,0.002846620575239
2025-04-01,000895.XSHE,0.0085271912231557
2025-04-01,002001.XSHE,0.0061252650349153
2025-04-01,002032.XSHE,0.0042273258922743
2025-04-01,002078.XSHE,0.003680098643988
2025-04-01,002352.XSHE,0.0188295013781895
2025-04-01,002608.XSHE,0.0026610266284184
2025-04-01,002958.XSHE,0.0013801236070618
2025-04-01,002966.XSHE,0.0031346614538093
2025-04-01,600000.XSHG,0.0272924629081298
2025-04-01,600015.XSHG,0.0108239076881024
2025-04-01,600016.XSHG,0.0125841495873232
2025-04-01,600036.XSHG,0.0794497493637468
2025-04-01,600098.XSHG,0.0020462370207113
2025-04-01,600346.XSHG,0.0093473609429429
2025-04-01,600350.XSHG,0.0046816006847178
2025-04-01,600377.XSHG,0.0053081852685032
2025-04-01,600380.XSHG,0.0019558266144628
2025-04-01,600642.XSHG,0.00403697533421
2025-04-01,600900.XSHG,0.0601739856290784
2025-04-01,600901.XSHG,0.00274644344408
2025-04-01,600919.XSHG,0.0157941029677165
2025-04-01,600926.XSHG,0.0076183720206321
2025-04-01,601006.XSHG,0.011891636597212
2025-04-01,601009.XSHG,0.0092371630157733
2025-04-01,601018.XSHG,0.0052828210814778
2025-04-01,601077.XSHG,0.0047955480654142
2025-04-01,601166.XSHG,0.0396781976736472
2025-04-01,601169.XSHG,0.0114726902264418
2025-04-01,601229.XSHG,0.0127247891535629
2025-04-01,601288.XSHG,0.1471304074256373
2025-04-01,601328.XSHG,0.026129402038213
2025-04-01,601398.XSHG,0.1647064152719929
2025-04-01,601577.XSHG,0.0033050880758234
2025-04-01,601598.XSHG,0.0024411871379428
2025-04-01,601658.XSHG,0.0311156723115019
2025-04-01,601816.XSHG,0.0248816966736543
2025-04-01,601818.XSHG,0.0155924877802351
2025-04-01,601825.XSHG,0.007072540397623
2025-04-01,601838.XSHG,0.0065379182827781
2025-04-01,601916.XSHG,0.0056710671675061
2025-04-01,601939.XSHG,0.0074724901991805
2025-04-01,601988.XSHG,0.1045203062292995
2025-04-01,601991.XSHG,0.00332979824284
2025-04-01,601997.XSHG,0.0019313860219603
2025-04-01,601998.XSHG,0.0260374095380899
2025-05-06,000001.XSHE,0.0165907275829294
2025-05-06,000027.XSHE,0.002419606688541
2025-05-06,000538.XSHE,0.0078529780113906
2025-05-06,000651.XSHE,0.0195611756069304
2025-05-06,000729.XSHE,0.0025429817500281
2025-05-06,000895.XSHE,0.0066907140712283
2025-05-06,002032.XSHE,0.003440172812022
2025-05-06,002352.XSHE,0.0163681548722725
2025-05-06,002966.XSHE,0.0026807213168652
2025-05-06,600000.XSHG,0.0255753716425077
2025-05-06,600011.XSHG,0.0063140571376824
2025-05-06,600016.XSHG,0.0109820565116869
2025-05-06,600025.XSHG,0.0133249979384778
2025-05-06,600039.XSHG,0.0046592582697442
2025-05-06,600098.XSHG,0.0017740044165049
2025-05-06,600346.XSHG,0.0082267823617972
2025-05-06,600350.XSHG,0.0041077694058456
2025-05-06,600377.XSHG,0.0044548325221283
2025-05-06,600483.XSHG,0.0021036161187257
2025-05-06,600519.XSHG,0.1519057432640534
2025-05-06,600535.XSHG,0.0017841841946293
2025-05-06,600660.XSHG,0.0090622160592779
2025-05-06,600674.XSHG,0.0064566272003665
2025-05-06,600873.XSHG,0.0024523341206543
2025-05-06,600887.XSHG,0.0146755757840188
2025-05-06,600900.XSHG,0.054645732670444
2025-05-06,600901.XSHG,0.0024343997444525
2025-05-06,600919.XSHG,0.0143294632942442
2025-05-06,600926.XSHG,0.0072618117187751
2025-05-06,600941.XSHG,0.007961841113422
2025-05-06,601006.XSHG,0.0103411430046978
2025-05-06,601009.XSHG,0.008993413132137
2025-05-06,601077.XSHG,0.004605154054846
2025-05-06,601166.XSHG,0.0335934315891841
2025-05-06,601169.XSHG,0.0098132233927845
2025-05-06,601229.XSHG,0.0114588851422352
2025-05-06,601288.XSHG,0.1339780767096905
2025-05-06,601328.XSHG,0.0226879816427952
2025-05-06,601398.XSHG,0.1467991077762516
2025-05-06,601577.XSHG,0.0028227397798629
2025-05-06,601658.XSHG,0.0268080879381515
2025-05-06,601818.XSHG,0.0136474512391615
2025-05-06,601825.XSHG,0.0060974335994308
2025-05-06,601838.XSHG,0.005581115878036
2025-05-06,601916.XSHG,0.0050081788027487
2025-05-06,601928.XSHG,0.0023028048948725
2025-05-06,601939.XSHG,0.0067726904562435
2025-05-06,601988.XSHG,0.0902610395677886
2025-05-06,601991.XSHG,0.0030846351663235
2025-05-06,601998.XSHG,0.02270349803111
2025-06-03,000001.XSHE,0.0180509175377455
2025-06-03,000538.XSHE,0.007989229052783
2025-06-03,000651.XSHE,0.01953817320185
2025-06-03,000729.XSHE,0.0028167186097516
2025-06-03,002223.XSHE,0.002817594703019
2025-06-03,002714.XSHE,0.0124680003524349
2025-06-03,002966.XSHE,0.0030489689198481
2025-06-03,300498.XSHE,0.0070471400463496
2025-06-03,600000.XSHG,0.0289908416021573
2025-06-03,600011.XSHG,0.0062973757957609
2025-06-03,600016.XSHG,0.0125131222581825
2025-06-03,600018.XSHG,0.010659879193621
2025-06-03,600025.XSHG,0.0140639436181236
2025-06-03,600036.XSHG,0.0714424617498508
2025-06-03,600039.XSHG,0.0049103962079676
2025-06-03,600329.XSHG,0.0015454342543953
2025-06-03,600350.XSHG,0.0042814299911977
2025-06-03,600377.XSHG,0.0047616018646511
2025-06-03,600535.XSHG,0.0019685885028713
2025-06-03,600674.XSHG,0.0063887494099391
2025-06-03,600795.XSHG,0.006419886173
2025-06-03,600873.XSHG,0.0023660336875592
2025-06-03,600887.XSHG,0.0151544530769557
2025-06-03,600900.XSHG,0.0570102294011386
2025-06-03,600901.XSHG,0.0027134048736318
2025-06-03,600919.XSHG,0.0160151169221855
2025-06-03,600926.XSHG,0.0086912129806875
2025-06-03,600941.XSHG,0.0083676150348545
2025-06-03,601006.XSHG,0.0106477948949913
2025-06-03,601009.XSHG,0.0099966143610736
2025-06-03,601128.XSHG,0.0018997580418882
2025-06-03,601166.XSHG,0.038795479846846
2025-06-03,601169.XSHG,0.0107411044729163
2025-06-03,601229.XSHG,0.0123309895153116
2025-06-03,601288.XSHG,0.1400558214324309
2025-06-03,601318.XSHG,0.0456486748577846
2025-06-03,601328.XSHG,0.0238047094885707
2025-06-03,601398.XSHG,0.1509844080222888
2025-06-03,601577.XSHG,0.0031636492571253
2025-06-03,601658.XSHG,0.0286014235912941
2025-06-03,601665.XSHG,0.0025515068675061
2025-06-03,601818.XSHG,0.0147302376528953
2025-06-03,601838.XSHG,0.0064350838802987
2025-06-03,601916.XSHG,0.0055658553044907
2025-06-03,601928.XSHG,0.0023732602405183
2025-06-03,601939.XSHG,0.0068459756750447
2025-06-03,601988.XSHG,0.0916350393831994
2025-06-03,601997.XSHG,0.0017940754433458
2025-06-03,601998.XSHG,0.0264234125775174
2025-06-03,688271.XSHG,0.0066366061701473
2025-07-01,000001.XSHE,0.0182271403343385
2025-07-01,000027.XSHE,0.002332334070196
2025-07-01,000538.XSHE,0.0075495611105914
2025-07-01,000598.XSHE,0.0016424380420302
2025-07-01,000651.XSHE,0.0191409034645848
2025-07-01,000792.XSHE,0.0068734346547204
2025-07-01,002966.XSHE,0.0030935002432272
2025-07-01,600000.XSHG,0.0327715288981983
2025-07-01,600011.XSHG,0.0060215513836011
2025-07-01,600016.XSHG,0.0131338923906071
2025-07-01,600021.XSHG,0.0017787215129805
2025-07-01,600025.XSHG,0.0132781207015228
2025-07-01,600036.XSHG,0.0731728052320135
2025-07-01,600039.XSHG,0.0050628367045211
2025-07-01,600096.XSHG,0.0030737639318967
2025-07-01,600115.XSHG,0.0052146428491538
2025-07-01,600153.XSHG,0.0022939060319757
2025-07-01,600329.XSHG,0.0014667418145075
2025-07-01,600483.XSHG,0.0020784328365441
2025-07-01,600795.XSHG,0.0067963496650978
2025-07-01,600873.XSHG,0.0023636672186124
2025-07-01,600900.XSHG,0.0556768049756508
2025-07-01,600901.XSHG,0.0027589654757952
2025-07-01,600905.XSHG,0.0093216611994185
2025-07-01,600919.XSHG,0.0170126936346603
2025-07-01,600926.XSHG,0.0095832149512528
2025-07-01,600941.XSHG,0.0077597397791025
2025-07-01,601006.XSHG,0.0101080310545972
2025-07-01,601009.XSHG,0.0111117601619113
2025-07-01,601128.XSHG,0.0019019830252716
2025-07-01,601166.XSHG,0.0373597986212773
2025-07-01,601169.XSHG,0.0112373137574793
2025-07-01,601229.XSHG,0.0116317331929118
2025-07-01,601288.XSHG,0.1452968740348851
2025-07-01,601318.XSHG,0.045778515323364
2025-07-01,601328.XSHG,0.0242784647528464
2025-07-01,601398.XSHG,0.1577085761177786
2025-07-01,601577.XSHG,0.0031010463363711
2025-07-01,601658.XSHG,0.0282939449279776
2025-07-01,601665.XSHG,0.0025252101783047
2025-07-01,601668.XSHG,0.0181749774494537
2025-07-01,601818.XSHG,0.0148839444059004
2025-07-01,601838.XSHG,0.0065847631675739
2025-07-01,601868.XSHG,0.0054975585611583
2025-07-01,601916.XSHG,0.0057253409341533
2025-07-01,601939.XSHG,0.007113616119721
2025-07-01,601958.XSHG,0.0027226698390031
2025-07-01,601988.XSHG,0.0909358189212028
2025-07-01,601997.XSHG,0.0017785092516677
2025-07-01,601998.XSHG,0.0267701967583864
2025-08-01,000027.XSHE,0.0033613904400828
2025-08-01,000050.XSHE,0.0024572037278757
2025-08-01,000537.XSHE,0.0019431831121941
2025-08-01,000538.XSHE,0.0107969815705708
2025-08-01,000591.XSHE,0.0017739405413601
2025-08-01,000651.XSHE,0.0273839853667139
2025-08-01,000728.XSHE,0.0040181778445276
2025-08-01,000902.XSHE,0.0017558562584214
2025-08-01,002001.XSHE,0.0073116188632785
2025-08-01,002007.XSHE,0.0028334339481354
2025-08-01,002252.XSHE,0.0049604673731328
2025-08-01,003816.XSHE,0.0156200383907633
2025-08-01,600004.XSHG,0.0023969526013703
2025-08-01,600008.XSHG,0.0024542936223221
2025-08-01,600009.XSHG,0.006672507374965
2025-08-01,600018.XSHG,0.0141418496363468
2025-08-01,600021.XSHG,0.0029533038520537
2025-08-01,600036.XSHG,0.0991499710673533
2025-08-01,600038.XSHG,0.0028423790671869
2025-08-01,600056.XSHG,0.0017927514252859
2025-08-01,600085.XSHG,0.0054580203638574
2025-08-01,600332.XSHG,0.0041346439714496
2025-08-01,600352.XSHG,0.0037208347730731
2025-08-01,600420.XSHG,0.0016528957299647
2025-08-01,600436.XSHG,0.0131030800416464
2025-08-01,600483.XSHG,0.002842727054872
2025-08-01,600572.XSHG,0.0012762079897778
2025-08-01,600582.XSHG,0.0027987837058673
2025-08-01,600703.XSHG,0.0068449679554458
2025-08-01,600863.XSHG,0.0028531496056688
2025-08-01,600873.XSHG,0.0034448541515116
2025-08-01,600886.XSHG,0.0125742766373431
2025-08-01,600905.XSHG,0.0133319218842404
2025-08-01,600938.XSHG,0.0083922457289709
2025-08-01,600998.XSHG,0.0029899293979282
2025-08-01,601006.XSHG,0.0141916286174696
2025-08-01,601108.XSHG,0.0040498777634792
2025-08-01,601288.XSHG,0.2186571947820741
2025-08-01,601398.XSHG,0.2222959566637432
2025-08-01,601607.XSHG,0.0058247215095117
2025-08-01,601658.XSHG,0.0411074851263159
2025-08-01,601668.XSHG,0.0252162529431593
2025-08-01,601766.XSHG,0.0192423101575993
2025-08-01,601880.XSHG,0.0031035207344072
2025-08-01,601939.XSHG,0.0097784979500408
2025-08-01,601988.XSHG,0.126569646888012
2025-08-01,603027.XSHG,0.0012366644925911
2025-08-01,603658.XSHG,0.0024750369238195
2025-08-01,603858.XSHG,0.0021996541932034
2025-08-01,605090.XSHG,0.0020127261790139
2025-09-01,000301.XSHE,0.0084841159604126
2025-09-01,000333.XSHE,0.0666844814753433
2025-09-01,000538.XSHE,0.0136717085239884
2025-09-01,000725.XSHE,0.0200525673636829
2025-09-01,000895.XSHE,0.0115397686068082
2025-09-01,002001.XSHE,0.0098080982110472
2025-09-01,002007.XSHE,0.0035166483118146
2025-09-01,002157.XSHE,0.0027917574411683
2025-09-01,002179.XSHE,0.0115509782072776
2025-09-01,002223.XSHE,0.0046420537499837
2025-09-01,002230.XSHE,0.0151310580634901
2025-09-01,002252.XSHE,0.0059285337257308
2025-09-01,002340.XSHE,0.0048674258159641
2025-09-01,002415.XSHE,0.0369305985165575
2025-09-01,002608.XSHE,0.0037790313508079
2025-09-01,003816.XSHE,0.0193398829023928
2025-09-01,300124.XSHE,0.0233140541403512
2025-09-01,300999.XSHE,0.0023899426359426
2025-09-01,600004.XSHG,0.0030630401244183
2025-09-01,600008.XSHG,0.0029980832999509
2025-09-01,600009.XSHG,0.0080760260418086
2025-09-01,600018.XSHG,0.0168793467910746
2025-09-01,600029.XSHG,0.0098412159669872
2025-09-01,600038.XSHG,0.003467332004664
2025-09-01,600064.XSHG,0.001809549410615
2025-09-01,600085.XSHG,0.0064362953265391
2025-09-01,600098.XSHG,0.0031310094942501
2025-09-01,600298.XSHG,0.0044852859939617
2025-09-01,600332.XSHG,0.0048660834089943
2025-09-01,600352.XSHG,0.0044263228765074
2025-09-01,600372.XSHG,0.0081067213801857
2025-09-01,600420.XSHG,0.0019608034062332
2025-09-01,600436.XSHG,0.0162701254309949
2025-09-01,600483.XSHG,0.0034715273810526
2025-09-01,600511.XSHG,0.0021383697340157
2025-09-01,600741.XSHG,0.0080211722088419
2025-09-01,600795.XSHG,0.0113907604836445
2025-09-01,600863.XSHG,0.0034213242315889
2025-09-01,600887.XSHG,0.0231435905361789
2025-09-01,600905.XSHG,0.0157662117263538
2025-09-01,600938.XSHG,0.0100884442741946
2025-09-01,601288.XSHG,0.2927488426277911
2025-09-01,601658.XSHG,0.0531701367716537
2025-09-01,601857.XSHG,0.1834455843604851
2025-09-01,601858.XSHG,0.0022199211860278
2025-09-01,601880.XSHG,0.0040721681160936
2025-09-01,601928.XSHG,0.003737211727334
2025-09-01,601995.XSHG,0.0148077266658906
2025-09-01,603888.XSHG,0.0018711367012504
2025-09-01,688009.XSHG,0.0062459253076516
2025-10-09,000039.XSHE,0.0036555481846044
2025-10-09,000333.XSHE,0.0954080279759092
2025-10-09,000537.XSHE,0.0036899702107625
2025-10-09,000538.XSHE,0.0192677511066021
2025-10-09,000543.XSHE,0.0032096743897267
2025-10-09,000725.XSHE,0.029778064147839
2025-10-09,000895.XSHE,0.0162318487411915
2025-10-09,002252.XSHE,0.0085261358903208
2025-10-09,002608.XSHE,0.0059581232110284
2025-10-09,003816.XSHE,0.0284811421797757
2025-10-09,600004.XSHG,0.0042348067622061
2025-10-09,600008.XSHG,0.0045498156297176
2025-10-09,600009.XSHG,0.0123922697091705
2025-10-09,600018.XSHG,0.024333297057706
2025-10-09,600023.XSHG,0.0131145222533898
2025-10-09,600025.XSHG,0.032651225083427
2025-10-09,600029.XSHG,0.0148214814999039
2025-10-09,600064.XSHG,0.0026631916789859
2025-10-09,600115.XSHG,0.0136896448537198
2025-10-09,600131.XSHG,0.0042275680769664
2025-10-09,600177.XSHG,0.0064587419081917
2025-10-09,600332.XSHG,0.006829914688934
2025-10-09,600352.XSHG,0.0062898976107078
2025-10-09,600372.XSHG,0.0116300246741304
2025-10-09,600406.XSHG,0.0354364304688393
2025-10-09,600436.XSHG,0.0224378835454069
2025-10-09,600483.XSHG,0.005390846852102
2025-10-09,600511.XSHG,0.0030217282441792
2025-10-09,600755.XSHG,0.0025218491865403
2025-10-09,600795.XSHG,0.017478081875362
2025-10-09,600803.XSHG,0.0107467859887036
2025-10-09,600863.XSHG,0.0052455018228959
2025-10-09,600871.XSHG,0.0054437030347385
2025-10-09,600887.XSHG,0.0329623230957701
2025-10-09,600900.XSHG,0.1259573909932226
2025-10-09,600905.XSHG,0.0235170707621375
2025-10-09,600916.XSHG,0.0027863288559525
2025-10-09,600938.XSHG,0.0150016893335386
2025-10-09,600941.XSHG,0.0180424922581273
2025-10-09,601088.XSHG,0.1232820749662532
2025-10-09,601111.XSHG,0.0175594352401637
2025-10-09,601238.XSHG,0.0107485568902377
2025-10-09,601298.XSHG,0.008697621860702
2025-10-09,601607.XSHG,0.0096696235876753
2025-10-09,601668.XSHG,0.0435465993919161
2025-10-09,601766.XSHG,0.0359215689806042
2025-10-09,601966.XSHG,0.0043413310333804
2025-10-09,601985.XSHG,0.0326070087246661
2025-10-09,603568.XSHG,0.0066049622180646
2025-10-09,688009.XSHG,0.0089384232639006
2025-11-03,000089.XSHE,0.0013498607737766
2025-11-03,000157.XSHE,0.0053298496252058
2025-11-03,000333.XSHE,0.0475764484184776
2025-11-03,000338.XSHE,0.0070166319285722
2025-11-03,000538.XSHE,0.0090963854357447
2025-11-03,000725.XSHE,0.0135676070351074
2025-11-03,000883.XSHE,0.0027785560290796
2025-11-03,000895.XSHE,0.0082063747138274
2025-11-03,000937.XSHE,0.0019255035907355
2025-11-03,002142.XSHE,0.017268827698765
2025-11-03,002252.XSHE,0.0040952156941573
2025-11-03,002508.XSHE,0.0016683927073017
2025-11-03,600004.XSHG,0.0021180667964979
2025-11-03,600009.XSHG,0.0060061968009075
2025-11-03,600018.XSHG,0.0118355483619032
2025-11-03,600019.XSHG,0.0150118733425369
2025-11-03,600023.XSHG,0.0063723233713355
2025-11-03,600025.XSHG,0.0161088890950442
2025-11-03,600028.XSHG,0.048094417091645
2025-11-03,600177.XSHG,0.0031779855991605
2025-11-03,600236.XSHG,0.005432411936822
2025-11-03,600269.XSHG,0.0011566475669648
2025-11-03,600332.XSHG,0.0034136124931151
2025-11-03,600352.XSHG,0.0031988339038716
2025-11-03,600373.XSHG,0.0013480950004567
2025-11-03,600406.XSHG,0.0178213830954578
2025-11-03,600483.XSHG,0.0026095435949206
2025-11-03,600511.XSHG,0.0015037685989168
2025-11-03,600583.XSHG,0.0022581760498614
2025-11-03,600642.XSHG,0.0037068949529257
2025-11-03,600690.XSHG,0.0152148857411737
2025-11-03,600803.XSHG,0.005567935247836
2025-11-03,600863.XSHG,0.00259673214007
2025-11-03,600873.XSHG,0.0029027889999163
2025-11-03,600887.XSHG,0.01572909757541
2025-11-03,600900.XSHG,0.0618759629343162
2025-11-03,600905.XSHG,0.0110873466524526
2025-11-03,600938.XSHG,0.007736327218055
2025-11-03,600941.XSHG,0.0087630308224308
2025-11-03,600970.XSHG,0.0019435185172008
2025-11-03,601000.XSHG,0.0021688126476577
2025-11-03,601088.XSHG,0.0651894593098922
2025-11-03,601298.XSHG,0.004236491004762
2025-11-03,601318.XSHG,0.0565903612391799
2025-11-03,601398.XSHG,0.1939126852077917
2025-11-03,601808.XSHG,0.0039377682743057
2025-11-03,601857.XSHG,0.1409300250192357
2025-11-03,601919.XSHG,0.0175110324865146
2025-11-03,601966.XSHG,0.0020612155270629
2025-11-03,601988.XSHG,0.1089902021316393
2025-12-01,000001.XSHE,0.0175550848621165
2025-12-01,000088.XSHE,0.0010867483865008
2025-12-01,000333.XSHE,0.0429391432429858
2025-12-01,000538.XSHE,0.007624970640807
2025-12-01,000800.XSHE,0.002718946196753
2025-12-01,000858.XSHE,0.0353383807547086
2025-12-01,000883.XSHE,0.0023216114928891
2025-12-01,000895.XSHE,0.0072998419338607
2025-12-01,002142.XSHE,0.0147296732251718
2025-12-01,002252.XSHE,0.0034142120907233
2025-12-01,002507.XSHE,0.001162049520975
2025-12-01,002508.XSHE,0.0014607668278667
2025-12-01,600004.XSHG,0.001769232971577
2025-12-01,600009.XSHG,0.0050498770924813
2025-12-01,600018.XSHG,0.00996627234555
2025-12-01,600023.XSHG,0.0052608634137206
2025-12-01,600025.XSHG,0.013232973495178
2025-12-01,600028.XSHG,0.0428951077316006
2025-12-01,600036.XSHG,0.0693470761408261
2025-12-01,600132.XSHG,0.0020186899186418
2025-12-01,600177.XSHG,0.002769285282268
2025-12-01,600332.XSHG,0.0028167286921515
2025-12-01,600511.XSHG,0.0012460957905747
2025-12-01,600519.XSHG,0.1403227040966157
2025-12-01,600598.XSHG,0.0020538782887963
2025-12-01,600642.XSHG,0.003052416259015
2025-12-01,600690.XSHG,0.013295744614151
2025-12-01,600750.XSHG,0.001102925563495
2025-12-01,600795.XSHG,0.0078534735813915
2025-12-01,600803.XSHG,0.0052221187461695
2025-12-01,600863.XSHG,0.0023436106372945
2025-12-01,600887.XSHG,0.0143342007860601
2025-12-01,600900.XSHG,0.0521490351411233
2025-12-01,600905.XSHG,0.0092694467459979
2025-12-01,600941.XSHG,0.007478665283958
2025-12-01,601009.XSHG,0.0113376612761133
2025-12-01,601018.XSHG,0.00569076581806
2025-12-01,601088.XSHG,0.0527569640585185
2025-12-01,601298.XSHG,0.0035384503715814
2025-12-01,601318.XSHG,0.0483661014657457
2025-12-01,601328.XSHG,0.0155156273957817
2025-12-01,601398.XSHG,0.1687910497874729
2025-12-01,601577.XSHG,0.0030367640611643
2025-12-01,601607.XSHG,0.0038701023161481
2025-12-01,601808.XSHG,0.0032738134766663
2025-12-01,601825.XSHG,0.0068482361095715
2025-12-01,601919.XSHG,0.0148158828266955
2025-12-01,601939.XSHG,0.0071642851015216
2025-12-01,601988.XSHG,0.0990032786140767
2025-12-01,688009.XSHG,0.0034891655268843
2026-01-05,000001.XSHE,0.0197353182231868
2026-01-05,000088.XSHE,0.001244697782912
2026-01-05,000157.XSHE,0.0054335545383429
2026-01-05,000166.XSHE,0.0105424661378939
2026-01-05,000333.XSHE,0.047633780807754
2026-01-05,000423.XSHE,0.0028278791796294
2026-01-05,000538.XSHE,0.0089863573823868
2026-01-05,000598.XSHE,0.0019127557860248
2026-01-05,000725.XSHE,0.0137308437472035
2026-01-05,000895.XSHE,0.0081398282340867
2026-01-05,002142.XSHE,0.0164298699770699
2026-01-05,002223.XSHE,0.003250849637816
2026-01-05,002507.XSHE,0.0013249043047247
2026-01-05,600018.XSHG,0.0111629938861555
2026-01-05,600023.XSHG,0.0058815069539444
2026-01-05,600028.XSHG,0.0510301753474461
2026-01-05,600036.XSHG,0.0772590963265666
2026-01-05,600050.XSHG,0.0140394987418161
2026-01-05,600132.XSHG,0.0022422659324626
2026-01-05,600177.XSHG,0.0030624318003953
2026-01-05,600332.XSHG,0.0032201092208888
2026-01-05,600352.XSHG,0.0030957069414296
2026-01-05,600372.XSHG,0.0057855178750019
2026-01-05,600511.XSHG,0.0014215510088591
2026-01-05,600519.XSHG,0.157919870809584
2026-01-05,600598.XSHG,0.0023471053061473
2026-01-05,600690.XSHG,0.0145544396723382
2026-01-05,600887.XSHG,0.0159242486560352
2026-01-05,600900.XSHG,0.0579170058683724
2026-01-05,600905.XSHG,0.0104411350616122
2026-01-05,600926.XSHG,0.0099043491005105
2026-01-05,600941.XSHG,0.0080298406546479
2026-01-05,600998.XSHG,0.0023723249635061
2026-01-05,601000.XSHG,0.0020176059424655
2026-01-05,601018.XSHG,0.0062795662991827
2026-01-05,601066.XSHG,0.0154753620167246
2026-01-05,601088.XSHG,0.0587139049206866
2026-01-05,601108.XSHG,0.0036097587159708
2026-01-05,601211.XSHG,0.0249763471327109
2026-01-05,601298.XSHG,0.0039959417278918
2026-01-05,601398.XSHG,0.1864513434227533
2026-01-05,601577.XSHG,0.0034560925956683
2026-01-05,601607.XSHG,0.0044028941929147
2026-01-05,601816.XSHG,0.0221959344426066
2026-01-05,601825.XSHG,0.0077596199496453
2026-01-05,601919.XSHG,0.0166158565493044
2026-01-05,601939.XSHG,0.0078477498409479
2026-01-05,601985.XSHG,0.0145450394411226
2026-01-05,603288.XSHG,0.0186519285861822
2026-01-05,688009.XSHG,0.004200774356468
2026-02-02,000001.XSHE,0.0216047143628538
2026-02-02,000157.XSHE,0.006262538474696
2026-02-02,000333.XSHE,0.0546580777426981
2026-02-02,000423.XSHE,0.0033876101014468
2026-02-02,000538.XSHE,0.0100883732579608
2026-02-02,000598.XSHE,0.0021715254066086
2026-02-02,000895.XSHE,0.0090773053735501
2026-02-02,000966.XSHE,0.00150126851396
2026-02-02,000998.XSHE,0.0013697072917006
2026-02-02,002142.XSHE,0.0206564146074604
2026-02-02,002415.XSHE,0.0293152437490157
2026-02-02,002507.XSHE,0.0015453012828304
2026-02-02,002966.XSHE,0.0036730660789961
2026-02-02,003816.XSHE,0.0156056398462474
2026-02-02,600004.XSHG,0.0023000989346097
2026-02-02,600008.XSHG,0.0022876848980649
2026-02-02,600023.XSHG,0.0067905710498848
2026-02-02,600025.XSHG,0.0167183077934472
2026-02-02,600028.XSHG,0.0619730480934129
2026-02-02,600098.XSHG,0.0024655335459358
2026-02-02,600132.XSHG,0.0026732447195667
2026-02-02,600332.XSHG,0.0036175702231892
2026-02-02,600511.XSHG,0.0016240899148196
2026-02-02,600519.XSHG,0.1831950092173028
2026-02-02,600582.XSHG,0.0024819885157777
2026-02-02,600585.XSHG,0.0096316862837402
2026-02-02,600642.XSHG,0.0041389763656585
2026-02-02,600690.XSHG,0.0160258850900803
2026-02-02,600820.XSHG,0.0021144200302668
2026-02-02,600863.XSHG,0.0031782742636188
2026-02-02,600887.XSHG,0.0170662922883631
2026-02-02,600900.XSHG,0.0643338777860171
2026-02-02,600901.XSHG,0.0036625981865443
2026-02-02,600905.XSHG,0.0119865273407113
2026-02-02,600926.XSHG,0.0118307677713648
2026-02-02,601000.XSHG,0.0025818853860955
2026-02-02,601018.XSHG,0.0078578804606653
2026-02-02,601088.XSHG,0.0679788288370854
2026-02-02,601128.XSHG,0.0024547735146899
2026-02-02,601229.XSHG,0.0136779505128616
2026-02-02,601298.XSHG,0.0052679353770585
2026-02-02,601398.XSHG,0.2023216020608446
2026-02-02,601577.XSHG,0.0039775791303246
2026-02-02,601816.XSHG,0.0244764427619823
2026-02-02,601868.XSHG,0.0079787115525179
2026-02-02,601919.XSHG,0.0182139533217098
2026-02-02,601939.XSHG,0.0086449941452131
2026-02-02,601966.XSHG,0.002194974417161
2026-02-02,601985.XSHG,0.0165514205366812
2026-02-02,688009.XSHG,0.0048078295827057
2026-03-02,000001.XSHE,0.0409590377465828
2026-03-02,000088.XSHE,0.0028795423613836
2026-03-02,000333.XSHE,0.1031858214132156
2026-03-02,000423.XSHE,0.0067630009175716
2026-03-02,000537.XSHE,0.0036543801206184
2026-03-02,000538.XSHE,0.0193159819535433
2026-03-02,000598.XSHE,0.0041670192602599
2026-03-02,000883.XSHE,0.0060755720740355
2026-03-02,000895.XSHE,0.0177910396160206
2026-03-02,000966.XSHE,0.0030200928233367
2026-03-02,000999.XSHE,0.009434995045086
2026-03-02,002507.XSHE,0.0029479860822489
2026-03-02,002608.XSHE,0.0061295710509972
2026-03-02,002966.XSHE,0.0070725812540677
2026-03-02,003816.XSHE,0.0310669969104837
2026-03-02,600008.XSHG,0.0045409952215961
2026-03-02,600023.XSHG,0.0141638226988267
2026-03-02,600025.XSHG,0.0337553376224417
2026-03-02,600027.XSHG,0.0093043820595969
2026-03-02,600036.XSHG,0.1551829827750382
2026-03-02,600098.XSHG,0.0052787253230495
2026-03-02,600132.XSHG,0.0052732456929581
2026-03-02,600177.XSHG,0.0065207316578498
2026-03-02,600332.XSHG,0.0069494305189699
2026-03-02,600511.XSHG,0.0032045633351269
2026-03-02,600528.XSHG,0.0036690785547928
2026-03-02,600582.XSHG,0.0049432613948316
2026-03-02,600642.XSHG,0.0084062248994599
2026-03-02,600674.XSHG,0.0140249293979037
2026-03-02,600704.XSHG,0.0058748314369874
2026-03-02,600873.XSHG,0.0062461705621525
2026-03-02,600886.XSHG,0.0195181135801239
2026-03-02,600900.XSHG,0.1264697930035259
2026-03-02,600901.XSHG,0.0072767580218563
2026-03-02,600905.XSHG,0.0233571939032874
2026-03-02,600919.XSHG,0.0372701233166179
2026-03-02,600926.XSHG,0.0232254837681684
2026-03-02,601016.XSHG,0.0037863896826231
2026-03-02,601018.XSHG,0.016159889036388
2026-03-02,601139.XSHG,0.0040012891586663
2026-03-02,601298.XSHG,0.0098075482263337
2026-03-02,601577.XSHG,0.0076494757662109
2026-03-02,601607.XSHG,0.0093597196734145
2026-03-02,601816.XSHG,0.0477786087154623
2026-03-02,601868.XSHG,0.016149637990501
2026-03-02,601916.XSHG,0.0126152116562519
2026-03-02,601919.XSHG,0.037713475056213
2026-03-02,601966.XSHG,0.0043188887864377
2026-03-02,601985.XSHG,0.0318118081024718
2026-03-02,688009.XSHG,0.0099282607744107
2026-04-01,000001.XSHE,0.0206553817981034
2026-04-01,000333.XSHE,0.0502621541200092
2026-04-01,000538.XSHE,0.0094051143654686
2026-04-01,000651.XSHE,0.0200170995346165
2026-04-01,000895.XSHE,0.0092926960843814
2026-04-01,000999.XSHE,0.0045093592265911
2026-04-01,001965.XSHE,0.0063699832431692
2026-04-01,002352.XSHE,0.0173444971018482
2026-04-01,002966.XSHE,0.0035126610622981
2026-04-01,003816.XSHE,0.0169726689953165
2026-04-01,600008.XSHG,0.0021933433140626
2026-04-01,600015.XSHG,0.0108404648901187
2026-04-01,600016.XSHG,0.0127963999090286
2026-04-01,600023.XSHG,0.0070017456624058
2026-04-01,600025.XSHG,0.0169426246622956
2026-04-01,600036.XSHG,0.0784168750409838
2026-04-01,600062.XSHG,0.0018528876053883
2026-04-01,600177.XSHG,0.0033852600682578
2026-04-01,600642.XSHG,0.0041718637165346
2026-04-01,600674.XSHG,0.0068637725345358
2026-04-01,600886.XSHG,0.0099694056811735
2026-04-01,600887.XSHG,0.0158199103506479
2026-04-01,600900.XSHG,0.0627860078959285
2026-04-01,600901.XSHG,0.0036648592189801
2026-04-01,600905.XSHG,0.0114073826572646
2026-04-01,600919.XSHG,0.0189550940856808
2026-04-01,600926.XSHG,0.0116049315931165
2026-04-01,601006.XSHG,0.0102511525434541
2026-04-01,601009.XSHG,0.0133840675428626
2026-04-01,601018.XSHG,0.0075400614534417
2026-04-01,601077.XSHG,0.005956647217381
2026-04-01,601128.XSHG,0.0022542084846109
2026-04-01,601166.XSHG,0.0382029677638161
2026-04-01,601169.XSHG,0.0110807689917965
2026-04-01,601229.XSHG,0.0134150291784886
2026-04-01,601328.XSHG,0.017447409618742
2026-04-01,601398.XSHG,0.1950922582399876
2026-04-01,601577.XSHG,0.0037115699082094
2026-04-01,601607.XSHG,0.0045797370346084
2026-04-01,601665.XSHG,0.0034072628806063
2026-04-01,601816.XSHG,0.0237263999511412
2026-04-01,601818.XSHG,0.0141763039503776
2026-04-01,601825.XSHG,0.0081883757344325
2026-04-01,601838.XSHG,0.0069350189336805
2026-04-01,601916.XSHG,0.0061494685786329
2026-04-01,601939.XSHG,0.0086546058296703
2026-04-01,601985.XSHG,0.0161336209750191
2026-04-01,601988.XSHG,0.1181051742593096
2026-04-01,601998.XSHG,0.0322979898315623
2026-04-01,603565.XSHG,0.0022954566799611
2026-05-06,000001.XSHE,0.0210511204432055
2026-05-06,000333.XSHE,0.0526610219810209
2026-05-06,000538.XSHE,0.0089137527764982
2026-05-06,000651.XSHE,0.0210660798457858
2026-05-06,000895.XSHE,0.009166646102938
2026-05-06,002142.XSHE,0.0206515884575849
2026-05-06,002352.XSHE,0.016981074535617
2026-05-06,002415.XSHE,0.0311336808085899
2026-05-06,002461.XSHE,0.0022065621579335
2026-05-06,002966.XSHE,0.003592939723073
2026-05-06,003816.XSHE,0.0172410275939799
2026-05-06,600008.XSHG,0.0021589944168723
2026-05-06,600018.XSHG,0.0112326432424747
2026-05-06,600023.XSHG,0.0073753054793031
2026-05-06,600025.XSHG,0.0170618753593714
2026-05-06,600036.XSHG,0.0748566516980719
2026-05-06,600109.XSHG,0.0032411285245308
2026-05-06,600177.XSHG,0.0034834710273855
2026-05-06,600535.XSHG,0.002157037275636
2026-05-06,600600.XSHG,0.0042586776035556
2026-05-06,600642.XSHG,0.0042760056766243
2026-05-06,600674.XSHG,0.0071126713425361
2026-05-06,600886.XSHG,0.0097234493903534
2026-05-06,600887.XSHG,0.0164981038439232
2026-05-06,600900.XSHG,0.0635537286044357
2026-05-06,600905.XSHG,0.0112199281360239
2026-05-06,600919.XSHG,0.0197146799551992
2026-05-06,600926.XSHG,0.011899368773491
2026-05-06,600999.XSHG,0.0113328598265806
2026-05-06,601006.XSHG,0.0101389884280539
2026-05-06,601009.XSHG,0.0135536253978298
2026-05-06,601077.XSHG,0.0061273448662508
2026-05-06,601128.XSHG,0.0022865979464076
2026-05-06,601169.XSHG,0.0106603141743093
2026-05-06,601198.XSHG,0.0041331539862943
2026-05-06,601229.XSHG,0.012618763581062
2026-05-06,601328.XSHG,0.0167558524981973
2026-05-06,601398.XSHG,0.1894903812665833
2026-05-06,601577.XSHG,0.003766506345285
2026-05-06,601607.XSHG,0.004570544098177
2026-05-06,601665.XSHG,0.0037726907002089
2026-05-06,601668.XSHG,0.0194132976904766
2026-05-06,601816.XSHG,0.0227528404256261
2026-05-06,601825.XSHG,0.0078329119864652
2026-05-06,601838.XSHG,0.0077628994592453
2026-05-06,601916.XSHG,0.0061308570159446
2026-05-06,601939.XSHG,0.0089780100076259
2026-05-06,601985.XSHG,0.0160846714401956
2026-05-06,601988.XSHG,0.1149226036898415
2026-05-06,601998.XSHG,0.0324250703933225
2026-06-01,000001.XSHE,0.0179592663695326
2026-06-01,000333.XSHE,0.047206575545208
2026-06-01,000538.XSHE,0.0074380646218736
2026-06-01,000651.XSHE,0.018177185008201
2026-06-01,002142.XSHE,0.0174557684225915
2026-06-01,002352.XSHE,0.0141111181820046
2026-06-01,002966.XSHE,0.0030721914339781
2026-06-01,003816.XSHE,0.0155352252325477
2026-06-01,600008.XSHG,0.0019780842993693
2026-06-01,600015.XSHG,0.0088889036951525
2026-06-01,600018.XSHG,0.0100620989196882
2026-06-01,600025.XSHG,0.015846142111183
2026-06-01,600036.XSHG,0.0663596640200638
2026-06-01,600177.XSHG,0.0029049398661879
2026-06-01,600600.XSHG,0.0036707127213138
2026-06-01,600674.XSHG,0.0064611248059882
2026-06-01,600886.XSHG,0.0091081691191079
2026-06-01,600887.XSHG,0.0143103238780243
2026-06-01,600900.XSHG,0.0572192321556067
2026-06-01,600905.XSHG,0.0105442666156918
2026-06-01,600919.XSHG,0.0176017134934087
2026-06-01,600926.XSHG,0.0099928815940399
2026-06-01,600941.XSHG,0.0075185863816256
2026-06-01,600999.XSHG,0.0107001244412758
2026-06-01,601006.XSHG,0.0088562227232276
2026-06-01,601009.XSHG,0.0116919610851472
2026-06-01,601059.XSHG,0.0046753542055608
2026-06-01,601077.XSHG,0.0049717144958793
2026-06-01,601088.XSHG,0.0680468273004802
2026-06-01,601128.XSHG,0.0020164331282533
2026-06-01,601166.XSHG,0.0328623812488295
2026-06-01,601169.XSHG,0.0092049331641407
2026-06-01,601229.XSHG,0.0110799769419646
2026-06-01,601328.XSHG,0.0149078582086788
2026-06-01,601398.XSHG,0.1657395785577866
2026-06-01,601577.XSHG,0.0032808584078594
2026-06-01,601607.XSHG,0.0038614147211692
2026-06-01,601658.XSHG,0.030659991813036
2026-06-01,601665.XSHG,0.003228481000163
2026-06-01,601668.XSHG,0.016876017413986
2026-06-01,601816.XSHG,0.0206825647051531
2026-06-01,601818.XSHG,0.0122708663471826
2026-06-01,601825.XSHG,0.0068206058138509
2026-06-01,601838.XSHG,0.0067636104697141
2026-06-01,601916.XSHG,0.0055516280938376
2026-06-01,601939.XSHG,0.0081434522910439
2026-06-01,601985.XSHG,0.0145976866064718
2026-06-01,601988.XSHG,0.1052490190376635
2026-06-01,601995.XSHG,0.0083335853056375
2026-06-01,601998.XSHG,0.0255046139796157
2026-07-01,000001.XSHE,0.0187999444886419
2026-07-01,000333.XSHE,0.050645731903485
2026-07-01,000538.XSHE,0.0081095714020948
2026-07-01,000598.XSHE,0.0018521965255623
2026-07-01,000651.XSHE,0.0197242586814747
2026-07-01,002142.XSHE,0.0188280170968887
2026-07-01,002352.XSHE,0.0146457329358142
2026-07-01,600015.XSHG,0.0094782588000245
2026-07-01,600016.XSHG,0.0109896500856899
2026-07-01,600018.XSHG,0.0106620938114452
2026-07-01,600025.XSHG,0.0159710630391643
2026-07-01,600036.XSHG,0.0706363386852219
2026-07-01,600177.XSHG,0.0032979309362379
2026-07-01,600377.XSHG,0.0042128394929652
2026-07-01,600674.XSHG,0.0065631156686282
2026-07-01,600795.XSHG,0.0079251934936519
2026-07-01,600886.XSHG,0.0095173537091951
2026-07-01,600887.XSHG,0.0145895742039427
2026-07-01,600900.XSHG,0.0621544640313619
2026-07-01,600905.XSHG,0.0102494856704151
2026-07-01,600919.XSHG,0.0192484546504514
2026-07-01,600926.XSHG,0.0101332321384038
2026-07-01,600941.XSHG,0.0074452238303153
2026-07-01,600999.XSHG,0.0162349307776838
2026-07-01,601000.XSHG,0.0023675884223401
2026-07-01,601006.XSHG,0.0087123657505934
2026-07-01,601009.XSHG,0.0119069611939526
2026-07-01,601059.XSHG,0.0051796155880134
2026-07-01,601128.XSHG,0.0020315372238167
2026-07-01,601166.XSHG,0.0336997430287403
2026-07-01,601169.XSHG,0.009959304360493
2026-07-01,601198.XSHG,0.0043120590306977
2026-07-01,601229.XSHG,0.0118551900473383
2026-07-01,601328.XSHG,0.0160104414241875
2026-07-01,601398.XSHG,0.1815014214524402
2026-07-01,601577.XSHG,0.0033316198944384
2026-07-01,601607.XSHG,0.0041622765872011
2026-07-01,601658.XSHG,0.0340947253375263
2026-07-01,601665.XSHG,0.0034209813179148
2026-07-01,601668.XSHG,0.0173755585911223
2026-07-01,601816.XSHG,0.0211801234401038
2026-07-01,601818.XSHG,0.0129653772436845
2026-07-01,601838.XSHG,0.0072221397090239
2026-07-01,601901.XSHG,0.0058714866531245
2026-07-01,601916.XSHG,0.0055056131407851
2026-07-01,601939.XSHG,0.0087545115804274
2026-07-01,601985.XSHG,0.0159171598945869
2026-07-01,601988.XSHG,0.1135491194450221
2026-07-01,601995.XSHG,0.0104566419158373
2026-07-01,601998.XSHG,0.0267417816678261
