date,code,weight
2012-08-01,000002.XSHE,0.0153659875469362
2012-08-01,000651.XSHE,0.0110063513919185
2012-08-01,000709.XSHE,0.0022642062650001
2012-08-01,000725.XSHE,0.0033975972459758
2012-08-01,000786.XSHE,0.0013135564000215
2012-08-01,000963.XSHE,0.0015188468447827
2012-08-01,002001.XSHE,0.0023412854285129
2012-08-01,002344.XSHE,0.0006894459565281
2012-08-01,300027.XSHE,0.0009900560271875
2012-08-01,600000.XSHG,0.0194590336282851
2012-08-01,600009.XSHG,0.0023410421497793
2012-08-01,600016.XSHG,0.0231395434896411
2012-08-01,600019.XSHG,0.012507230238384
2012-08-01,600028.XSHG,0.072109410980427
2012-08-01,600029.XSHG,0.0044542063440749
2012-08-01,600036.XSHG,0.0300224950928095
2012-08-01,600115.XSHG,0.005133571661909
2012-08-01,600177.XSHG,0.0028676749111604
2012-08-01,600219.XSHG,0.0022056035880341
2012-08-01,600276.XSHG,0.0061077865144924
2012-08-01,600518.XSHG,0.0057154293588847
2012-08-01,600535.XSHG,0.0041803872972895
2012-08-01,600594.XSHG,0.0011695073737268
2012-08-01,600600.XSHG,0.0042727671237641
2012-08-01,600642.XSHG,0.0035385331182335
2012-08-01,600660.XSHG,0.0025131230402965
2012-08-01,600795.XSHG,0.0063747387286946
2012-08-01,600867.XSHG,0.0010677371633637
2012-08-01,600900.XSHG,0.0082595038979807
2012-08-01,601006.XSHG,0.0152554113377835
2012-08-01,601009.XSHG,0.0041649562241901
2012-08-01,601018.XSHG,0.0013177548353134
2012-08-01,601088.XSHG,0.0620563130181541
2012-08-01,601166.XSHG,0.022927336430864
2012-08-01,601169.XSHG,0.0096046340894259
2012-08-01,601186.XSHG,0.0082292864422157
2012-08-01,601288.XSHG,0.0108965973698736
2012-08-01,601328.XSHG,0.0242531086626415
2012-08-01,601333.XSHG,0.0024931850881598
2012-08-01,601390.XSHG,0.0073679291946563
2012-08-01,601398.XSHG,0.1687041712751015
2012-08-01,601618.XSHG,0.0014344737204149
2012-08-01,601668.XSHG,0.0159546039976894
2012-08-01,601766.XSHG,0.0069261595054636
2012-08-01,601818.XSHG,0.0071588813366759
2012-08-01,601857.XSHG,0.2453125558258023
2012-08-01,601899.XSHG,0.0099672081942717
2012-08-01,601939.XSHG,0.0065411541870597
2012-08-01,601988.XSHG,0.0919859926215269
2012-08-01,601998.XSHG,0.0211216278346192
2012-09-03,000001.XSHE,0.0074455676950681
2012-09-03,000100.XSHE,0.0024648036730725
2012-09-03,000651.XSHE,0.0104097276741375
2012-09-03,000709.XSHE,0.0020953042602375
2012-09-03,000725.XSHE,0.0034805288706415
2012-09-03,000999.XSHE,0.0013210819017033
2012-09-03,002001.XSHE,0.0023199904512576
2012-09-03,002007.XSHE,0.0024856299704541
2012-09-03,002142.XSHE,0.0040186483651932
2012-09-03,300027.XSHE,0.0010299807893881
2012-09-03,600000.XSHG,0.0190858202082765
2012-09-03,600011.XSHG,0.0105287438368724
2012-09-03,600015.XSHG,0.0073174248409078
2012-09-03,600016.XSHG,0.022028754472618
2012-09-03,600019.XSHG,0.0128534042854621
2012-09-03,600028.XSHG,0.0714977168173589
2012-09-03,600036.XSHG,0.0298378475712682
2012-09-03,600050.XSHG,0.013590695959684
2012-09-03,600066.XSHG,0.0026097865882042
2012-09-03,600219.XSHG,0.0020755836783727
2012-09-03,600276.XSHG,0.0063417030031814
2012-09-03,600309.XSHG,0.0046481947889705
2012-09-03,600489.XSHG,0.0072032316898742
2012-09-03,600535.XSHG,0.0044012243563882
2012-09-03,600588.XSHG,0.0024714028011814
2012-09-03,600600.XSHG,0.0038960425014883
2012-09-03,600649.XSHG,0.0025758715521011
2012-09-03,600795.XSHG,0.0059099404716456
2012-09-03,600811.XSHG,0.0014849464214839
2012-09-03,600859.XSHG,0.0018251384026169
2012-09-03,600900.XSHG,0.0079149703170909
2012-09-03,601006.XSHG,0.015075915418155
2012-09-03,601009.XSHG,0.003947467950522
2012-09-03,601088.XSHG,0.0595016840740075
2012-09-03,601098.XSHG,0.000681618052529
2012-09-03,601166.XSHG,0.0223676738998268
2012-09-03,601169.XSHG,0.0091921858358412
2012-09-03,601186.XSHG,0.007199569517738
2012-09-03,601288.XSHG,0.010570578821875
2012-09-03,601328.XSHG,0.0236212955700114
2012-09-03,601390.XSHG,0.0069006339755703
2012-09-03,601398.XSHG,0.1669965926911726
2012-09-03,601668.XSHG,0.0154387830300293
2012-09-03,601766.XSHG,0.0063904210717897
2012-09-03,601818.XSHG,0.0070607456123498
2012-09-03,601857.XSHG,0.2401042077193328
2012-09-03,601899.XSHG,0.0100263171956286
2012-09-03,601939.XSHG,0.0064425716391235
2012-09-03,601988.XSHG,0.0907250257763363
2012-09-03,601998.XSHG,0.0205870039319583
2012-10-08,000100.XSHE,0.0025486328314947
2012-10-08,000423.XSHE,0.0043311462004107
2012-10-08,000651.XSHE,0.0107335905632773
2012-10-08,000793.XSHE,0.0014141772820684
2012-10-08,000999.XSHE,0.0013843476474543
2012-10-08,002001.XSHE,0.0022369494527253
2012-10-08,002007.XSHE,0.0025497043152249
2012-10-08,002142.XSHE,0.0038754883894467
2012-10-08,002152.XSHE,0.0014722666131737
2012-10-08,600000.XSHG,0.0187522705862403
2012-10-08,600009.XSHG,0.002226318161816
2012-10-08,600016.XSHG,0.0217921247686147
2012-10-08,600019.XSHG,0.0137387198627151
2012-10-08,600028.XSHG,0.0720219430042268
2012-10-08,600036.XSHG,0.0308429225746634
2012-10-08,600066.XSHG,0.0025049134267056
2012-10-08,600079.XSHG,0.001631018454979
2012-10-08,600219.XSHG,0.0022246366677059
2012-10-08,600276.XSHG,0.0063822634447792
2012-10-08,600309.XSHG,0.0052896984277712
2012-10-08,600315.XSHG,0.0034717842187025
2012-10-08,600535.XSHG,0.0045594643115914
2012-10-08,600583.XSHG,0.0036856940457352
2012-10-08,600600.XSHG,0.0039017967428335
2012-10-08,600642.XSHG,0.0031984378258428
2012-10-08,600660.XSHG,0.0023625161135688
2012-10-08,600795.XSHG,0.0057014824241031
2012-10-08,600832.XSHG,0.0028060920212493
2012-10-08,600859.XSHG,0.0018805959068582
2012-10-08,600867.XSHG,0.0012192558984502
2012-10-08,600900.XSHG,0.0080907911243506
2012-10-08,601006.XSHG,0.0155172214013913
2012-10-08,601009.XSHG,0.0038276611963208
2012-10-08,601018.XSHG,0.0013007054220375
2012-10-08,601088.XSHG,0.0634224378676335
2012-10-08,601166.XSHG,0.0220722370768227
2012-10-08,601169.XSHG,0.0087365413470517
2012-10-08,601186.XSHG,0.0078064564367019
2012-10-08,601288.XSHG,0.0108425340601614
2012-10-08,601318.XSHG,0.0340586575629328
2012-10-08,601328.XSHG,0.0236959188068025
2012-10-08,601390.XSHG,0.0071635577060968
2012-10-08,601398.XSHG,0.1690046685086797
2012-10-08,601607.XSHG,0.0021869443779974
2012-10-08,601668.XSHG,0.0156047570033803
2012-10-08,601818.XSHG,0.0068702853706991
2012-10-08,601857.XSHG,0.2417917645569188
2012-10-08,601939.XSHG,0.0065548146195533
2012-10-08,601988.XSHG,0.0909630166269688
2012-10-08,601998.XSHG,0.0197487767430684
2012-11-01,000001.XSHE,0.0069756076513261
2012-11-01,000100.XSHE,0.0026524046421596
2012-11-01,000423.XSHE,0.0046154611694046
2012-11-01,000538.XSHE,0.0076400940671956
2012-11-01,000651.XSHE,0.0116218794450148
2012-11-01,000667.XSHE,0.0009153023285271
2012-11-01,000786.XSHE,0.001342031498892
2012-11-01,000793.XSHE,0.0014902716826332
2012-11-01,000895.XSHE,0.0061684023111872
2012-11-01,000999.XSHE,0.0013526436440692
2012-11-01,002007.XSHE,0.0022807188022922
2012-11-01,002142.XSHE,0.0037817331462621
2012-11-01,600000.XSHG,0.0191406717136923
2012-11-01,600016.XSHG,0.0228666007680372
2012-11-01,600019.XSHG,0.0137299193059791
2012-11-01,600028.XSHG,0.0750204605539549
2012-11-01,600036.XSHG,0.030548706890837
2012-11-01,600050.XSHG,0.0128465791057819
2012-11-01,600066.XSHG,0.0024361330483848
2012-11-01,600276.XSHG,0.0062788979404991
2012-11-01,600309.XSHG,0.0050896169532976
2012-11-01,600535.XSHG,0.0045630129617091
2012-11-01,600583.XSHG,0.0035522223223948
2012-11-01,600642.XSHG,0.0033184785046158
2012-11-01,600690.XSHG,0.0051841423999677
2012-11-01,600795.XSHG,0.0057163879513317
2012-11-01,600839.XSHG,0.0015711256568749
2012-11-01,600859.XSHG,0.001728363776519
2012-11-01,600886.XSHG,0.0016802001725325
2012-11-01,600887.XSHG,0.0058415092811397
2012-11-01,600900.XSHG,0.0079866484691374
2012-11-01,601006.XSHG,0.0153249753502538
2012-11-01,601009.XSHG,0.0038529562917803
2012-11-01,601018.XSHG,0.001277208596142
2012-11-01,601088.XSHG,0.0636950190432671
2012-11-01,601166.XSHG,0.0229077090452797
2012-11-01,601169.XSHG,0.0087698191311699
2012-11-01,601186.XSHG,0.0085760894045047
2012-11-01,601288.XSHG,0.0108611396825639
2012-11-01,601328.XSHG,0.0234482271849738
2012-11-01,601390.XSHG,0.0076197149579952
2012-11-01,601398.XSHG,0.1705687374851079
2012-11-01,601607.XSHG,0.002048880662137
2012-11-01,601668.XSHG,0.0156133865399345
2012-11-01,601818.XSHG,0.0069487865008108
2012-11-01,601857.XSHG,0.2370049892051558
2012-11-01,601888.XSHG,0.0045031021411692
2012-11-01,601939.XSHG,0.0067485800022793
2012-11-01,601988.XSHG,0.0909277341215179
2012-11-01,601998.XSHG,0.0193667164883044
2012-12-03,000001.XSHE,0.0062419407830662
2012-12-03,000002.XSHE,0.0136072248339723
2012-12-03,000402.XSHE,0.002775389831798
2012-12-03,000423.XSHE,0.0038733753874437
2012-12-03,000538.XSHE,0.0069617828560844
2012-12-03,000651.XSHE,0.0110357858533068
2012-12-03,000690.XSHE,0.0010488787783508
2012-12-03,000895.XSHE,0.0052497161613105
2012-12-03,600000.XSHG,0.0175531566248749
2012-12-03,600009.XSHG,0.0019897023534227
2012-12-03,600015.XSHG,0.0064532147947784
2012-12-03,600016.XSHG,0.0223758230628268
2012-12-03,600019.XSHG,0.0129758605067963
2012-12-03,600028.XSHG,0.0684863987901482
2012-12-03,600036.XSHG,0.0280177550564856
2012-12-03,600050.XSHG,0.0109908018118203
2012-12-03,600066.XSHG,0.0021885446697483
2012-12-03,600085.XSHG,0.0035132471544644
2012-12-03,600108.XSHG,0.0013769366974713
2012-12-03,600276.XSHG,0.0054243212365048
2012-12-03,600535.XSHG,0.0041033792520552
2012-12-03,600583.XSHG,0.0030873579784344
2012-12-03,600642.XSHG,0.0030800744140118
2012-12-03,600660.XSHG,0.0022306951294473
2012-12-03,600690.XSHG,0.0047870542124736
2012-12-03,600795.XSHG,0.0051141260029208
2012-12-03,600832.XSHG,0.0025853396819575
2012-12-03,600839.XSHG,0.0013870010989499
2012-12-03,600886.XSHG,0.0017398936823454
2012-12-03,600900.XSHG,0.0099197139983407
2012-12-03,601006.XSHG,0.0150842855197944
2012-12-03,601009.XSHG,0.0035160122631625
2012-12-03,601018.XSHG,0.0012076331799479
2012-12-03,601088.XSHG,0.0559138376069081
2012-12-03,601166.XSHG,0.0215259168942754
2012-12-03,601169.XSHG,0.0084793735646447
2012-12-03,601288.XSHG,0.0106806936395306
2012-12-03,601328.XSHG,0.0220378035286792
2012-12-03,601333.XSHG,0.0021514620044403
2012-12-03,601390.XSHG,0.0075827198548837
2012-12-03,601398.XSHG,0.1621734842264299
2012-12-03,601628.XSHG,0.0593188320142069
2012-12-03,601668.XSHG,0.0153634753876225
2012-12-03,601808.XSHG,0.0069494412498769
2012-12-03,601818.XSHG,0.0077574448035947
2012-12-03,601857.XSHG,0.2189442474633691
2012-12-03,601877.XSHG,0.000740589062216
2012-12-03,601939.XSHG,0.0064023366343772
2012-12-03,601988.XSHG,0.0857375828286928
2012-12-03,601998.XSHG,0.0182583355777336
2013-01-04,000060.XSHE,0.0031307646994318
2013-01-04,000100.XSHE,0.0028727270513863
2013-01-04,000402.XSHE,0.003414178985081
2013-01-04,000423.XSHE,0.004235838997685
2013-01-04,000538.XSHE,0.0074131066084546
2013-01-04,000690.XSHE,0.0013062630404521
2013-01-04,000709.XSHE,0.0022706053448312
2013-01-04,000768.XSHE,0.0031583471531708
2013-01-04,000825.XSHE,0.0034007444169275
2013-01-04,600000.XSHG,0.0245258905040794
2013-01-04,600005.XSHG,0.0046854107890445
2013-01-04,600009.XSHG,0.0022240190797748
2013-01-04,600016.XSHG,0.0295651737809842
2013-01-04,600019.XSHG,0.0139017131174112
2013-01-04,600028.XSHG,0.0799579296719814
2013-01-04,600066.XSHG,0.0026905899613861
2013-01-04,600098.XSHG,0.0025129212313586
2013-01-04,600219.XSHG,0.002176319672373
2013-01-04,600309.XSHG,0.0053804167125185
2013-01-04,600497.XSHG,0.0031480967616932
2013-01-04,600583.XSHG,0.0037256953000276
2013-01-04,600642.XSHG,0.0034050264882773
2013-01-04,600649.XSHG,0.002685340128727
2013-01-04,600660.XSHG,0.0028014978756653
2013-01-04,600690.XSHG,0.0059105084880042
2013-01-04,600795.XSHG,0.0059740055770748
2013-01-04,600808.XSHG,0.0021143256057858
2013-01-04,600832.XSHG,0.0028901737926706
2013-01-04,600839.XSHG,0.001557669624459
2013-01-04,600886.XSHG,0.0033547693627203
2013-01-04,600887.XSHG,0.0058190929748262
2013-01-04,600900.XSHG,0.0110461072918309
2013-01-04,601006.XSHG,0.0166306427975536
2013-01-04,601018.XSHG,0.0012831925918331
2013-01-04,601088.XSHG,0.0673398623644105
2013-01-04,601288.XSHG,0.0121212097953914
2013-01-04,601299.XSHG,0.0078881026076595
2013-01-04,601328.XSHG,0.0271472537571204
2013-01-04,601333.XSHG,0.002790578666468
2013-01-04,601390.XSHG,0.0087806203012973
2013-01-04,601398.XSHG,0.1819223512103324
2013-01-04,601618.XSHG,0.0059664322115328
2013-01-04,601668.XSHG,0.0194368445306559
2013-01-04,601818.XSHG,0.0095346834448388
2013-01-04,601857.XSHG,0.2397661570382898
2013-01-04,601898.XSHG,0.0114790908074603
2013-01-04,601899.XSHG,0.0098762940426839
2013-01-04,601939.XSHG,0.0073958736494968
2013-01-04,601988.XSHG,0.0949295811546353
2013-01-04,601998.XSHG,0.0224559589382436
2013-02-01,000100.XSHE,0.0031209293630939
2013-02-01,000511.XSHE,0.0007782692108387
2013-02-01,000538.XSHE,0.0086825037809523
2013-02-01,000539.XSHE,0.0020911300578254
2013-02-01,000651.XSHE,0.0145795319831237
2013-02-01,000709.XSHE,0.0022977737444167
2013-02-01,000895.XSHE,0.006987705014068
2013-02-01,600005.XSHG,0.0049397120680377
2013-02-01,600009.XSHG,0.0024053708155224
2013-02-01,600019.XSHG,0.0141910671815473
2013-02-01,600028.XSHG,0.0817089268515386
2013-02-01,600029.XSHG,0.0047743148515432
2013-02-01,600050.XSHG,0.0127133169019327
2013-02-01,600066.XSHG,0.0030436867266318
2013-02-01,600068.XSHG,0.0033214544788445
2013-02-01,600085.XSHG,0.0042909578756147
2013-02-01,600177.XSHG,0.0027429679965196
2013-02-01,600219.XSHG,0.0022787073951555
2013-02-01,600221.XSHG,0.0024142752276468
2013-02-01,600309.XSHG,0.0059038700364606
2013-02-01,600362.XSHG,0.0091437141545786
2013-02-01,600583.XSHG,0.0040439687795593
2013-02-01,600600.XSHG,0.0037634423673492
2013-02-01,600642.XSHG,0.0035063271644838
2013-02-01,600649.XSHG,0.0027616303866507
2013-02-01,600690.XSHG,0.0062901344357888
2013-02-01,600739.XSHG,0.0036294030867574
2013-02-01,600795.XSHG,0.0064152515662259
2013-02-01,600832.XSHG,0.0030766662777145
2013-02-01,600839.XSHG,0.0016179745353777
2013-02-01,600881.XSHG,0.0017264908978237
2013-02-01,600886.XSHG,0.0033933319782198
2013-02-01,600900.XSHG,0.0123653348959321
2013-02-01,601006.XSHG,0.01773565267232
2013-02-01,601018.XSHG,0.0013296684570535
2013-02-01,601088.XSHG,0.0661162272841241
2013-02-01,601179.XSHG,0.0027424724999257
2013-02-01,601288.XSHG,0.0132300571870485
2013-02-01,601328.XSHG,0.0299663691512692
2013-02-01,601333.XSHG,0.002756788403644
2013-02-01,601398.XSHG,0.1927159092234314
2013-02-01,601607.XSHG,0.0021238091845107
2013-02-01,601808.XSHG,0.0083685385007155
2013-02-01,601818.XSHG,0.0111695294629328
2013-02-01,601857.XSHG,0.2472515172263761
2013-02-01,601898.XSHG,0.0119917283402045
2013-02-01,601899.XSHG,0.0100256771059207
2013-02-01,601939.XSHG,0.0079830151094573
2013-02-01,601988.XSHG,0.1021299369634735
2013-02-01,601998.XSHG,0.0273629611398148
2013-03-01,000100.XSHE,0.0037747751411288
2013-03-01,000538.XSHE,0.0105134455393914
2013-03-01,000651.XSHE,0.0174330252965656
2013-03-01,000729.XSHE,0.002574646656865
2013-03-01,000778.XSHE,0.0016637526343619
2013-03-01,002001.XSHE,0.0025541454992533
2013-03-01,002152.XSHE,0.0019579347698342
2013-03-01,600009.XSHG,0.002845259676603
2013-03-01,600019.XSHG,0.016850265861792
2013-03-01,600028.XSHG,0.0993942383297363
2013-03-01,600037.XSHG,0.0014818214192294
2013-03-01,600050.XSHG,0.0147272573719957
2013-03-01,600098.XSHG,0.003157308566644
2013-03-01,600196.XSHG,0.0044605465121675
2013-03-01,600216.XSHG,0.0020001985230039
2013-03-01,600219.XSHG,0.002630572341269
2013-03-01,600221.XSHG,0.0032186443049125
2013-03-01,600256.XSHG,0.0078838857090755
2013-03-01,600276.XSHG,0.0082261121635009
2013-03-01,600309.XSHG,0.0073288715418214
2013-03-01,600315.XSHG,0.0053159733647694
2013-03-01,600415.XSHG,0.0035301396216779
2013-03-01,600535.XSHG,0.0064564783555331
2013-03-01,600572.XSHG,0.0015921269413914
2013-03-01,600600.XSHG,0.0048022889415559
2013-03-01,600642.XSHG,0.0043372606433204
2013-03-01,600664.XSHG,0.0014285295985667
2013-03-01,600674.XSHG,0.003541033326343
2013-03-01,600795.XSHG,0.0076081477743949
2013-03-01,600832.XSHG,0.0035810350011503
2013-03-01,600839.XSHG,0.0018782444158338
2013-03-01,600886.XSHG,0.004247375332375
2013-03-01,600895.XSHG,0.0021124120839233
2013-03-01,600900.XSHG,0.0138113883347711
2013-03-01,600978.XSHG,0.0012577052086242
2013-03-01,601006.XSHG,0.0231166758090516
2013-03-01,601018.XSHG,0.0015398041076915
2013-03-01,601106.XSHG,0.0036031636564378
2013-03-01,601139.XSHG,0.0038911452815201
2013-03-01,601398.XSHG,0.2157164648638225
2013-03-01,601607.XSHG,0.0051776387568643
2013-03-01,601618.XSHG,0.0068080059396704
2013-03-01,601808.XSHG,0.0097385161940102
2013-03-01,601857.XSHG,0.2864426773893095
2013-03-01,601898.XSHG,0.0133669230740702
2013-03-01,601899.XSHG,0.0114780743124285
2013-03-01,601933.XSHG,0.0028043599723413
2013-03-01,601939.XSHG,0.0088748927463755
2013-03-01,601988.XSHG,0.1150680284737743
2013-03-01,601989.XSHG,0.0121967826192481
2013-04-01,000100.XSHE,0.0040118505256581
2013-04-01,000511.XSHE,0.0009772240762881
2013-04-01,000538.XSHE,0.0109428926976811
2013-04-01,000651.XSHE,0.0162049420617585
2013-04-01,000725.XSHE,0.0053253621670011
2013-04-01,000729.XSHE,0.0025179504479394
2013-04-01,000778.XSHE,0.0021476210286652
2013-04-01,000792.XSHE,0.0031229825502549
2013-04-01,600009.XSHG,0.0027248714325017
2013-04-01,600011.XSHG,0.0126651537656365
2013-04-01,600019.XSHG,0.0153524511016503
2013-04-01,600028.XSHG,0.0965566977509647
2013-04-01,600050.XSHG,0.0141356283917625
2013-04-01,600196.XSHG,0.0042866131834611
2013-04-01,600221.XSHG,0.0033049961780411
2013-04-01,600256.XSHG,0.0081270212723495
2013-04-01,600276.XSHG,0.0074843815725331
2013-04-01,600309.XSHG,0.0072464639074569
2013-04-01,600315.XSHG,0.0053992451615523
2013-04-01,600415.XSHG,0.0031012447023811
2013-04-01,600535.XSHG,0.0067402450415422
2013-04-01,600572.XSHG,0.001635437882188
2013-04-01,600600.XSHG,0.0049438175261694
2013-04-01,600614.XSHG,0.0009497228250362
2013-04-01,600642.XSHG,0.0040103768976572
2013-04-01,600655.XSHG,0.0022392412684465
2013-04-01,600660.XSHG,0.0029815009562785
2013-04-01,600664.XSHG,0.0013164242418975
2013-04-01,600674.XSHG,0.0033349060800169
2013-04-01,600795.XSHG,0.0076899220833552
2013-04-01,600804.XSHG,0.0019577848284322
2013-04-01,600832.XSHG,0.003285574108701
2013-04-01,600839.XSHG,0.0017395337635646
2013-04-01,600863.XSHG,0.0016148132901222
2013-04-01,600886.XSHG,0.0042555511970806
2013-04-01,600900.XSHG,0.0133993085116053
2013-04-01,600978.XSHG,0.0012127698289264
2013-04-01,601006.XSHG,0.0206619334765661
2013-04-01,601018.XSHG,0.0014153589535615
2013-04-01,601088.XSHG,0.0659050798782223
2013-04-01,601398.XSHG,0.19934825715927
2013-04-01,601808.XSHG,0.0090577138987376
2013-04-01,601857.XSHG,0.2621998519742874
2013-04-01,601888.XSHG,0.0052833492180568
2013-04-01,601898.XSHG,0.0119122306217033
2013-04-01,601899.XSHG,0.0100964454760972
2013-04-01,601933.XSHG,0.0024769700041736
2013-04-01,601939.XSHG,0.0082078699314823
2013-04-01,601988.XSHG,0.1062860383578047
2013-04-01,601991.XSHG,0.0082063767434776
2013-05-02,000027.XSHE,0.0010924837287387
2013-05-02,000100.XSHE,0.0045248580041584
2013-05-02,000501.XSHE,0.0011034513838323
2013-05-02,000511.XSHE,0.0009708571539855
2013-05-02,000538.XSHE,0.0117549984259479
2013-05-02,000652.XSHE,0.001135582674733
2013-05-02,000690.XSHE,0.0017567917221001
2013-05-02,000725.XSHE,0.0053618345418168
2013-05-02,000726.XSHE,0.00092760054458
2013-05-02,000778.XSHE,0.0022220467735209
2013-05-02,000998.XSHE,0.0017093352814461
2013-05-02,600009.XSHG,0.0027556982480996
2013-05-02,600011.XSHG,0.0127778261272933
2013-05-02,600019.XSHG,0.0162485655992426
2013-05-02,600028.XSHG,0.0921157748289938
2013-05-02,600050.XSHG,0.0149403728057888
2013-05-02,600066.XSHG,0.0036447701620442
2013-05-02,600068.XSHG,0.0034262727394064
2013-05-02,600196.XSHG,0.0044244939959067
2013-05-02,600219.XSHG,0.0023191067036994
2013-05-02,600251.XSHG,0.0011948539305086
2013-05-02,600276.XSHG,0.0073950456983961
2013-05-02,600315.XSHG,0.0062378503151929
2013-05-02,600415.XSHG,0.0031614747417277
2013-05-02,600535.XSHG,0.0081218413705065
2013-05-02,600572.XSHG,0.0016560916412704
2013-05-02,600578.XSHG,0.0011996294687806
2013-05-02,600583.XSHG,0.0049085970634326
2013-05-02,600600.XSHG,0.0050681789775748
2013-05-02,600614.XSHG,0.0009763580179775
2013-05-02,600660.XSHG,0.0031942969153145
2013-05-02,600664.XSHG,0.0013356329525822
2013-05-02,600674.XSHG,0.0035731756025768
2013-05-02,600690.XSHG,0.0067091062078443
2013-05-02,600795.XSHG,0.0078852111001947
2013-05-02,600820.XSHG,0.0012781102133525
2013-05-02,600839.XSHG,0.0019786523315777
2013-05-02,600886.XSHG,0.0042592282172512
2013-05-02,600900.XSHG,0.0136812445709554
2013-05-02,601088.XSHG,0.0650949989644988
2013-05-02,601288.XSHG,0.0135930450551458
2013-05-02,601328.XSHG,0.0298812136757525
2013-05-02,601390.XSHG,0.0093613875690802
2013-05-02,601398.XSHG,0.2106261663748066
2013-05-02,601808.XSHG,0.0087386621619264
2013-05-02,601857.XSHG,0.2680845246515891
2013-05-02,601877.XSHG,0.0040543412270413
2013-05-02,601933.XSHG,0.0025435567603147
2013-05-02,601939.XSHG,0.0088964634554807
2013-05-02,601988.XSHG,0.1100983393220098
2013-06-03,000002.XSHE,0.022866961171887
2013-06-03,000402.XSHE,0.0036099170440615
2013-06-03,000501.XSHE,0.0011633483381182
2013-06-03,000511.XSHE,0.0010590575173467
2013-06-03,000538.XSHE,0.0121145802706025
2013-06-03,000652.XSHE,0.0012443396523314
2013-06-03,000690.XSHE,0.0018036943464176
2013-06-03,000793.XSHE,0.0028686138814065
2013-06-03,000839.XSHE,0.0019755513488575
2013-06-03,000982.XSHE,0.0013170617283556
2013-06-03,002191.XSHE,0.001218039889979
2013-06-03,600009.XSHG,0.0029329167293294
2013-06-03,600019.XSHG,0.01562555920021
2013-06-03,600028.XSHG,0.0931014784058689
2013-06-03,600050.XSHG,0.0157600972108686
2013-06-03,600085.XSHG,0.0060885778323781
2013-06-03,600153.XSHG,0.0034644378735932
2013-06-03,600177.XSHG,0.0031876272110144
2013-06-03,600196.XSHG,0.004856309616754
2013-06-03,600415.XSHG,0.0033815622603242
2013-06-03,600509.XSHG,0.0013578244748725
2013-06-03,600572.XSHG,0.0018773360642135
2013-06-03,600578.XSHG,0.0012304282733651
2013-06-03,600583.XSHG,0.006220987687111
2013-06-03,600600.XSHG,0.0053293486900194
2013-06-03,600614.XSHG,0.0010722988248806
2013-06-03,600660.XSHG,0.0035552644195253
2013-06-03,600664.XSHG,0.001560200198009
2013-06-03,600674.XSHG,0.0043962674991298
2013-06-03,600690.XSHG,0.0067737030654681
2013-06-03,600741.XSHG,0.0048653360700963
2013-06-03,600795.XSHG,0.0073757358673097
2013-06-03,600827.XSHG,0.002116036889868
2013-06-03,600832.XSHG,0.0038207305182211
2013-06-03,600839.XSHG,0.0019547471611129
2013-06-03,600886.XSHG,0.0047765808215041
2013-06-03,600895.XSHG,0.0020525089161957
2013-06-03,600900.XSHG,0.0146848180277405
2013-06-03,601006.XSHG,0.0207587844499982
2013-06-03,601179.XSHG,0.0032567032021199
2013-06-03,601288.XSHG,0.013817920475282
2013-06-03,601328.XSHG,0.03044818327014
2013-06-03,601398.XSHG,0.2182424074029255
2013-06-03,601668.XSHG,0.0224239375863202
2013-06-03,601808.XSHG,0.0096145519705184
2013-06-03,601857.XSHG,0.2717267129299892
2013-06-03,601933.XSHG,0.0025780937972982
2013-06-03,601939.XSHG,0.0091008237178178
2013-06-03,601988.XSHG,0.1141420268282047
2013-06-03,601991.XSHG,0.0092299693710364
2013-07-01,000027.XSHE,0.0010052908102262
2013-07-01,000511.XSHE,0.001034283282261
2013-07-01,000538.XSHE,0.0124909473009946
2013-07-01,000690.XSHE,0.0016739727498598
2013-07-01,000729.XSHE,0.0029473954100199
2013-07-01,002007.XSHE,0.0026800521176684
2013-07-01,002191.XSHE,0.0011591668251995
2013-07-01,600009.XSHG,0.0027859779013135
2013-07-01,600019.XSHG,0.0131694018553724
2013-07-01,600028.XSHG,0.0794999417202595
2013-07-01,600050.XSHG,0.0133495632907646
2013-07-01,600079.XSHG,0.0024452617613785
2013-07-01,600085.XSHG,0.0059479358705635
2013-07-01,600132.XSHG,0.0014963097967837
2013-07-01,600177.XSHG,0.0026869244454298
2013-07-01,600196.XSHG,0.0041394239458607
2013-07-01,600256.XSHG,0.0083038892637444
2013-07-01,600276.XSHG,0.0075043930926803
2013-07-01,600309.XSHG,0.0072690046496092
2013-07-01,600415.XSHG,0.0028048276196647
2013-07-01,600436.XSHG,0.004137864332114
2013-07-01,600519.XSHG,0.0412451909089036
2013-07-01,600570.XSHG,0.0016372189336466
2013-07-01,600600.XSHG,0.0055425932448174
2013-07-01,600642.XSHG,0.0036115018892631
2013-07-01,600660.XSHG,0.00294480870289
2013-07-01,600674.XSHG,0.0041547584822161
2013-07-01,600690.XSHG,0.0059921830439422
2013-07-01,600795.XSHG,0.0073977329672021
2013-07-01,600832.XSHG,0.0036616593951791
2013-07-01,600839.XSHG,0.0016873452870794
2013-07-01,600886.XSHG,0.0047565075910335
2013-07-01,600900.XSHG,0.0131328633562894
2013-07-01,601006.XSHG,0.0176317514747235
2013-07-01,601009.XSHG,0.005057031263379
2013-07-01,601179.XSHG,0.0028242103082348
2013-07-01,601288.XSHG,0.0130193791173197
2013-07-01,601328.XSHG,0.0270877673049029
2013-07-01,601390.XSHG,0.0082947242563566
2013-07-01,601398.XSHG,0.2166063551025428
2013-07-01,601618.XSHG,0.0053460789682244
2013-07-01,601668.XSHG,0.0199981152303135
2013-07-01,601808.XSHG,0.0084449179782945
2013-07-01,601818.XSHG,0.0112668806415133
2013-07-01,601857.XSHG,0.2539852197031308
2013-07-01,601888.XSHG,0.0054504474548778
2013-07-01,601933.XSHG,0.0025214610010688
2013-07-01,601939.XSHG,0.0084353456268847
2013-07-01,601988.XSHG,0.1087481694095068
2013-07-01,601991.XSHG,0.0109859533144929
2013-08-01,000511.XSHE,0.0008995910187183
2013-08-01,000527.XSHE,0.0082026780893986
2013-08-01,000538.XSHE,0.0130297454853856
2013-08-01,000651.XSHE,0.0137458364485825
2013-08-01,000690.XSHE,0.0014220680189866
2013-08-01,000729.XSHE,0.0026757467341321
2013-08-01,000858.XSHE,0.012915296793255
2013-08-01,000895.XSHE,0.0085596435655326
2013-08-01,000963.XSHE,0.0022114339961804
2013-08-01,000998.XSHE,0.0016180406361706
2013-08-01,002004.XSHE,0.0010205594223751
2013-08-01,002007.XSHE,0.002944663425294
2013-08-01,002063.XSHE,0.0010925012275442
2013-08-01,002191.XSHE,0.0011593443536604
2013-08-01,600009.XSHG,0.0024411909495475
2013-08-01,600019.XSHG,0.0118105835325402
2013-08-01,600028.XSHG,0.0714117541521908
2013-08-01,600050.XSHG,0.012008627131349
2013-08-01,600079.XSHG,0.0024018937224068
2013-08-01,600085.XSHG,0.0053573037638722
2013-08-01,600132.XSHG,0.001376932481051
2013-08-01,600138.XSHG,0.0011750821823865
2013-08-01,600196.XSHG,0.0039380073788305
2013-08-01,600309.XSHG,0.0061366830811025
2013-08-01,600436.XSHG,0.0036256508829412
2013-08-01,600519.XSHG,0.0315937022681874
2013-08-01,600600.XSHG,0.0051192178798316
2013-08-01,600638.XSHG,0.0012577686049184
2013-08-01,600660.XSHG,0.002567401574682
2013-08-01,600674.XSHG,0.0037649079207615
2013-08-01,600690.XSHG,0.0055127024410831
2013-08-01,600795.XSHG,0.0062688180419269
2013-08-01,600820.XSHG,0.0012795933951578
2013-08-01,600832.XSHG,0.0032944393394158
2013-08-01,600839.XSHG,0.0016323300174101
2013-08-01,600900.XSHG,0.0121298764038974
2013-08-01,601006.XSHG,0.016134480122382
2013-08-01,601009.XSHG,0.0041839910262908
2013-08-01,601288.XSHG,0.124766292539674
2013-08-01,601328.XSHG,0.0221791041588635
2013-08-01,601390.XSHG,0.0083001946053995
2013-08-01,601398.XSHG,0.1819574933599488
2013-08-01,601607.XSHG,0.0039695420799181
2013-08-01,601668.XSHG,0.0172300299719939
2013-08-01,601808.XSHG,0.0080898362782144
2013-08-01,601857.XSHG,0.2310577313529869
2013-08-01,601888.XSHG,0.0048079046398337
2013-08-01,601939.XSHG,0.0073374509798964
2013-08-01,601988.XSHG,0.0931177279470227
2013-08-01,601991.XSHG,0.0092666045768669
2013-09-02,000402.XSHE,0.0030785219557757
2013-09-02,000536.XSHE,0.0009847991563706
2013-09-02,000538.XSHE,0.0138288966607106
2013-09-02,000651.XSHE,0.0147633659659656
2013-09-02,000895.XSHE,0.0087032372157746
2013-09-02,000963.XSHE,0.0022213661457128
2013-09-02,000998.XSHE,0.0018600644190217
2013-09-02,600009.XSHG,0.0032687793437526
2013-09-02,600019.XSHG,0.0133140062374023
2013-09-02,600050.XSHG,0.0132262604544123
2013-09-02,600079.XSHG,0.0028911345031981
2013-09-02,600085.XSHG,0.0053647587115948
2013-09-02,600132.XSHG,0.0015192346364266
2013-09-02,600138.XSHG,0.0013692163901519
2013-09-02,600196.XSHG,0.0042596109620457
2013-09-02,600201.XSHG,0.0012287176539632
2013-09-02,600216.XSHG,0.0022405874564758
2013-09-02,600267.XSHG,0.0026101367773888
2013-09-02,600309.XSHG,0.0071199119908059
2013-09-02,600315.XSHG,0.0067805511214036
2013-09-02,600415.XSHG,0.0030202357576044
2013-09-02,600436.XSHG,0.0037174755371154
2013-09-02,600600.XSHG,0.0055448654285227
2013-09-02,600638.XSHG,0.0014286337188523
2013-09-02,600642.XSHG,0.0040114942476011
2013-09-02,600660.XSHG,0.002926511411158
2013-09-02,600674.XSHG,0.0044313064790137
2013-09-02,600690.XSHG,0.0065631472535083
2013-09-02,600741.XSHG,0.0045132254966563
2013-09-02,600795.XSHG,0.0068869047598772
2013-09-02,600820.XSHG,0.0015407080671265
2013-09-02,600827.XSHG,0.0018765904973745
2013-09-02,600839.XSHG,0.0018940963727728
2013-09-02,600900.XSHG,0.0125554967138115
2013-09-02,601006.XSHG,0.0197519930508863
2013-09-02,601009.XSHG,0.0046114396162312
2013-09-02,601288.XSHG,0.1342118998904982
2013-09-02,601299.XSHG,0.0087775512141994
2013-09-02,601328.XSHG,0.0247429670143657
2013-09-02,601390.XSHG,0.0086819723519596
2013-09-02,601398.XSHG,0.1963148340107381
2013-09-02,601601.XSHG,0.0204777644603812
2013-09-02,601618.XSHG,0.0054249546161449
2013-09-02,601668.XSHG,0.0182839255301405
2013-09-02,601808.XSHG,0.0100638492043589
2013-09-02,601818.XSHG,0.0210383687064448
2013-09-02,601857.XSHG,0.242508086600869
2013-09-02,601888.XSHG,0.0062766667272208
2013-09-02,601939.XSHG,0.0078097593268181
2013-09-02,601988.XSHG,0.099480118179393
2013-10-08,000006.XSHE,0.0010048922996225
2013-10-08,000402.XSHE,0.0026894150634441
2013-10-08,000501.XSHE,0.0009678924741532
2013-10-08,000538.XSHE,0.0128563757861665
2013-10-08,000778.XSHE,0.0015845143859626
2013-10-08,000887.XSHE,0.001315323964538
2013-10-08,000895.XSHE,0.0088640170699517
2013-10-08,300146.XSHE,0.0012380224700911
2013-10-08,600004.XSHG,0.0012490670807763
2013-10-08,600015.XSHG,0.007810034899457
2013-10-08,600019.XSHG,0.0111063704774799
2013-10-08,600028.XSHG,0.0647237211449886
2013-10-08,600050.XSHG,0.0121685981954629
2013-10-08,600059.XSHG,0.0011812139228398
2013-10-08,600085.XSHG,0.0046316787650246
2013-10-08,600104.XSHG,0.0198331085997293
2013-10-08,600132.XSHG,0.0012668248278915
2013-10-08,600196.XSHG,0.0041368935835642
2013-10-08,600216.XSHG,0.0018434389326583
2013-10-08,600409.XSHG,0.0012320507240304
2013-10-08,600436.XSHG,0.0031080389104023
2013-10-08,600572.XSHG,0.0015148775071202
2013-10-08,600600.XSHG,0.004719995544234
2013-10-08,600660.XSHG,0.0027042877112974
2013-10-08,600674.XSHG,0.003570851606741
2013-10-08,600690.XSHG,0.0059206067067687
2013-10-08,600741.XSHG,0.0038696900685466
2013-10-08,600795.XSHG,0.0057287998958734
2013-10-08,600839.XSHG,0.0015615199682469
2013-10-08,600887.XSHG,0.0113351234840295
2013-10-08,600900.XSHG,0.0104305229300972
2013-10-08,601006.XSHG,0.0168803979529294
2013-10-08,601009.XSHG,0.0039423403899037
2013-10-08,601088.XSHG,0.043447383593226
2013-10-08,601186.XSHG,0.0079164152734809
2013-10-08,601288.XSHG,0.1134251279885666
2013-10-08,601318.XSHG,0.0273333264255266
2013-10-08,601328.XSHG,0.0222627578595814
2013-10-08,601390.XSHG,0.0072175829008106
2013-10-08,601398.XSHG,0.162336193474509
2013-10-08,601601.XSHG,0.0176031490561357
2013-10-08,601668.XSHG,0.0155240900309325
2013-10-08,601669.XSHG,0.0015042953208033
2013-10-08,601808.XSHG,0.008432928535389
2013-10-08,601818.XSHG,0.0183902843218944
2013-10-08,601857.XSHG,0.202920630306656
2013-10-08,601933.XSHG,0.00222022423414
2013-10-08,601939.XSHG,0.0065449860526922
2013-10-08,601988.XSHG,0.0867513804176085
2013-10-08,601998.XSHG,0.0191787368640219
2013-11-01,000402.XSHE,0.0023780505889305
2013-11-01,000423.XSHE,0.0043666620568618
2013-11-01,000543.XSHE,0.0008353182729721
2013-11-01,000690.XSHE,0.001387393432891
2013-11-01,000728.XSHE,0.0027541388616476
2013-11-01,000729.XSHE,0.0026394206709474
2013-11-01,000778.XSHE,0.0015867840166741
2013-11-01,000783.XSHE,0.0035566104873294
2013-11-01,000887.XSHE,0.0012060647536381
2013-11-01,002007.XSHE,0.002346516105787
2013-11-01,002142.XSHE,0.0039960131167662
2013-11-01,600015.XSHG,0.0077029585627223
2013-11-01,600019.XSHG,0.0101004294145821
2013-11-01,600028.XSHG,0.0619908415708753
2013-11-01,600036.XSHG,0.0338253540011581
2013-11-01,600050.XSHG,0.0108632832468152
2013-11-01,600068.XSHG,0.0022328487246108
2013-11-01,600104.XSHG,0.0200534107828561
2013-11-01,600132.XSHG,0.0013427396318188
2013-11-01,600201.XSHG,0.0009685977984667
2013-11-01,600409.XSHG,0.0012246269285739
2013-11-01,600426.XSHG,0.000944503640894
2013-11-01,600578.XSHG,0.0009411202064932
2013-11-01,600600.XSHG,0.0048310762332252
2013-11-01,600674.XSHG,0.003529666056021
2013-11-01,600795.XSHG,0.0059464023848964
2013-11-01,600900.XSHG,0.0095941320838105
2013-11-01,601006.XSHG,0.0167131935323224
2013-11-01,601009.XSHG,0.0037928000232369
2013-11-01,601088.XSHG,0.0406969383160658
2013-11-01,601099.XSHG,0.0012650292728425
2013-11-01,601139.XSHG,0.0024187799210531
2013-11-01,601169.XSHG,0.0090301702918288
2013-11-01,601186.XSHG,0.0077376427360878
2013-11-01,601288.XSHG,0.1093324039051106
2013-11-01,601318.XSHG,0.0270194212097205
2013-11-01,601328.XSHG,0.0207453621160008
2013-11-01,601336.XSHG,0.003784587364216
2013-11-01,601390.XSHG,0.0071960636629475
2013-11-01,601398.XSHG,0.1522330655163437
2013-11-01,601601.XSHG,0.0162073576901864
2013-11-01,601628.XSHG,0.0444409456047701
2013-11-01,601668.XSHG,0.0148960067025775
2013-11-01,601669.XSHG,0.0014713416405933
2013-11-01,601800.XSHG,0.0008479407802546
2013-11-01,601818.XSHG,0.0175020239409127
2013-11-01,601857.XSHG,0.1908073204398301
2013-11-01,601939.XSHG,0.0062288597928748
2013-11-01,601988.XSHG,0.0831633550463372
2013-11-01,601998.XSHG,0.0193244268616196
2013-12-02,000338.XSHE,0.0029234805083879
2013-12-02,000402.XSHE,0.0022927813887754
2013-12-02,000423.XSHE,0.0040413418631899
2013-12-02,000623.XSHE,0.0021045593018453
2013-12-02,000709.XSHE,0.0014793938546812
2013-12-02,000728.XSHE,0.0031080711793623
2013-12-02,000776.XSHE,0.0118249758346961
2013-12-02,000778.XSHE,0.0017135824477373
2013-12-02,000786.XSHE,0.0014832029370188
2013-12-02,000887.XSHE,0.0012568621241504
2013-12-02,002142.XSHE,0.0039985622170161
2013-12-02,002393.XSHE,0.0009779205150099
2013-12-02,600011.XSHG,0.0082310629718445
2013-12-02,600015.XSHG,0.0081014901643561
2013-12-02,600019.XSHG,0.0102845221529543
2013-12-02,600028.XSHG,0.0676533650936329
2013-12-02,600050.XSHG,0.0107197202208419
2013-12-02,600104.XSHG,0.0205772120074924
2013-12-02,600120.XSHG,0.0010255276899981
2013-12-02,600132.XSHG,0.0013508342925277
2013-12-02,600309.XSHG,0.006433047994576
2013-12-02,600426.XSHG,0.0009772791120232
2013-12-02,600585.XSHG,0.0105942957801068
2013-12-02,600674.XSHG,0.0034330526044799
2013-12-02,600741.XSHG,0.0039613347283302
2013-12-02,600795.XSHG,0.0058906500619313
2013-12-02,600886.XSHG,0.0041565053347629
2013-12-02,600900.XSHG,0.0096263349654895
2013-12-02,601006.XSHG,0.0175286036168945
2013-12-02,601009.XSHG,0.0037294670696048
2013-12-02,601088.XSHG,0.0417977587639437
2013-12-02,601099.XSHG,0.0014567719986733
2013-12-02,601169.XSHG,0.0088221676516076
2013-12-02,601186.XSHG,0.0077839347864548
2013-12-02,601288.XSHG,0.1125233207453872
2013-12-02,601318.XSHG,0.030445902450448
2013-12-02,601336.XSHG,0.0040055247589872
2013-12-02,601377.XSHG,0.0029810166248056
2013-12-02,601390.XSHG,0.0071749329238388
2013-12-02,601398.XSHG,0.1513948425929565
2013-12-02,601628.XSHG,0.0505552163730839
2013-12-02,601668.XSHG,0.0146548749307028
2013-12-02,601669.XSHG,0.0014563508915594
2013-12-02,601688.XSHG,0.0079115817669489
2013-12-02,601800.XSHG,0.0008567524533374
2013-12-02,601818.XSHG,0.0171507914566822
2013-12-02,601857.XSHG,0.1985978391625038
2013-12-02,601939.XSHG,0.0063741924224501
2013-12-02,601988.XSHG,0.0832242346858146
2013-12-02,601998.XSHG,0.0193529525260945
2014-01-02,000028.XSHE,0.0018606111575438
2014-01-02,000402.XSHE,0.0026978857938751
2014-01-02,000423.XSHE,0.0045379124036779
2014-01-02,000709.XSHE,0.0017596672014658
2014-01-02,000725.XSHE,0.0044649269813388
2014-01-02,000726.XSHE,0.0009994813099768
2014-01-02,000778.XSHE,0.0026402183583952
2014-01-02,000786.XSHE,0.0017328902621178
2014-01-02,000895.XSHE,0.0096758497541983
2014-01-02,002142.XSHE,0.0045319146535695
2014-01-02,002500.XSHE,0.002875040084057
2014-01-02,600011.XSHG,0.0091667692159247
2014-01-02,600015.XSHG,0.0093090119800784
2014-01-02,600019.XSHG,0.011504190549317
2014-01-02,600028.XSHG,0.0702035984578282
2014-01-02,600036.XSHG,0.0382659366631841
2014-01-02,600050.XSHG,0.0118359813798951
2014-01-02,600062.XSHG,0.0022346077298072
2014-01-02,600068.XSHG,0.0023754229604678
2014-01-02,600153.XSHG,0.0027195851123772
2014-01-02,600166.XSHG,0.0022289898772381
2014-01-02,600195.XSHG,0.0010753774240011
2014-01-02,600221.XSHG,0.00406363315509
2014-01-02,600276.XSHG,0.0091849626899262
2014-01-02,600309.XSHG,0.0076034289261669
2014-01-02,600312.XSHG,0.0014526097162597
2014-01-02,600535.XSHG,0.0079813675048117
2014-01-02,600642.XSHG,0.0035648374483594
2014-01-02,600660.XSHG,0.0028359430673896
2014-01-02,600664.XSHG,0.0011108474841733
2014-01-02,600674.XSHG,0.004002608920467
2014-01-02,600795.XSHG,0.0062277719494562
2014-01-02,600820.XSHG,0.0013627939811691
2014-01-02,600900.XSHG,0.0105808135967753
2014-01-02,600998.XSHG,0.0036737812080603
2014-01-02,601006.XSHG,0.0191473706182811
2014-01-02,601009.XSHG,0.0041265973460376
2014-01-02,601088.XSHG,0.0445597340048933
2014-01-02,601099.XSHG,0.0017123977243642
2014-01-02,601169.XSHG,0.0095860308744867
2014-01-02,601288.XSHG,0.1213391397380154
2014-01-02,601398.XSHG,0.1637569233671258
2014-01-02,601668.XSHG,0.0161536675045483
2014-01-02,601669.XSHG,0.0015937835063299
2014-01-02,601818.XSHG,0.0181875542998939
2014-01-02,601857.XSHG,0.2147024758412418
2014-01-02,601899.XSHG,0.0063658025913668
2014-01-02,601939.XSHG,0.006816503419337
2014-01-02,601988.XSHG,0.0883203459769174
2014-01-02,601998.XSHG,0.0212904042287188
2014-02-07,000100.XSHE,0.0037765144931505
2014-02-07,000157.XSHE,0.0056475076046859
2014-02-07,000402.XSHE,0.0026578864501804
2014-02-07,000423.XSHE,0.0041323907482373
2014-02-07,000623.XSHE,0.0023265761039099
2014-02-07,000686.XSHE,0.0024405107160606
2014-02-07,000690.XSHE,0.0015081575391241
2014-02-07,000709.XSHE,0.0016206498337826
2014-02-07,000725.XSHE,0.0044628731088605
2014-02-07,000895.XSHE,0.0094912946014397
2014-02-07,002138.XSHE,0.0010651495457442
2014-02-07,002142.XSHE,0.0045358587858341
2014-02-07,002500.XSHE,0.0029500157268958
2014-02-07,600011.XSHG,0.0090034212895816
2014-02-07,600015.XSHG,0.009348590361547
2014-02-07,600019.XSHG,0.0111057917575558
2014-02-07,600028.XSHG,0.0724048490438428
2014-02-07,600036.XSHG,0.0379095441628554
2014-02-07,600050.XSHG,0.0114256257339276
2014-02-07,600066.XSHG,0.0039173011999965
2014-02-07,600166.XSHG,0.0023208288648384
2014-02-07,600187.XSHG,0.0011609382292681
2014-02-07,600221.XSHG,0.0038874853163499
2014-02-07,600309.XSHG,0.0075934878941303
2014-02-07,600312.XSHG,0.0016944037866954
2014-02-07,600517.XSHG,0.0019767929929008
2014-02-07,600535.XSHG,0.0080331440192576
2014-02-07,600660.XSHG,0.002750847538178
2014-02-07,600674.XSHG,0.0039209945613829
2014-02-07,600795.XSHG,0.0062991259794293
2014-02-07,600886.XSHG,0.0050703258987179
2014-02-07,600900.XSHG,0.0104027050394841
2014-02-07,600978.XSHG,0.0013665822884119
2014-02-07,600998.XSHG,0.004622011426523
2014-02-07,601006.XSHG,0.0193068465756079
2014-02-07,601088.XSHG,0.0409547844389285
2014-02-07,601098.XSHG,0.0040353472980398
2014-02-07,601169.XSHG,0.0094523573803263
2014-02-07,601288.XSHG,0.1198085794380744
2014-02-07,601328.XSHG,0.0219371679494317
2014-02-07,601377.XSHG,0.0033736168608074
2014-02-07,601390.XSHG,0.0073281461155422
2014-02-07,601398.XSHG,0.1600409700735949
2014-02-07,601668.XSHG,0.0158793823032322
2014-02-07,601669.XSHG,0.0014744690101958
2014-02-07,601818.XSHG,0.0175638215156121
2014-02-07,601857.XSHG,0.2163302439616122
2014-02-07,601899.XSHG,0.0062695695316533
2014-02-07,601939.XSHG,0.0067073041423751
2014-02-07,601988.XSHG,0.0867072107621841
2014-03-03,000100.XSHE,0.0035949066599677
2014-03-03,000157.XSHE,0.0049854757926825
2014-03-03,000423.XSHE,0.003809729520245
2014-03-03,000623.XSHE,0.0020202097352029
2014-03-03,000686.XSHE,0.0019773429922912
2014-03-03,000690.XSHE,0.0014456207843517
2014-03-03,000725.XSHE,0.0044068319374942
2014-03-03,000887.XSHE,0.0014814996298451
2014-03-03,000999.XSHE,0.0037879263902654
2014-03-03,002004.XSHE,0.0012262302557077
2014-03-03,002142.XSHE,0.004077498099608
2014-03-03,002500.XSHE,0.0026229744278904
2014-03-03,600011.XSHG,0.0082597072420114
2014-03-03,600015.XSHG,0.0083228939561399
2014-03-03,600019.XSHG,0.0096982613469908
2014-03-03,600028.XSHG,0.0781627095707753
2014-03-03,600036.XSHG,0.0323233920491553
2014-03-03,600050.XSHG,0.0110258522025164
2014-03-03,600066.XSHG,0.0036461938604752
2014-03-03,600187.XSHG,0.0010378686556414
2014-03-03,600221.XSHG,0.0035810289779756
2014-03-03,600312.XSHG,0.0018490593018972
2014-03-03,600519.XSHG,0.0256647249994931
2014-03-03,600535.XSHG,0.0072133855861819
2014-03-03,600642.XSHG,0.0033338574836855
2014-03-03,600660.XSHG,0.0025280339701443
2014-03-03,600674.XSHG,0.003503699636168
2014-03-03,600795.XSHG,0.0058955034919604
2014-03-03,600886.XSHG,0.0044935738367977
2014-03-03,600900.XSHG,0.0092527153365665
2014-03-03,600993.XSHG,0.0009735450553991
2014-03-03,601006.XSHG,0.0162019165202014
2014-03-03,601009.XSHG,0.003766135923096
2014-03-03,601088.XSHG,0.035838806209585
2014-03-03,601098.XSHG,0.004077929078734
2014-03-03,601179.XSHG,0.0026557021117001
2014-03-03,601288.XSHG,0.1056459116171949
2014-03-03,601318.XSHG,0.0290063618636726
2014-03-03,601328.XSHG,0.0196238518312555
2014-03-03,601336.XSHG,0.0037545514335762
2014-03-03,601398.XSHG,0.1405897610479852
2014-03-03,601601.XSHG,0.015829857874251
2014-03-03,601628.XSHG,0.0462178691798383
2014-03-03,601668.XSHG,0.0134805016233121
2014-03-03,601669.XSHG,0.0013129081101683
2014-03-03,601818.XSHG,0.0154993812767878
2014-03-03,601857.XSHG,0.2002332547216159
2014-03-03,601899.XSHG,0.0061024668271334
2014-03-03,601939.XSHG,0.005878193457629
2014-03-03,601988.XSHG,0.078082386506734
2014-04-01,000157.XSHE,0.0051375228568533
2014-04-01,000402.XSHE,0.002598456521265
2014-04-01,000690.XSHE,0.0013418763752306
2014-04-01,000725.XSHE,0.0043920672625508
2014-04-01,000887.XSHE,0.0015155669115056
2014-04-01,002050.XSHE,0.0011726326481428
2014-04-01,002142.XSHE,0.0043013951728838
2014-04-01,002275.XSHE,0.0014544218980729
2014-04-01,600000.XSHG,0.0244128682899456
2014-04-01,600011.XSHG,0.0090212457574002
2014-04-01,600015.XSHG,0.0091518343787222
2014-04-01,600019.XSHG,0.0108562906727242
2014-04-01,600027.XSHG,0.0030845540574446
2014-04-01,600036.XSHG,0.0342681189231535
2014-04-01,600050.XSHG,0.0109054570539347
2014-04-01,600062.XSHG,0.0018705282213615
2014-04-01,600104.XSHG,0.0215846166666514
2014-04-01,600183.XSHG,0.0013469075049062
2014-04-01,600383.XSHG,0.0051875162873128
2014-04-01,600409.XSHG,0.0013615746045528
2014-04-01,600642.XSHG,0.0033828636488259
2014-04-01,600660.XSHG,0.0027682551604711
2014-04-01,600664.XSHG,0.0010254721236246
2014-04-01,600674.XSHG,0.0039004991608943
2014-04-01,600694.XSHG,0.0013239898534973
2014-04-01,600795.XSHG,0.0061087106248641
2014-04-01,600875.XSHG,0.0035276718753163
2014-04-01,600886.XSHG,0.0052370214154189
2014-04-01,600900.XSHG,0.0094548779560343
2014-04-01,601006.XSHG,0.016747437587434
2014-04-01,601009.XSHG,0.0038836164967565
2014-04-01,601088.XSHG,0.0384574750693609
2014-04-01,601169.XSHG,0.009549248712747
2014-04-01,601179.XSHG,0.0027104762040904
2014-04-01,601288.XSHG,0.1156218778845611
2014-04-01,601318.XSHG,0.0303394378226182
2014-04-01,601328.XSHG,0.020788161867563
2014-04-01,601336.XSHG,0.0037582715756217
2014-04-01,601390.XSHG,0.0073282847818115
2014-04-01,601398.XSHG,0.1534822404920308
2014-04-01,601601.XSHG,0.0167747469705969
2014-04-01,601628.XSHG,0.0471954965774995
2014-04-01,601668.XSHG,0.0145561155415569
2014-04-01,601669.XSHG,0.0013935441391509
2014-04-01,601788.XSHG,0.0044825276375099
2014-04-01,601818.XSHG,0.0165998473789039
2014-04-01,601857.XSHG,0.2069073770826841
2014-04-01,601899.XSHG,0.0060051848362518
2014-04-01,601939.XSHG,0.0064843520044513
2014-04-01,601988.XSHG,0.0852394654532362
2014-05-05,000501.XSHE,0.0011874171235499
2014-05-05,000728.XSHE,0.0032889254288752
2014-05-05,000887.XSHE,0.0016161871693014
2014-05-05,002050.XSHE,0.0013155970439463
2014-05-05,002142.XSHE,0.0044931443920114
2014-05-05,600000.XSHG,0.0253002008451085
2014-05-05,600009.XSHG,0.0025219742636433
2014-05-05,600011.XSHG,0.0097599122966729
2014-05-05,600015.XSHG,0.0094860306038731
2014-05-05,600019.XSHG,0.01121066041284
2014-05-05,600027.XSHG,0.003203621307991
2014-05-05,600036.XSHG,0.035692646382276
2014-05-05,600050.XSHG,0.0115116104155961
2014-05-05,600068.XSHG,0.0023310720170868
2014-05-05,600104.XSHG,0.0233275506357014
2014-05-05,600125.XSHG,0.001165780741782
2014-05-05,600183.XSHG,0.0014383109939562
2014-05-05,600201.XSHG,0.0014361088029944
2014-05-05,600221.XSHG,0.0035364669530478
2014-05-05,600252.XSHG,0.0024609758091906
2014-05-05,600329.XSHG,0.0012535151661207
2014-05-05,600409.XSHG,0.0013718314235851
2014-05-05,600660.XSHG,0.0029391443725128
2014-05-05,600664.XSHG,0.0011478329105961
2014-05-05,600674.XSHG,0.0041959152152596
2014-05-05,600694.XSHG,0.0014402362380505
2014-05-05,600795.XSHG,0.0060830649166621
2014-05-05,600823.XSHG,0.0019235086488996
2014-05-05,600863.XSHG,0.0011361994676409
2014-05-05,600886.XSHG,0.0056816671115332
2014-05-05,600900.XSHG,0.0096866869924197
2014-05-05,601006.XSHG,0.0171571890964808
2014-05-05,601009.XSHG,0.0040413134611664
2014-05-05,601018.XSHG,0.0053918859158505
2014-05-05,601088.XSHG,0.0401875366097139
2014-05-05,601168.XSHG,0.0020864471400917
2014-05-05,601288.XSHG,0.1182174528921884
2014-05-05,601318.XSHG,0.0326596322438032
2014-05-05,601328.XSHG,0.0211230799919974
2014-05-05,601390.XSHG,0.0077356097053328
2014-05-05,601398.XSHG,0.1575158225355783
2014-05-05,601628.XSHG,0.0490781717657685
2014-05-05,601668.XSHG,0.0154334489504306
2014-05-05,601788.XSHG,0.0048310712942362
2014-05-05,601818.XSHG,0.0168390556427861
2014-05-05,601857.XSHG,0.2116710012616983
2014-05-05,601880.XSHG,0.0015690206985897
2014-05-05,601899.XSHG,0.0061345378063752
2014-05-05,601939.XSHG,0.0065962433471985
2014-05-05,601988.XSHG,0.0885876835379862
2014-06-03,000100.XSHE,0.0028684944894422
2014-06-03,000651.XSHE,0.0138989423940499
2014-06-03,000725.XSHE,0.0036938995254574
2014-06-03,000887.XSHE,0.0014576972124737
2014-06-03,002050.XSHE,0.0011310444719924
2014-06-03,002142.XSHE,0.0038890406386589
2014-06-03,002250.XSHE,0.0011026663744885
2014-06-03,002500.XSHE,0.002379336763053
2014-06-03,600009.XSHG,0.00216502417808
2014-06-03,600011.XSHG,0.0087882601504788
2014-06-03,600015.XSHG,0.0079796369969518
2014-06-03,600016.XSHG,0.0252078540943133
2014-06-03,600019.XSHG,0.0097098168418194
2014-06-03,600027.XSHG,0.0028399896348978
2014-06-03,600028.XSHG,0.0690073260150051
2014-06-03,600036.XSHG,0.0314995384569309
2014-06-03,600050.XSHG,0.0100469124907925
2014-06-03,600104.XSHG,0.0201155818157968
2014-06-03,600201.XSHG,0.0012383600436318
2014-06-03,600276.XSHG,0.0073904921374151
2014-06-03,600489.XSHG,0.0033728481496035
2014-06-03,600660.XSHG,0.0024275531811287
2014-06-03,600664.XSHG,0.0009717252836376
2014-06-03,600674.XSHG,0.0036342283475054
2014-06-03,600694.XSHG,0.0011719054418133
2014-06-03,600795.XSHG,0.0052649649983804
2014-06-03,600823.XSHG,0.0015521670566992
2014-06-03,600863.XSHG,0.0009579687555812
2014-06-03,600886.XSHG,0.0052115236979024
2014-06-03,600900.XSHG,0.0089757671365312
2014-06-03,601006.XSHG,0.0149407176858801
2014-06-03,601009.XSHG,0.0035225430966234
2014-06-03,601088.XSHG,0.0354465186773007
2014-06-03,601168.XSHG,0.0018837100897145
2014-06-03,601169.XSHG,0.0087880954804729
2014-06-03,601288.XSHG,0.1069846489130034
2014-06-03,601318.XSHG,0.0286459008085152
2014-06-03,601328.XSHG,0.0187414534185598
2014-06-03,601390.XSHG,0.0065633447129532
2014-06-03,601398.XSHG,0.1420839929379076
2014-06-03,601601.XSHG,0.0157949026749317
2014-06-03,601618.XSHG,0.0042139054939353
2014-06-03,601628.XSHG,0.0437906884529104
2014-06-03,601668.XSHG,0.013523139585974
2014-06-03,601788.XSHG,0.0041219955023462
2014-06-03,601818.XSHG,0.0148090495648713
2014-06-03,601857.XSHG,0.1853147604452013
2014-06-03,601899.XSHG,0.0051914078144058
2014-06-03,601939.XSHG,0.0058279879373375
2014-06-03,601988.XSHG,0.0798606699326413
2014-07-01,000001.XSHE,0.0096001228496352
2014-07-01,000002.XSHE,0.011399936840859
2014-07-01,000725.XSHE,0.0036498603811899
2014-07-01,000858.XSHE,0.0093947613175438
2014-07-01,000887.XSHE,0.0015675097283705
2014-07-01,002050.XSHE,0.0012387367206145
2014-07-01,002142.XSHE,0.0038244892812007
2014-07-01,002500.XSHE,0.0022663385533084
2014-07-01,600000.XSHG,0.0196735571664597
2014-07-01,600011.XSHG,0.0085867863173709
2014-07-01,600015.XSHG,0.0077223275910472
2014-07-01,600016.XSHG,0.024494173698133
2014-07-01,600019.XSHG,0.0097510529149675
2014-07-01,600027.XSHG,0.0026182309018951
2014-07-01,600028.XSHG,0.0677424436895833
2014-07-01,600036.XSHG,0.0307084347626628
2014-07-01,600050.XSHG,0.0100859990770536
2014-07-01,600079.XSHG,0.0020017614106727
2014-07-01,600104.XSHG,0.0207249484629163
2014-07-01,600219.XSHG,0.001418503410208
2014-07-01,600276.XSHG,0.0072611114279926
2014-07-01,600489.XSHG,0.0033191797143016
2014-07-01,600522.XSHG,0.0014126606863581
2014-07-01,600660.XSHG,0.0024337137855858
2014-07-01,600674.XSHG,0.0035268592639836
2014-07-01,600694.XSHG,0.0010877381370637
2014-07-01,600795.XSHG,0.004838843975537
2014-07-01,600886.XSHG,0.0050656800430647
2014-07-01,600900.XSHG,0.0087501199045923
2014-07-01,601006.XSHG,0.0137154969923956
2014-07-01,601009.XSHG,0.0034432121946178
2014-07-01,601088.XSHG,0.0348193327698526
2014-07-01,601169.XSHG,0.0087973700474019
2014-07-01,601288.XSHG,0.1046149857000064
2014-07-01,601299.XSHG,0.0067043697699995
2014-07-01,601318.XSHG,0.0273581652723243
2014-07-01,601328.XSHG,0.0184673568661919
2014-07-01,601336.XSHG,0.0033759621474062
2014-07-01,601390.XSHG,0.0064418505894525
2014-07-01,601398.XSHG,0.1305306307282324
2014-07-01,601601.XSHG,0.0160273558374107
2014-07-01,601628.XSHG,0.0412701931507101
2014-07-01,601668.XSHG,0.0122068200488316
2014-07-01,601766.XSHG,0.0066246792112176
2014-07-01,601788.XSHG,0.0039490951859722
2014-07-01,601818.XSHG,0.0147720687708132
2014-07-01,601857.XSHG,0.17695019522038
2014-07-01,601899.XSHG,0.0050822841172143
2014-07-01,601939.XSHG,0.0057655309414932
2014-07-01,601988.XSHG,0.0729171624239022
2014-08-01,000001.XSHE,0.0099095707840964
2014-08-01,000338.XSHE,0.0027391867053628
2014-08-01,000568.XSHE,0.0037385793399444
2014-08-01,000651.XSHE,0.0124990956508647
2014-08-01,000709.XSHE,0.001394782035918
2014-08-01,000887.XSHE,0.0015672682630885
2014-08-01,002142.XSHE,0.0039360330770895
2014-08-01,600000.XSHG,0.0201593118169843
2014-08-01,600009.XSHG,0.0020523212141852
2014-08-01,600015.XSHG,0.0078752745198093
2014-08-01,600016.XSHG,0.02464947952198
2014-08-01,600019.XSHG,0.0100253866338079
2014-08-01,600028.XSHG,0.0653209386500417
2014-08-01,600036.XSHG,0.0314655141281146
2014-08-01,600050.XSHG,0.0101805639675179
2014-08-01,600068.XSHG,0.0019404899269002
2014-08-01,600085.XSHG,0.0035606029167487
2014-08-01,600104.XSHG,0.0208009204274552
2014-08-01,600369.XSHG,0.0029864680375204
2014-08-01,600600.XSHG,0.0040311320847678
2014-08-01,600660.XSHG,0.002769616933655
2014-08-01,600674.XSHG,0.0035435014514679
2014-08-01,600694.XSHG,0.0010968562268954
2014-08-01,600795.XSHG,0.0049862599497069
2014-08-01,600863.XSHG,0.0009716602598633
2014-08-01,600875.XSHG,0.0028764408737902
2014-08-01,600900.XSHG,0.0092538860368977
2014-08-01,601006.XSHG,0.014712942036437
2014-08-01,601009.XSHG,0.0034601007816125
2014-08-01,601088.XSHG,0.035813533032607
2014-08-01,601106.XSHG,0.0019546765336462
2014-08-01,601166.XSHG,0.0244549680075789
2014-08-01,601169.XSHG,0.0090362482749972
2014-08-01,601186.XSHG,0.0070730324858993
2014-08-01,601288.XSHG,0.0991163066099646
2014-08-01,601318.XSHG,0.0289645532169722
2014-08-01,601333.XSHG,0.002112323154349
2014-08-01,601390.XSHG,0.0067662510513044
2014-08-01,601398.XSHG,0.1314856560871461
2014-08-01,601601.XSHG,0.01712474299062
2014-08-01,601618.XSHG,0.0040907873244157
2014-08-01,601628.XSHG,0.0434354011704289
2014-08-01,601668.XSHG,0.0130160128006288
2014-08-01,601688.XSHG,0.0065419422412461
2014-08-01,601766.XSHG,0.0071975824610493
2014-08-01,601818.XSHG,0.0146572996936985
2014-08-01,601857.XSHG,0.1786243335080994
2014-08-01,601899.XSHG,0.0050967552393438
2014-08-01,601939.XSHG,0.0055107225123144
2014-08-01,601988.XSHG,0.0734226873511646
2014-09-01,000063.XSHE,0.0067052347777602
2014-09-01,000528.XSHE,0.0011992287435975
2014-09-01,000623.XSHE,0.0022079828245396
2014-09-01,000725.XSHE,0.0044313452979933
2014-09-01,000776.XSHE,0.0103189486318455
2014-09-01,000826.XSHE,0.0033518992958543
2014-09-01,000887.XSHE,0.0021235795155594
2014-09-01,002294.XSHE,0.0015003939503051
2014-09-01,002310.XSHE,0.0013978747730703
2014-09-01,600000.XSHG,0.0239222427786985
2014-09-01,600008.XSHG,0.0025419371642135
2014-09-01,600009.XSHG,0.0025416390541744
2014-09-01,600028.XSHG,0.0855784967043551
2014-09-01,600029.XSHG,0.0029656989344538
2014-09-01,600068.XSHG,0.0024447994122146
2014-09-01,600089.XSHG,0.0048933479317421
2014-09-01,600104.XSHG,0.0267910102975986
2014-09-01,600125.XSHG,0.0012041007408416
2014-09-01,600138.XSHG,0.0016165260878945
2014-09-01,600143.XSHG,0.0021924714807124
2014-09-01,600160.XSHG,0.0016432169298168
2014-09-01,600221.XSHG,0.0036713826362433
2014-09-01,600267.XSHG,0.0022454106651221
2014-09-01,600276.XSHG,0.008616189690562
2014-09-01,600415.XSHG,0.0025975260005437
2014-09-01,600583.XSHG,0.0053546453671204
2014-09-01,600674.XSHG,0.00496330200196
2014-09-01,600694.XSHG,0.0013996538469856
2014-09-01,600795.XSHG,0.0060073209423939
2014-09-01,600837.XSHG,0.0134643432008299
2014-09-01,600859.XSHG,0.0012882224704824
2014-09-01,600886.XSHG,0.0068549226987945
2014-09-01,600900.XSHG,0.012264958986558
2014-09-01,600999.XSHG,0.0084877620062842
2014-09-01,601006.XSHG,0.0185587070741857
2014-09-01,601009.XSHG,0.0041224772818001
2014-09-01,601018.XSHG,0.0052973916447194
2014-09-01,601169.XSHG,0.0111492174613005
2014-09-01,601186.XSHG,0.0087880812958988
2014-09-01,601288.XSHG,0.1171235405909979
2014-09-01,601299.XSHG,0.0087065346374583
2014-09-01,601390.XSHG,0.0081710582474946
2014-09-01,601398.XSHG,0.1555510580607021
2014-09-01,601607.XSHG,0.0042454743778041
2014-09-01,601628.XSHG,0.0529039643905257
2014-09-01,601668.XSHG,0.0159354485427062
2014-09-01,601808.XSHG,0.0098517328258573
2014-09-01,601857.XSHG,0.2163558187957862
2014-09-01,601939.XSHG,0.0064985223275962
2014-09-01,601988.XSHG,0.0879533566040436
2014-10-08,000012.XSHE,0.0059240610714973
2014-10-08,000157.XSHE,0.0177497632912848
2014-10-08,000528.XSHE,0.0047294915443819
2014-10-08,000543.XSHE,0.0047086536413897
2014-10-08,000623.XSHE,0.0086164620888907
2014-10-08,000725.XSHE,0.0162758403933474
2014-10-08,000729.XSHE,0.0099628492482079
2014-10-08,000776.XSHE,0.0373240528757282
2014-10-08,000825.XSHE,0.0101778265445118
2014-10-08,000917.XSHE,0.0069723975202207
2014-10-08,002007.XSHE,0.010049910328644
2014-10-08,002142.XSHE,0.016961058921055
2014-10-08,002310.XSHE,0.004990781240286
2014-10-08,600000.XSHG,0.0840962254316229
2014-10-08,600005.XSHG,0.0135269983381324
2014-10-08,600009.XSHG,0.0094562318605633
2014-10-08,600031.XSHG,0.0258328298623792
2014-10-08,600050.XSHG,0.0437019064717045
2014-10-08,600058.XSHG,0.0076060936614399
2014-10-08,600085.XSHG,0.014762686348091
2014-10-08,600123.XSHG,0.0058163657366045
2014-10-08,600177.XSHG,0.0107881406736722
2014-10-08,600216.XSHG,0.0059133180457064
2014-10-08,600252.XSHG,0.0089535855420441
2014-10-08,600267.XSHG,0.0084110535763064
2014-10-08,600276.XSHG,0.0334193948268001
2014-10-08,600309.XSHG,0.0222289590909712
2014-10-08,600535.XSHG,0.0258787904715766
2014-10-08,600635.XSHG,0.0055014367151152
2014-10-08,600642.XSHG,0.0125395726915816
2014-10-08,600649.XSHG,0.012592759207148
2014-10-08,600674.XSHG,0.0230431499159108
2014-10-08,600729.XSHG,0.0048060913245748
2014-10-08,600795.XSHG,0.0226594190279213
2014-10-08,600837.XSHG,0.0480588553640975
2014-10-08,600867.XSHG,0.0086552247111377
2014-10-08,600874.XSHG,0.0055728273388438
2014-10-08,600900.XSHG,0.0440943192966798
2014-10-08,600999.XSHG,0.031552780270505
2014-10-08,601009.XSHG,0.0154729659473815
2014-10-08,601117.XSHG,0.0184765386911165
2014-10-08,601186.XSHG,0.0307937881179341
2014-10-08,601299.XSHG,0.0310260905446471
2014-10-08,601333.XSHG,0.0098083226592373
2014-10-08,601390.XSHG,0.0305416283926662
2014-10-08,601607.XSHG,0.0165631981154758
2014-10-08,601666.XSHG,0.006626041713775
2014-10-08,601668.XSHG,0.058814089220087
2014-10-08,601818.XSHG,0.0633829790245265
2014-10-08,601898.XSHG,0.0245821930625751
2014-11-03,000001.XSHE,0.0179049542551694
2014-11-03,000063.XSHE,0.0069072281993716
2014-11-03,000157.XSHE,0.0050264444679161
2014-11-03,000525.XSHE,0.0013447746679525
2014-11-03,000528.XSHE,0.0013695713088751
2014-11-03,000543.XSHE,0.0013890098606481
2014-11-03,000581.XSHE,0.0030435593740029
2014-11-03,000725.XSHE,0.0049953944268249
2014-11-03,000729.XSHE,0.002805061145692
2014-11-03,000750.XSHE,0.0033098618681741
2014-11-03,000776.XSHE,0.0113562727325474
2014-11-03,000917.XSHE,0.002091019977231
2014-11-03,002011.XSHE,0.0012741032280796
2014-11-03,002142.XSHE,0.0053509661573546
2014-11-03,600000.XSHG,0.0248400550989719
2014-11-03,600005.XSHG,0.0045146664361366
2014-11-03,600009.XSHG,0.0028717863657894
2014-11-03,600011.XSHG,0.0111473977865428
2014-11-03,600015.XSHG,0.0093536635109765
2014-11-03,600031.XSHG,0.0075891443892675
2014-11-03,600050.XSHG,0.0127103178101293
2014-11-03,600166.XSHG,0.0025365754933006
2014-11-03,600177.XSHG,0.0030241839924556
2014-11-03,600252.XSHG,0.0025739031724503
2014-11-03,600276.XSHG,0.0094868575855977
2014-11-03,600362.XSHG,0.0047260017016318
2014-11-03,600518.XSHG,0.0057492463491007
2014-11-03,600578.XSHG,0.0015347931352574
2014-11-03,600642.XSHG,0.0035946957741439
2014-11-03,600660.XSHG,0.0036261808308014
2014-11-03,600694.XSHG,0.0015923461752054
2014-11-03,600795.XSHG,0.0076172819695304
2014-11-03,600837.XSHG,0.01404003105756
2014-11-03,600900.XSHG,0.0131890356009291
2014-11-03,600999.XSHG,0.0093547823417388
2014-11-03,601006.XSHG,0.0197292903052092
2014-11-03,601166.XSHG,0.0285226382679526
2014-11-03,601169.XSHG,0.012194607599315
2014-11-03,601288.XSHG,0.1182527498062657
2014-11-03,601398.XSHG,0.1574341457964223
2014-11-03,601628.XSHG,0.0544157017499798
2014-11-03,601668.XSHG,0.0175587996706575
2014-11-03,601818.XSHG,0.019110538010509
2014-11-03,601857.XSHG,0.2074540965430257
2014-11-03,601898.XSHG,0.0071522651022776
2014-11-03,601899.XSHG,0.0068873547958683
2014-11-03,601901.XSHG,0.0063561793728206
2014-11-03,601939.XSHG,0.0065071939259186
2014-11-03,601988.XSHG,0.0892312889912701
2014-11-03,601998.XSHG,0.0253519818151494
2014-12-01,000012.XSHE,0.001700405890357
2014-12-01,000063.XSHE,0.0068384144147506
2014-12-01,000157.XSHE,0.0052005143335835
2014-12-01,000333.XSHE,0.0082695049229576
2014-12-01,000338.XSHE,0.0037121676431213
2014-12-01,000401.XSHE,0.001973644466683
2014-12-01,000539.XSHE,0.0020365503929411
2014-12-01,000543.XSHE,0.0015553946899812
2014-12-01,000568.XSHE,0.0041403668528739
2014-12-01,000625.XSHE,0.0080551241172792
2014-12-01,000651.XSHE,0.015023775052431
2014-12-01,000725.XSHE,0.0050058610472546
2014-12-01,000729.XSHE,0.0029618002434901
2014-12-01,000848.XSHE,0.0018849125803271
2014-12-01,000983.XSHE,0.0035845291292426
2014-12-01,002152.XSHE,0.0028250399483287
2014-12-01,600000.XSHG,0.0287087714141306
2014-12-01,600009.XSHG,0.002979023572714
2014-12-01,600011.XSHG,0.0111133961686832
2014-12-01,600015.XSHG,0.0106028246089165
2014-12-01,600016.XSHG,0.0308337893941004
2014-12-01,600028.XSHG,0.0781294136482526
2014-12-01,600036.XSHG,0.0395232389970264
2014-12-01,600050.XSHG,0.013212765639013
2014-12-01,600085.XSHG,0.0019232343848561
2014-12-01,600089.XSHG,0.0051590243591906
2014-12-01,600123.XSHG,0.001773040195206
2014-12-01,600177.XSHG,0.0033571346909044
2014-12-01,600196.XSHG,0.006233734502317
2014-12-01,600252.XSHG,0.0026461372229849
2014-12-01,600362.XSHG,0.0050725897840333
2014-12-01,600585.XSHG,0.0114281734572884
2014-12-01,600642.XSHG,0.0038169208826897
2014-12-01,600660.XSHG,0.0036569175945987
2014-12-01,600694.XSHG,0.0016008555047939
2014-12-01,600801.XSHG,0.0013174538577986
2014-12-01,600874.XSHG,0.0015412042191494
2014-12-01,600900.XSHG,0.0137228774637875
2014-12-01,601088.XSHG,0.0426576697514331
2014-12-01,601166.XSHG,0.0305123644941671
2014-12-01,601288.XSHG,0.1267794389952816
2014-12-01,601318.XSHG,0.0384311551010739
2014-12-01,601369.XSHG,0.00198599529668
2014-12-01,601398.XSHG,0.1679419035316662
2014-12-01,601607.XSHG,0.0046850767374304
2014-12-01,601666.XSHG,0.0019686491719038
2014-12-01,601857.XSHG,0.2092953136567788
2014-12-01,601898.XSHG,0.0080939257825762
2014-12-01,601939.XSHG,0.0072702795027003
2014-12-01,601991.XSHG,0.0072577006902684
2015-01-05,000012.XSHE,0.0078653039118591
2015-01-05,000400.XSHE,0.0081616648408195
2015-01-05,000423.XSHE,0.0168158408423745
2015-01-05,000538.XSHE,0.0447259649317592
2015-01-05,000568.XSHE,0.0202811657388651
2015-01-05,000581.XSHE,0.012688082793418
2015-01-05,000729.XSHE,0.0137899271136482
2015-01-05,000858.XSHE,0.0593596659641438
2015-01-05,000860.XSHE,0.0055444652969739
2015-01-05,000869.XSHE,0.0112747015048481
2015-01-05,000999.XSHE,0.0149352965582443
2015-01-05,002001.XSHE,0.0110549473144671
2015-01-05,002024.XSHE,0.0305803909066645
2015-01-05,002038.XSHE,0.0100651055004243
2015-01-05,002092.XSHE,0.0066873246015877
2015-01-05,002241.XSHE,0.0203198114730106
2015-01-05,002294.XSHE,0.006943820577052
2015-01-05,002310.XSHE,0.0069176343605839
2015-01-05,002311.XSHE,0.0088042172376082
2015-01-05,002570.XSHE,0.0108199449932776
2015-01-05,002646.XSHE,0.0066120179884896
2015-01-05,600060.XSHG,0.0104696056298081
2015-01-05,600066.XSHG,0.0197483023627497
2015-01-05,600085.XSHG,0.008767789422536
2015-01-05,600089.XSHG,0.0267970139260476
2015-01-05,600166.XSHG,0.0110436367960993
2015-01-05,600183.XSHG,0.0075938405667221
2015-01-05,600196.XSHG,0.0272389529094858
2015-01-05,600216.XSHG,0.0069205918218672
2015-01-05,600252.XSHG,0.0120202614249008
2015-01-05,600256.XSHG,0.0178664601551604
2015-01-05,600267.XSHG,0.0094840571506739
2015-01-05,600276.XSHG,0.0383597246649835
2015-01-05,600426.XSHG,0.0071951645479808
2015-01-05,600433.XSHG,0.009248354341758
2015-01-05,600436.XSHG,0.0094100025425901
2015-01-05,600518.XSHG,0.0234811207485125
2015-01-05,600519.XSHG,0.152936349663693
2015-01-05,600535.XSHG,0.0284053760668057
2015-01-05,600585.XSHG,0.0600122143778544
2015-01-05,600597.XSHG,0.0146455129439317
2015-01-05,600600.XSHG,0.0195394701297035
2015-01-05,600690.XSHG,0.0361776074174551
2015-01-05,600703.XSHG,0.0209834878753035
2015-01-05,600729.XSHG,0.006420833382885
2015-01-05,600804.XSHG,0.0163660592147255
2015-01-05,600859.XSHG,0.0070413750866207
2015-01-05,600872.XSHG,0.0056788029340967
2015-01-05,601607.XSHG,0.0219728203278886
2015-01-05,601888.XSHG,0.0299279171170393
2015-02-02,000012.XSHE,0.0109624757288338
2015-02-02,000028.XSHE,0.0109058825930637
2015-02-02,000423.XSHE,0.0233864279196682
2015-02-02,000538.XSHE,0.0605795327002959
2015-02-02,000729.XSHE,0.0190747015408792
2015-02-02,000793.XSHE,0.0213258776452513
2015-02-02,000860.XSHE,0.0083734835529226
2015-02-02,000895.XSHE,0.0365405304179683
2015-02-02,000999.XSHE,0.0224218879155482
2015-02-02,002001.XSHE,0.0149450157630833
2015-02-02,002004.XSHE,0.0092719321962908
2015-02-02,002038.XSHE,0.014554994929021
2015-02-02,002041.XSHE,0.0104348473626637
2015-02-02,002050.XSHE,0.0105531376733007
2015-02-02,002078.XSHE,0.008325935087884
2015-02-02,002191.XSHE,0.0089957734348433
2015-02-02,002241.XSHE,0.0320941241203834
2015-02-02,002252.XSHE,0.0425276187389625
2015-02-02,002294.XSHE,0.0101297058799575
2015-02-02,002310.XSHE,0.0103616762087647
2015-02-02,002311.XSHE,0.0137835016016031
2015-02-02,002422.XSHE,0.0109504330379251
2015-02-02,002450.XSHE,0.0279968854522858
2015-02-02,002570.XSHE,0.0153917714452186
2015-02-02,002603.XSHE,0.0119810638318293
2015-02-02,600060.XSHG,0.0178324309013246
2015-02-02,600062.XSHG,0.0120400783385134
2015-02-02,600079.XSHG,0.0137470980135773
2015-02-02,600138.XSHG,0.0101761285745994
2015-02-02,600196.XSHG,0.0404100727216893
2015-02-02,600201.XSHG,0.0126402787543778
2015-02-02,600216.XSHG,0.0095944431331933
2015-02-02,600256.XSHG,0.024120676324163
2015-02-02,600267.XSHG,0.0136052831985743
2015-02-02,600276.XSHG,0.0588351119566922
2015-02-02,600315.XSHG,0.0232214059460005
2015-02-02,600329.XSHG,0.0081708248976313
2015-02-02,600332.XSHG,0.0288558764764588
2015-02-02,600422.XSHG,0.0089870690140408
2015-02-02,600436.XSHG,0.0155815470294367
2015-02-02,600518.XSHG,0.0343072665989216
2015-02-02,600522.XSHG,0.0116586305933302
2015-02-02,600535.XSHG,0.0422664720091759
2015-02-02,600572.XSHG,0.0107141742926532
2015-02-02,600587.XSHG,0.0125002377861539
2015-02-02,600597.XSHG,0.0203981248164678
2015-02-02,600600.XSHG,0.0267393087795225
2015-02-02,600703.XSHG,0.0385832631315318
2015-02-02,600872.XSHG,0.0093207803335014
2015-02-02,601607.XSHG,0.0298241996000184
2015-03-02,000012.XSHE,0.0085518149753586
2015-03-02,000423.XSHE,0.0176804558320495
2015-03-02,000538.XSHE,0.0462901206138449
2015-03-02,000876.XSHE,0.0195839755136989
2015-03-02,000999.XSHE,0.0167263025045167
2015-03-02,002001.XSHE,0.0119377526311354
2015-03-02,002004.XSHE,0.0082257590687797
2015-03-02,002007.XSHE,0.014741575125224
2015-03-02,002038.XSHE,0.0118102973655118
2015-03-02,002050.XSHE,0.0086835179439761
2015-03-02,002129.XSHE,0.0135319365741648
2015-03-02,002191.XSHE,0.0073613524295336
2015-03-02,002241.XSHE,0.0253311524965793
2015-03-02,002252.XSHE,0.0374046462235573
2015-03-02,002267.XSHE,0.0105757607797648
2015-03-02,002292.XSHE,0.0085171092280534
2015-03-02,002299.XSHE,0.0096196559110905
2015-03-02,002310.XSHE,0.00803744999761
2015-03-02,002422.XSHE,0.0089776006871038
2015-03-02,002429.XSHE,0.0109709927243541
2015-03-02,002450.XSHE,0.024111862306464
2015-03-02,002570.XSHE,0.0122978529491446
2015-03-02,002603.XSHE,0.0098809311731836
2015-03-02,300024.XSHE,0.0197101012235413
2015-03-02,600062.XSHG,0.0100684053726375
2015-03-02,600079.XSHG,0.0106316221708074
2015-03-02,600138.XSHG,0.007989171278113
2015-03-02,600166.XSHG,0.0118646166056924
2015-03-02,600196.XSHG,0.0309343038463741
2015-03-02,600216.XSHG,0.0074284156880415
2015-03-02,600256.XSHG,0.0188051267825058
2015-03-02,600267.XSHG,0.0107140636516577
2015-03-02,600276.XSHG,0.0425188260816171
2015-03-02,600315.XSHG,0.0179300405670271
2015-03-02,600332.XSHG,0.0229913025363728
2015-03-02,600436.XSHG,0.0113165112079422
2015-03-02,600499.XSHG,0.0100381386958679
2015-03-02,600519.XSHG,0.154740289133354
2015-03-02,600522.XSHG,0.0097346929670083
2015-03-02,600535.XSHG,0.0323587551875798
2015-03-02,600594.XSHG,0.0105853608560775
2015-03-02,600597.XSHG,0.0156646727622912
2015-03-02,600598.XSHG,0.0150286364051935
2015-03-02,600600.XSHG,0.0198450297621592
2015-03-02,600637.XSHG,0.0333423242219056
2015-03-02,600872.XSHG,0.007561119277943
2015-03-02,600887.XSHG,0.0598314403711624
2015-03-02,601098.XSHG,0.0240256808785298
2015-03-02,601311.XSHG,0.0090245605640486
2015-03-02,601607.XSHG,0.0244669168498477
2015-04-01,000423.XSHE,0.0168288944501466
2015-04-01,000538.XSHE,0.0427923834753856
2015-04-01,000652.XSHE,0.0082105152802508
2015-04-01,000661.XSHE,0.0095223199780575
2015-04-01,000738.XSHE,0.0164840116597203
2015-04-01,000748.XSHE,0.0116018472553385
2015-04-01,000848.XSHE,0.0073512707949214
2015-04-01,000895.XSHE,0.0273032579827062
2015-04-01,000998.XSHE,0.0117040089175481
2015-04-01,000999.XSHE,0.0158407479974212
2015-04-01,002007.XSHE,0.0153690539996711
2015-04-01,002008.XSHE,0.0131975048346977
2015-04-01,002038.XSHE,0.0124918720202018
2015-04-01,002056.XSHE,0.0073384662695563
2015-04-01,002241.XSHE,0.0249478292434488
2015-04-01,002252.XSHE,0.0343261754277135
2015-04-01,002294.XSHE,0.0080417427692482
2015-04-01,002310.XSHE,0.0081078445777081
2015-04-01,002375.XSHE,0.0128862344120847
2015-04-01,002399.XSHE,0.0171664842207589
2015-04-01,002414.XSHE,0.0078499484686416
2015-04-01,002450.XSHE,0.0226183166010698
2015-04-01,002475.XSHE,0.0189808114131536
2015-04-01,002570.XSHE,0.012857290771296
2015-04-01,600166.XSHG,0.0117794345107323
2015-04-01,600183.XSHG,0.0079113895268713
2015-04-01,600187.XSHG,0.0073713622245581
2015-04-01,600216.XSHG,0.0080327967159463
2015-04-01,600256.XSHG,0.0183889691457507
2015-04-01,600267.XSHG,0.0111534951946206
2015-04-01,600276.XSHG,0.0438257846567554
2015-04-01,600315.XSHG,0.0172085197509253
2015-04-01,600372.XSHG,0.033188943210304
2015-04-01,600432.XSHG,0.0083964896513481
2015-04-01,600499.XSHG,0.0095645518944809
2015-04-01,600517.XSHG,0.0098929980652735
2015-04-01,600519.XSHG,0.1348065472016503
2015-04-01,600535.XSHG,0.0303274239684803
2015-04-01,600572.XSHG,0.0090478740950684
2015-04-01,600600.XSHG,0.0180454745592436
2015-04-01,600648.XSHG,0.0173374487487763
2015-04-01,600757.XSHG,0.0096039744262735
2015-04-01,600867.XSHG,0.0127115345809588
2015-04-01,600872.XSHG,0.0072596616398577
2015-04-01,600887.XSHG,0.0571464650089081
2015-04-01,600893.XSHG,0.0263219589733199
2015-04-01,600900.XSHG,0.0641366301537262
2015-04-01,601258.XSHG,0.0134813654211082
2015-04-01,601777.XSHG,0.0074114458815177
2015-04-01,601933.XSHG,0.0218286279727956
2015-05-04,000001.XSHE,0.0236539600595593
2015-05-04,000002.XSHE,0.017131531613218
2015-05-04,000157.XSHE,0.0060605055743859
2015-05-04,000333.XSHE,0.0098153836503095
2015-05-04,000423.XSHE,0.0042130241826772
2015-05-04,000543.XSHE,0.0021164732723948
2015-05-04,000685.XSHE,0.0019482042117862
2015-05-04,000729.XSHE,0.0032090058770938
2015-05-04,000768.XSHE,0.0107411697498418
2015-05-04,000895.XSHE,0.0056451377669265
2015-05-04,000937.XSHE,0.0027253709741693
2015-05-04,000970.XSHE,0.0031346175554526
2015-05-04,000983.XSHE,0.0036427367068457
2015-05-04,000999.XSHE,0.0038367305901468
2015-05-04,600000.XSHG,0.0322386004357355
2015-05-04,600009.XSHG,0.0038040933648024
2015-05-04,600016.XSHG,0.0358597717639221
2015-05-04,600036.XSHG,0.0454417928262759
2015-05-04,600038.XSHG,0.0025467035466847
2015-05-04,600039.XSHG,0.0019367988614938
2015-05-04,600056.XSHG,0.002547251061985
2015-05-04,600104.XSHG,0.0362972204104696
2015-05-04,600108.XSHG,0.0027607312830309
2015-05-04,600166.XSHG,0.002647706379273
2015-05-04,600183.XSHG,0.0017813644726257
2015-05-04,600196.XSHG,0.006319696297887
2015-05-04,600256.XSHG,0.0039941625799835
2015-05-04,600276.XSHG,0.0101310547320021
2015-05-04,600307.XSHG,0.004497710620117
2015-05-04,600309.XSHG,0.0067461577630753
2015-05-04,600362.XSHG,0.0059382766649097
2015-05-04,600383.XSHG,0.0072406150751796
2015-05-04,600426.XSHG,0.0016634092843882
2015-05-04,600519.XSHG,0.0353197023119417
2015-05-04,600585.XSHG,0.0119496371215457
2015-05-04,600600.XSHG,0.0037640502620936
2015-05-04,600674.XSHG,0.0070992888447417
2015-05-04,600887.XSHG,0.0134556875651535
2015-05-04,600900.XSHG,0.01664520167024
2015-05-04,601006.XSHG,0.0253911582639977
2015-05-04,601088.XSHG,0.0460085381551286
2015-05-04,601118.XSHG,0.00599881197888
2015-05-04,601169.XSHG,0.0173825803896982
2015-05-04,601288.XSHG,0.1361532588659206
2015-05-04,601328.XSHG,0.0278527252078128
2015-05-04,601398.XSHG,0.176275085027154
2015-05-04,601666.XSHG,0.002156671091471
2015-05-04,601939.XSHG,0.00802963700409
2015-05-04,601988.XSHG,0.1234836026797608
2015-05-04,601998.XSHG,0.0307673943517193
2015-06-01,000423.XSHE,0.0113307672206953
2015-06-01,000538.XSHE,0.0227841429598856
2015-06-01,000651.XSHE,0.0544859670900644
2015-06-01,000685.XSHE,0.005493994827764
2015-06-01,000729.XSHE,0.0083103612221761
2015-06-01,000748.XSHE,0.0081864185493384
2015-06-01,000792.XSHE,0.0098064837946795
2015-06-01,000858.XSHE,0.0300413308443231
2015-06-01,000878.XSHE,0.0092995980738574
2015-06-01,000895.XSHE,0.013293697446664
2015-06-01,000937.XSHE,0.0066295496165848
2015-06-01,000960.XSHE,0.0084399992528912
2015-06-01,000983.XSHE,0.0087407335043025
2015-06-01,002001.XSHE,0.0076470819535913
2015-06-01,002092.XSHE,0.0048921184384802
2015-06-01,002142.XSHE,0.016056436195071
2015-06-01,002241.XSHE,0.0151879697196066
2015-06-01,002304.XSHE,0.0246577144227748
2015-06-01,600000.XSHG,0.0750428390451807
2015-06-01,600031.XSHG,0.0289010051845509
2015-06-01,600036.XSHG,0.1089448335027101
2015-06-01,600066.XSHG,0.0124486373778153
2015-06-01,600085.XSHG,0.0161091409556074
2015-06-01,600160.XSHG,0.0060084486273226
2015-06-01,600166.XSHG,0.0073462850209645
2015-06-01,600170.XSHG,0.0188107848430499
2015-06-01,600196.XSHG,0.0189412273719777
2015-06-01,600259.XSHG,0.0049432304106875
2015-06-01,600267.XSHG,0.0063469769479438
2015-06-01,600276.XSHG,0.0274531432045749
2015-06-01,600300.XSHG,0.0048675782307951
2015-06-01,600307.XSHG,0.0118398556046943
2015-06-01,600309.XSHG,0.0170839810968803
2015-06-01,600312.XSHG,0.005728510670415
2015-06-01,600332.XSHG,0.0130040128173849
2015-06-01,600362.XSHG,0.0153657272463086
2015-06-01,600535.XSHG,0.0164854977389122
2015-06-01,600585.XSHG,0.0297383411545579
2015-06-01,600600.XSHG,0.0101512962401989
2015-06-01,600664.XSHG,0.0069589734184468
2015-06-01,600674.XSHG,0.0163961274711415
2015-06-01,600887.XSHG,0.035042750017493
2015-06-01,600900.XSHG,0.0378849172611433
2015-06-01,601009.XSHG,0.0167535835275142
2015-06-01,601169.XSHG,0.0393619029408125
2015-06-01,601328.XSHG,0.0688031864594645
2015-06-01,601666.XSHG,0.0053838901810343
2015-06-01,601899.XSHG,0.0318247780165894
2015-06-01,601929.XSHG,0.0075463359665512
2015-06-01,601933.XSHG,0.0131978363145242
2015-07-01,000001.XSHE,0.0144460981863756
2015-07-01,000002.XSHE,0.0121747252383906
2015-07-01,000069.XSHE,0.003201624003198
2015-07-01,000333.XSHE,0.0070853957682915
2015-07-01,000338.XSHE,0.002759105460207
2015-07-01,000538.XSHE,0.0074149841347088
2015-07-01,000568.XSHE,0.0037887733234627
2015-07-01,000625.XSHE,0.0061083970492308
2015-07-01,000651.XSHE,0.0159672761388978
2015-07-01,000728.XSHE,0.0059022251475448
2015-07-01,000792.XSHE,0.003719640178989
2015-07-01,000858.XSHE,0.0102315655820711
2015-07-01,000895.XSHE,0.0032388536372989
2015-07-01,002142.XSHE,0.0051540990424677
2015-07-01,002304.XSHE,0.0072231577489864
2015-07-01,600000.XSHG,0.0214116396377174
2015-07-01,600015.XSHG,0.0084303271560289
2015-07-01,600016.XSHG,0.0248382788707434
2015-07-01,600028.XSHG,0.0568767533297484
2015-07-01,600036.XSHG,0.0330268436042427
2015-07-01,600066.XSHG,0.0032636969024717
2015-07-01,600104.XSHG,0.0209573673449025
2015-07-01,600276.XSHG,0.0076544813739239
2015-07-01,600309.XSHG,0.0043496975499058
2015-07-01,600315.XSHG,0.0024561578239332
2015-07-01,600383.XSHG,0.0047662329014684
2015-07-01,600398.XSHG,0.0024003186641549
2015-07-01,600409.XSHG,0.0019033917975475
2015-07-01,600519.XSHG,0.0258526953650333
2015-07-01,600535.XSHG,0.0044358704208417
2015-07-01,600585.XSHG,0.0071489983170531
2015-07-01,600600.XSHG,0.0027581593906594
2015-07-01,600690.XSHG,0.0068119205973669
2015-07-01,600809.XSHG,0.0020408858924249
2015-07-01,600887.XSHG,0.0095199571534849
2015-07-01,601006.XSHG,0.017449325106272
2015-07-01,601009.XSHG,0.005356213748572
2015-07-01,601166.XSHG,0.0236132864241199
2015-07-01,601169.XSHG,0.0117075762878744
2015-07-01,601288.XSHG,0.0928118798575273
2015-07-01,601318.XSHG,0.0374575490796485
2015-07-01,601328.XSHG,0.0237822862888526
2015-07-01,601398.XSHG,0.1218380101581775
2015-07-01,601601.XSHG,0.0157690171755114
2015-07-01,601818.XSHG,0.0180253392253451
2015-07-01,601857.XSHG,0.1528940087585975
2015-07-01,601888.XSHG,0.0058243783728088
2015-07-01,601939.XSHG,0.0054318804134211
2015-07-01,601988.XSHG,0.0880183618556286
2015-07-01,601998.XSHG,0.0207012925138672
2015-08-03,000001.XSHE,0.0134269161400189
2015-08-03,000002.XSHE,0.0125972362606578
2015-08-03,000333.XSHE,0.006844839326355
2015-08-03,000423.XSHE,0.0027267082554724
2015-08-03,000538.XSHE,0.0069463725657668
2015-08-03,000539.XSHE,0.0020552742247443
2015-08-03,000625.XSHE,0.0052298323949096
2015-08-03,000651.XSHE,0.0122373303897238
2015-08-03,000895.XSHE,0.003236397603399
2015-08-03,002142.XSHE,0.0040867208172111
2015-08-03,002252.XSHE,0.007850284843412
2015-08-03,002304.XSHE,0.0071555612970074
2015-08-03,002470.XSHE,0.0026897087224662
2015-08-03,600000.XSHG,0.0205890869981566
2015-08-03,600015.XSHG,0.0076674533726659
2015-08-03,600016.XSHG,0.02448992228687
2015-08-03,600019.XSHG,0.0105361428172372
2015-08-03,600028.XSHG,0.0490061846175981
2015-08-03,600036.XSHG,0.0331110242391517
2015-08-03,600066.XSHG,0.0034538194927275
2015-08-03,600104.XSHG,0.0193599287522474
2015-08-03,600276.XSHG,0.0082008914140064
2015-08-03,600309.XSHG,0.0041729119919519
2015-08-03,600315.XSHG,0.0023495455218356
2015-08-03,600340.XSHG,0.0073406628261624
2015-08-03,600383.XSHG,0.0048906658604286
2015-08-03,600398.XSHG,0.0020813889679219
2015-08-03,600519.XSHG,0.0233573441994077
2015-08-03,600535.XSHG,0.0039744828696933
2015-08-03,600585.XSHG,0.007016029554193
2015-08-03,600649.XSHG,0.0037083958780991
2015-08-03,600660.XSHG,0.0024383112340931
2015-08-03,600690.XSHG,0.0055123497291017
2015-08-03,600869.XSHG,0.0020739928192747
2015-08-03,600887.XSHG,0.0094740957650597
2015-08-03,601006.XSHG,0.0138504406900428
2015-08-03,601009.XSHG,0.0046441878724165
2015-08-03,601166.XSHG,0.022911744533877
2015-08-03,601169.XSHG,0.0100743744693307
2015-08-03,601288.XSHG,0.0915784231466789
2015-08-03,601318.XSHG,0.0320640499963702
2015-08-03,601328.XSHG,0.0202572477732825
2015-08-03,601398.XSHG,0.1164999030679133
2015-08-03,601601.XSHG,0.0141625833783495
2015-08-03,601628.XSHG,0.0535438723272989
2015-08-03,601818.XSHG,0.0163543818193904
2015-08-03,601857.XSHG,0.1518581475656533
2015-08-03,601939.XSHG,0.0052690449799511
2015-08-03,601988.XSHG,0.0832178721935836
2015-08-03,601998.XSHG,0.0218259121368313
2015-09-01,000001.XSHE,0.0129749609758902
2015-09-01,000002.XSHE,0.013137550813847
2015-09-01,000333.XSHE,0.0061335532056356
2015-09-01,000423.XSHE,0.0026804907189406
2015-09-01,000538.XSHE,0.0070786402235337
2015-09-01,000651.XSHE,0.0103223813994947
2015-09-01,000793.XSHE,0.0026734761458892
2015-09-01,000895.XSHE,0.0031804500138582
2015-09-01,000963.XSHE,0.0030730108650314
2015-09-01,002142.XSHE,0.0040709873259782
2015-09-01,002252.XSHE,0.0070766886180051
2015-09-01,002292.XSHE,0.0016984056945467
2015-09-01,002367.XSHE,0.0011202838370846
2015-09-01,600000.XSHG,0.0217336815968271
2015-09-01,600015.XSHG,0.0079140063171282
2015-09-01,600016.XSHG,0.0250151254318555
2015-09-01,600018.XSHG,0.0152625275921027
2015-09-01,600028.XSHG,0.0462088633419725
2015-09-01,600036.XSHG,0.0330035445773922
2015-09-01,600048.XSHG,0.0087853069899701
2015-09-01,600066.XSHG,0.0032442417781786
2015-09-01,600104.XSHG,0.0182679111710944
2015-09-01,600276.XSHG,0.0078718184074316
2015-09-01,600309.XSHG,0.0038723603862513
2015-09-01,600315.XSHG,0.0021408780268127
2015-09-01,600340.XSHG,0.006442292679595
2015-09-01,600398.XSHG,0.0019819773304464
2015-09-01,600519.XSHG,0.0231968361893484
2015-09-01,600535.XSHG,0.0035197112324327
2015-09-01,600585.XSHG,0.0069233703392057
2015-09-01,600660.XSHG,0.0023310713513937
2015-09-01,600690.XSHG,0.0052917856039894
2015-09-01,600887.XSHG,0.0092527475200235
2015-09-01,601006.XSHG,0.0143923902659242
2015-09-01,601009.XSHG,0.0044903995038412
2015-09-01,601088.XSHG,0.0250360758524172
2015-09-01,601166.XSHG,0.0228263343838025
2015-09-01,601169.XSHG,0.0107268506560702
2015-09-01,601238.XSHG,0.0065817212789857
2015-09-01,601288.XSHG,0.088279035080756
2015-09-01,601318.XSHG,0.0310390286896607
2015-09-01,601328.XSHG,0.0252079430818217
2015-09-01,601398.XSHG,0.1152639681097367
2015-09-01,601601.XSHG,0.0135578269411426
2015-09-01,601628.XSHG,0.0515351533885581
2015-09-01,601818.XSHG,0.0162253802713954
2015-09-01,601857.XSHG,0.1416795571848812
2015-09-01,601939.XSHG,0.005122264761273
2015-09-01,601988.XSHG,0.0810953718222552
2015-09-01,601998.XSHG,0.0194597610262891
2015-10-08,000001.XSHE,0.0124851236528698
2015-10-08,000002.XSHE,0.0125481906670443
2015-10-08,000024.XSHE,0.0031574830266419
2015-10-08,000333.XSHE,0.0060011347836662
2015-10-08,000423.XSHE,0.0027980607351994
2015-10-08,000538.XSHE,0.0067959799728321
2015-10-08,000568.XSHE,0.002928055077156
2015-10-08,000895.XSHE,0.0032517256160172
2015-10-08,000963.XSHE,0.0030163584061986
2015-10-08,002142.XSHE,0.0039186326437457
2015-10-08,002236.XSHE,0.002287572733349
2015-10-08,002252.XSHE,0.0080669840060361
2015-10-08,002353.XSHE,0.0023597552242141
2015-10-08,300316.XSHE,0.001868286748834
2015-10-08,600000.XSHG,0.0234101631863604
2015-10-08,600011.XSHG,0.0092998334332989
2015-10-08,600015.XSHG,0.0078958037345297
2015-10-08,600016.XSHG,0.0247717792955209
2015-10-08,600018.XSHG,0.016060399412073
2015-10-08,600028.XSHG,0.0461905072378963
2015-10-08,600036.XSHG,0.0361546034866151
2015-10-08,600066.XSHG,0.0035863282662511
2015-10-08,600104.XSHG,0.0193671718987301
2015-10-08,600276.XSHG,0.0092482927412193
2015-10-08,600340.XSHG,0.0060597435883728
2015-10-08,600383.XSHG,0.0051595367666666
2015-10-08,600398.XSHG,0.0021112147064294
2015-10-08,600519.XSHG,0.0245271432052541
2015-10-08,600585.XSHG,0.0071048291107331
2015-10-08,600674.XSHG,0.004638728597904
2015-10-08,600690.XSHG,0.0050866789782027
2015-10-08,600879.XSHG,0.0016914051921012
2015-10-08,600886.XSHG,0.0061311142150481
2015-10-08,600887.XSHG,0.0094261403438511
2015-10-08,601006.XSHG,0.0132556689486291
2015-10-08,601009.XSHG,0.0043317625685265
2015-10-08,601088.XSHG,0.0245499620131983
2015-10-08,601166.XSHG,0.0236865139703289
2015-10-08,601169.XSHG,0.0109857697500098
2015-10-08,601288.XSHG,0.0895277315125392
2015-10-08,601318.XSHG,0.0328739226929049
2015-10-08,601328.XSHG,0.0239781436461709
2015-10-08,601398.XSHG,0.1167324316187329
2015-10-08,601601.XSHG,0.0141440197954394
2015-10-08,601628.XSHG,0.0533128596596148
2015-10-08,601818.XSHG,0.0155049433072153
2015-10-08,601857.XSHG,0.1350909874391984
2015-10-08,601939.XSHG,0.0050072122208016
2015-10-08,601988.XSHG,0.0787533822946813
2015-10-08,601998.XSHG,0.0188599278711439
2015-11-02,000001.XSHE,0.0131678047376482
2015-11-02,000002.XSHE,0.013188163656649
2015-11-02,000024.XSHE,0.0034504194578853
2015-11-02,000333.XSHE,0.0063640762044194
2015-11-02,000423.XSHE,0.0030950368590731
2015-11-02,000568.XSHE,0.0033574699379066
2015-11-02,002142.XSHE,0.0044084337088275
2015-11-02,002236.XSHE,0.0023970428796148
2015-11-02,002252.XSHE,0.0078559485658119
2015-11-02,002415.XSHE,0.0110380489565842
2015-11-02,002450.XSHE,0.0049655920095518
2015-11-02,002475.XSHE,0.0039817654405548
2015-11-02,002701.XSHE,0.0017771398176367
2015-11-02,600000.XSHG,0.0306524522904205
2015-11-02,600009.XSHG,0.003394439598229
2015-11-02,600015.XSHG,0.008162341898587
2015-11-02,600016.XSHG,0.0252423333460634
2015-11-02,600018.XSHG,0.0161556145093822
2015-11-02,600028.XSHG,0.0472704719149454
2015-11-02,600036.XSHG,0.0368320021454769
2015-11-02,600048.XSHG,0.0091757540497778
2015-11-02,600066.XSHG,0.0040218763558577
2015-11-02,600196.XSHG,0.004701893330228
2015-11-02,600276.XSHG,0.0100538174994131
2015-11-02,600312.XSHG,0.001629524179621
2015-11-02,600315.XSHG,0.0025475370156754
2015-11-02,600340.XSHG,0.00652281977931
2015-11-02,600499.XSHG,0.0014876485683851
2015-11-02,600518.XSHG,0.0071204235979637
2015-11-02,600519.XSHG,0.0267384696986816
2015-11-02,600585.XSHG,0.0070371439940517
2015-11-02,600674.XSHG,0.0046153809946787
2015-11-02,600703.XSHG,0.0053929078263287
2015-11-02,600750.XSHG,0.0011328561462683
2015-11-02,600887.XSHG,0.0092117314020176
2015-11-02,601006.XSHG,0.0134431789200105
2015-11-02,601009.XSHG,0.0049471004125953
2015-11-02,601166.XSHG,0.0244810291666371
2015-11-02,601288.XSHG,0.091576991010226
2015-11-02,601318.XSHG,0.0358186604250332
2015-11-02,601328.XSHG,0.0244869247110435
2015-11-02,601398.XSHG,0.1220323496352073
2015-11-02,601601.XSHG,0.0155872806463623
2015-11-02,601628.XSHG,0.0534441208321869
2015-11-02,601818.XSHG,0.0161055085473972
2015-11-02,601857.XSHG,0.1383095210600773
2015-11-02,601888.XSHG,0.0050521366664993
2015-11-02,601939.XSHG,0.0052165217478375
2015-11-02,601988.XSHG,0.0812563408755348
2015-11-02,601998.XSHG,0.0200959529698234
2015-12-01,000001.XSHE,0.0154747268746788
2015-12-01,000002.XSHE,0.0179666084580908
2015-12-01,000024.XSHE,0.0041158123385132
2015-12-01,000333.XSHE,0.0069533345510968
2015-12-01,000402.XSHE,0.0034392867877626
2015-12-01,000423.XSHE,0.0034229129194831
2015-12-01,000543.XSHE,0.0017363805913853
2015-12-01,000568.XSHE,0.0037174006254408
2015-12-01,000651.XSHE,0.0127222977540872
2015-12-01,002142.XSHE,0.005377581303713
2015-12-01,002203.XSHE,0.0017554502040454
2015-12-01,002236.XSHE,0.0027891180113242
2015-12-01,002252.XSHE,0.0088173958801248
2015-12-01,002450.XSHE,0.0058573331202182
2015-12-01,600000.XSHG,0.0388351710572526
2015-12-01,600009.XSHG,0.0035648687251395
2015-12-01,600015.XSHG,0.0097371229111401
2015-12-01,600016.XSHG,0.0282564909263835
2015-12-01,600028.XSHG,0.0525613906742135
2015-12-01,600036.XSHG,0.0393804733985672
2015-12-01,600048.XSHG,0.0126713540712596
2015-12-01,600085.XSHG,0.0043166158226448
2015-12-01,600104.XSHG,0.0240738561326826
2015-12-01,600276.XSHG,0.0109538890421882
2015-12-01,600315.XSHG,0.0029994014877422
2015-12-01,600340.XSHG,0.0080233127645466
2015-12-01,600383.XSHG,0.0068526954213449
2015-12-01,600519.XSHG,0.0299653701286221
2015-12-01,600649.XSHG,0.0054598303357622
2015-12-01,600674.XSHG,0.0052455262817646
2015-12-01,600703.XSHG,0.0065905194700424
2015-12-01,600741.XSHG,0.0046315659796234
2015-12-01,600887.XSHG,0.0098344573818728
2015-12-01,600900.XSHG,0.0143315487941731
2015-12-01,600967.XSHG,0.0016430248119974
2015-12-01,601006.XSHG,0.0146796073152274
2015-12-01,601009.XSHG,0.0055981050909222
2015-12-01,601166.XSHG,0.0283414325475664
2015-12-01,601169.XSHG,0.0130782214695109
2015-12-01,601288.XSHG,0.1023617055609734
2015-12-01,601318.XSHG,0.0412380605752828
2015-12-01,601328.XSHG,0.0276770766494797
2015-12-01,601398.XSHG,0.1368689306438333
2015-12-01,601601.XSHG,0.0187769489120379
2015-12-01,601628.XSHG,0.0620790016170354
2015-12-01,601877.XSHG,0.0037322081614193
2015-12-01,601888.XSHG,0.0055375169178914
2015-12-01,601939.XSHG,0.0060797604427738
2015-12-01,601988.XSHG,0.0945321474828444
2015-12-01,601998.XSHG,0.0253451515742719
2016-01-04,000001.XSHE,0.0181976447818874
2016-01-04,000063.XSHE,0.0077964604641548
2016-01-04,000333.XSHE,0.0090603919218895
2016-01-04,000423.XSHE,0.0043221621227652
2016-01-04,000538.XSHE,0.0096171486782953
2016-01-04,000568.XSHE,0.0047664790608599
2016-01-04,000581.XSHE,0.002599631302794
2016-01-04,002007.XSHE,0.0027542987140473
2016-01-04,002050.XSHE,0.0019800847605802
2016-01-04,002142.XSHE,0.0067556437387377
2016-01-04,002236.XSHE,0.0030693061439953
2016-01-04,002450.XSHE,0.0067392965286425
2016-01-04,600000.XSHG,0.045178700286234
2016-01-04,600015.XSHG,0.0121079722641319
2016-01-04,600016.XSHG,0.0363099209384304
2016-01-04,600020.XSHG,0.0018989809064262
2016-01-04,600036.XSHG,0.0485036932527083
2016-01-04,600050.XSHG,0.0167281605735178
2016-01-04,600066.XSHG,0.0055167455014565
2016-01-04,600104.XSHG,0.0295993427652222
2016-01-04,600138.XSHG,0.0020165633075014
2016-01-04,600196.XSHG,0.0056784952926415
2016-01-04,600276.XSHG,0.0125181033487
2016-01-04,600340.XSHG,0.0101592448316501
2016-01-04,600406.XSHG,0.0047210628741502
2016-01-04,600422.XSHG,0.0016922288196889
2016-01-04,600436.XSHG,0.0033898440603533
2016-01-04,600489.XSHG,0.0037484691191583
2016-01-04,600498.XSHG,0.0036080590357767
2016-01-04,600519.XSHG,0.0358982061491448
2016-01-04,600535.XSHG,0.0053726992129288
2016-01-04,600547.XSHG,0.0038107122569355
2016-01-04,600585.XSHG,0.0087457616925262
2016-01-04,600637.XSHG,0.0074188400176313
2016-01-04,600663.XSHG,0.0086094103430063
2016-01-04,600674.XSHG,0.0060797259627384
2016-01-04,600741.XSHG,0.0054972928701485
2016-01-04,600887.XSHG,0.0122851672243177
2016-01-04,600900.XSHG,0.0174382787962717
2016-01-04,601009.XSHG,0.0066655875046145
2016-01-04,601098.XSHG,0.0053005379582198
2016-01-04,601166.XSHG,0.0361709451346371
2016-01-04,601288.XSHG,0.1248353723688216
2016-01-04,601318.XSHG,0.0501887608890348
2016-01-04,601328.XSHG,0.0324184298760151
2016-01-04,601398.XSHG,0.163250167659377
2016-01-04,601601.XSHG,0.0232672847583222
2016-01-04,601888.XSHG,0.0074174577511647
2016-01-04,601939.XSHG,0.0073101502969566
2016-01-04,601988.XSHG,0.1109850758807883
2016-02-01,000001.XSHE,0.0129665535823171
2016-02-01,000063.XSHE,0.0053825312872312
2016-02-01,000100.XSHE,0.0036896948337642
2016-02-01,000333.XSHE,0.006868607815574
2016-02-01,000423.XSHE,0.00327615375365
2016-02-01,000538.XSHE,0.0069255782277353
2016-02-01,000568.XSHE,0.0033310450333626
2016-02-01,000623.XSHE,0.0020902720103762
2016-02-01,000625.XSHE,0.0055817043140411
2016-02-01,000651.XSHE,0.012344017126012
2016-02-01,000858.XSHE,0.0102194874283359
2016-02-01,000963.XSHE,0.0032802412045029
2016-02-01,002007.XSHE,0.0025301646165938
2016-02-01,002142.XSHE,0.0046099414567361
2016-02-01,002236.XSHE,0.0021150071971712
2016-02-01,002252.XSHE,0.008508555435332
2016-02-01,002701.XSHE,0.0015577098326775
2016-02-01,600000.XSHG,0.0344993477759767
2016-02-01,600009.XSHG,0.0030911620272417
2016-02-01,600015.XSHG,0.0081243397707883
2016-02-01,600016.XSHG,0.0281559177944524
2016-02-01,600028.XSHG,0.0460576463756374
2016-02-01,600036.XSHG,0.0340370639327685
2016-02-01,600066.XSHG,0.003817041630114
2016-02-01,600104.XSHG,0.0229745800825867
2016-02-01,600196.XSHG,0.0038771993243998
2016-02-01,600216.XSHG,0.0012087701503189
2016-02-01,600276.XSHG,0.0097621214913894
2016-02-01,600519.XSHG,0.0283431100334419
2016-02-01,600741.XSHG,0.0039842242072027
2016-02-01,600867.XSHG,0.0029021157955041
2016-02-01,600887.XSHG,0.0089471973715476
2016-02-01,600900.XSHG,0.0132729467394414
2016-02-01,601006.XSHG,0.011081694419485
2016-02-01,601009.XSHG,0.0047821640241449
2016-02-01,601166.XSHG,0.0305387713974867
2016-02-01,601169.XSHG,0.0132384221095573
2016-02-01,601288.XSHG,0.0969044246415595
2016-02-01,601318.XSHG,0.0358563446891082
2016-02-01,601328.XSHG,0.0228780939573758
2016-02-01,601398.XSHG,0.1217900702586382
2016-02-01,601601.XSHG,0.0161864274885223
2016-02-01,601607.XSHG,0.0032783936266714
2016-02-01,601628.XSHG,0.0462387519044919
2016-02-01,601668.XSHG,0.0168248155133285
2016-02-01,601818.XSHG,0.0155289688153694
2016-02-01,601857.XSHG,0.131586504144024
2016-02-01,601888.XSHG,0.0050095494723151
2016-02-01,601939.XSHG,0.0050541641978503
2016-02-01,601988.XSHG,0.0748903896818443
2016-03-01,000001.XSHE,0.0132728050324837
2016-03-01,000063.XSHE,0.0055036504506758
2016-03-01,000100.XSHE,0.0039617353138521
2016-03-01,000157.XSHE,0.003020919011822
2016-03-01,000333.XSHE,0.0070020268898077
2016-03-01,000423.XSHE,0.0034290344318385
2016-03-01,000538.XSHE,0.0066636666901749
2016-03-01,000568.XSHE,0.0032693778578273
2016-03-01,000625.XSHE,0.0055171947366535
2016-03-01,000725.XSHE,0.0067963275177883
2016-03-01,000858.XSHE,0.0100451058974975
2016-03-01,002007.XSHE,0.0024045749577933
2016-03-01,002142.XSHE,0.0048714577515895
2016-03-01,002252.XSHE,0.0090188779862839
2016-03-01,002385.XSHE,0.0019399642727194
2016-03-01,002475.XSHE,0.0041368438800645
2016-03-01,002701.XSHE,0.0015984395651287
2016-03-01,600009.XSHG,0.0034617116131
2016-03-01,600015.XSHG,0.0084741566217417
2016-03-01,600016.XSHG,0.0288782475410672
2016-03-01,600028.XSHG,0.0488499779731581
2016-03-01,600036.XSHG,0.0350327639177825
2016-03-01,600066.XSHG,0.0041306167106296
2016-03-01,600104.XSHG,0.023516815551641
2016-03-01,600196.XSHG,0.0040096884147003
2016-03-01,600221.XSHG,0.0041899322117277
2016-03-01,600276.XSHG,0.0101115266973175
2016-03-01,600315.XSHG,0.0022893899622718
2016-03-01,600518.XSHG,0.0067338187442509
2016-03-01,600519.XSHG,0.0318060841077352
2016-03-01,600585.XSHG,0.0067275182146076
2016-03-01,600674.XSHG,0.0039803225951219
2016-03-01,600887.XSHG,0.0092109716565526
2016-03-01,600900.XSHG,0.0129695664664414
2016-03-01,601009.XSHG,0.0050935657023243
2016-03-01,601088.XSHG,0.0263998489264069
2016-03-01,601166.XSHG,0.0313172956112847
2016-03-01,601169.XSHG,0.0141755566808638
2016-03-01,601288.XSHG,0.1019201285064225
2016-03-01,601318.XSHG,0.0367425578189789
2016-03-01,601328.XSHG,0.0235688695524731
2016-03-01,601398.XSHG,0.1259517999676703
2016-03-01,601601.XSHG,0.0173444073683695
2016-03-01,601668.XSHG,0.0181622804708813
2016-03-01,601818.XSHG,0.0157827245597743
2016-03-01,601857.XSHG,0.1373968958529038
2016-03-01,601899.XSHG,0.0060455433128955
2016-03-01,601939.XSHG,0.0050822987045419
2016-03-01,601988.XSHG,0.0781824550499415
2016-03-01,601998.XSHG,0.0200086606704184
2016-04-01,000001.XSHE,0.0133364073499362
2016-04-01,000100.XSHE,0.0036222308367716
2016-04-01,000157.XSHE,0.003067456368805
2016-04-01,000333.XSHE,0.0072639698033676
2016-04-01,000423.XSHE,0.0033430834361532
2016-04-01,000538.XSHE,0.0067217467781263
2016-04-01,000568.XSHE,0.0036369658308242
2016-04-01,000625.XSHE,0.0055290864023721
2016-04-01,000725.XSHE,0.0065195122440496
2016-04-01,000858.XSHE,0.0112600980777128
2016-04-01,000895.XSHE,0.0040662311740416
2016-04-01,000963.XSHE,0.0031816703466446
2016-04-01,002007.XSHE,0.0023270558868712
2016-04-01,002142.XSHE,0.0049074381500085
2016-04-01,002311.XSHE,0.0026103444365236
2016-04-01,002450.XSHE,0.0050051506816325
2016-04-01,002475.XSHE,0.0037281678730997
2016-04-01,600000.XSHG,0.0359421443003378
2016-04-01,600009.XSHG,0.0034617450059544
2016-04-01,600015.XSHG,0.0084410640327913
2016-04-01,600016.XSHG,0.0289404912128746
2016-04-01,600028.XSHG,0.0496263723329748
2016-04-01,600036.XSHG,0.0355725499199133
2016-04-01,600066.XSHG,0.0039138254244017
2016-04-01,600104.XSHG,0.023803585860009
2016-04-01,600276.XSHG,0.0098256647319601
2016-04-01,600518.XSHG,0.0072613392042781
2016-04-01,600519.XSHG,0.032631276174317
2016-04-01,600521.XSHG,0.0021730462672577
2016-04-01,600535.XSHG,0.0042714159857263
2016-04-01,600585.XSHG,0.0071938268259465
2016-04-01,600660.XSHG,0.0031779731579868
2016-04-01,600741.XSHG,0.00413688039055
2016-04-01,600887.XSHG,0.0092529213121197
2016-04-01,600900.XSHG,0.0128910657432561
2016-04-01,601009.XSHG,0.0050850147902592
2016-04-01,601088.XSHG,0.0248191425951222
2016-04-01,601166.XSHG,0.0315211164023065
2016-04-01,601169.XSHG,0.0134711418531053
2016-04-01,601288.XSHG,0.0997308267754103
2016-04-01,601318.XSHG,0.0365977767855414
2016-04-01,601328.XSHG,0.0234211413224649
2016-04-01,601398.XSHG,0.1228735637885541
2016-04-01,601601.XSHG,0.0175704670075322
2016-04-01,601668.XSHG,0.0182537560109593
2016-04-01,601818.XSHG,0.0159491792073615
2016-04-01,601857.XSHG,0.1314574720310307
2016-04-01,601899.XSHG,0.0055107151375066
2016-04-01,601939.XSHG,0.0049213019787103
2016-04-01,601988.XSHG,0.076173580754538
2016-05-03,000001.XSHE,0.0130822710649963
2016-05-03,000100.XSHE,0.0033412255742684
2016-05-03,000333.XSHE,0.0078607001756472
2016-05-03,000423.XSHE,0.0031795996761311
2016-05-03,000858.XSHE,0.0122104371338178
2016-05-03,000895.XSHE,0.0040680306905674
2016-05-03,002007.XSHE,0.0025993218368352
2016-05-03,002142.XSHE,0.0051128231346211
2016-05-03,002252.XSHE,0.0079461463048939
2016-05-03,002415.XSHE,0.0103289017196138
2016-05-03,002475.XSHE,0.0037097773090767
2016-05-03,002508.XSHE,0.0026200187510166
2016-05-03,002594.XSHE,0.0050433181523368
2016-05-03,300015.XSHE,0.0026349477867174
2016-05-03,300017.XSHE,0.0033818095785106
2016-05-03,300072.XSHE,0.002521350330249
2016-05-03,600000.XSHG,0.0350750695777799
2016-05-03,600015.XSHG,0.0113880380366952
2016-05-03,600016.XSHG,0.0287651742153852
2016-05-03,600019.XSHG,0.0096127156332323
2016-05-03,600028.XSHG,0.0480937267393067
2016-05-03,600036.XSHG,0.0378905539162129
2016-05-03,600066.XSHG,0.0040987182405287
2016-05-03,600104.XSHG,0.0235122086043713
2016-05-03,600177.XSHG,0.0035375318476332
2016-05-03,600276.XSHG,0.0096689361811004
2016-05-03,600309.XSHG,0.0036194115751153
2016-05-03,600406.XSHG,0.0032846536342912
2016-05-03,600518.XSHG,0.0069636037150977
2016-05-03,600519.XSHG,0.0338931597308055
2016-05-03,600741.XSHG,0.0040343655179729
2016-05-03,600837.XSHG,0.0127136271701697
2016-05-03,600887.XSHG,0.009635609716549
2016-05-03,600900.XSHG,0.0125104859887825
2016-05-03,601009.XSHG,0.0052899479932345
2016-05-03,601012.XSHG,0.0021347915739024
2016-05-03,601088.XSHG,0.0251391430313743
2016-05-03,601166.XSHG,0.0319301866801353
2016-05-03,601169.XSHG,0.0135447484653392
2016-05-03,601288.XSHG,0.0958162859029455
2016-05-03,601318.XSHG,0.0358219207547232
2016-05-03,601328.XSHG,0.0221579104442931
2016-05-03,601398.XSHG,0.1197468261267762
2016-05-03,601601.XSHG,0.0178166118425206
2016-05-03,601668.XSHG,0.017406957234577
2016-05-03,601818.XSHG,0.0152441476827001
2016-05-03,601857.XSHG,0.1261905075289863
2016-05-03,601899.XSHG,0.005395580856609
2016-05-03,601939.XSHG,0.004718926773206
2016-05-03,601988.XSHG,0.0737072378483462
2016-06-01,000001.XSHE,0.013262793122022
2016-06-01,000423.XSHE,0.0031273575904164
2016-06-01,000538.XSHE,0.0067232675649042
2016-06-01,000725.XSHE,0.0059108323485183
2016-06-01,000729.XSHE,0.002109696817977
2016-06-01,000858.XSHE,0.0117876170820379
2016-06-01,000895.XSHE,0.0040293058653138
2016-06-01,000963.XSHE,0.0029446751718399
2016-06-01,002007.XSHE,0.0026352889220429
2016-06-01,002142.XSHE,0.0052643506481075
2016-06-01,002304.XSHE,0.0089677336305094
2016-06-01,002415.XSHE,0.0103645392390361
2016-06-01,002594.XSHE,0.0046866823961884
2016-06-01,300017.XSHE,0.0035232920573663
2016-06-01,600000.XSHG,0.0352182651673153
2016-06-01,600009.XSHG,0.0031381965657847
2016-06-01,600015.XSHG,0.0112907074730025
2016-06-01,600016.XSHG,0.0275445333475087
2016-06-01,600019.XSHG,0.0089670098600315
2016-06-01,600028.XSHG,0.0479058704528787
2016-06-01,600036.XSHG,0.0381771885751129
2016-06-01,600066.XSHG,0.0038506736640859
2016-06-01,600104.XSHG,0.0231282527971869
2016-06-01,600177.XSHG,0.0035013273215989
2016-06-01,600276.XSHG,0.0092521528104229
2016-06-01,600518.XSHG,0.0069423042168139
2016-06-01,600519.XSHG,0.0343947336277733
2016-06-01,600521.XSHG,0.0025893635336021
2016-06-01,600585.XSHG,0.0062521338041711
2016-06-01,600600.XSHG,0.0021294056775737
2016-06-01,600741.XSHG,0.0039494480201282
2016-06-01,600837.XSHG,0.0131027696717669
2016-06-01,600887.XSHG,0.0096126664509499
2016-06-01,600900.XSHG,0.0125941466130642
2016-06-01,601009.XSHG,0.0054760000975121
2016-06-01,601088.XSHG,0.0237581736003725
2016-06-01,601166.XSHG,0.0319173902339223
2016-06-01,601169.XSHG,0.0139949148267872
2016-06-01,601288.XSHG,0.0964476563973052
2016-06-01,601318.XSHG,0.0362564285648903
2016-06-01,601328.XSHG,0.0224071955682195
2016-06-01,601398.XSHG,0.1214520595762386
2016-06-01,601601.XSHG,0.017644323741252
2016-06-01,601607.XSHG,0.0036345458188744
2016-06-01,601668.XSHG,0.0168831629803715
2016-06-01,601818.XSHG,0.0152888006343462
2016-06-01,601857.XSHG,0.1230248214024476
2016-06-01,601899.XSHG,0.0050194790481747
2016-06-01,601939.XSHG,0.0048494085052526
2016-06-01,601988.XSHG,0.0730670568969786
2016-07-01,000001.XSHE,0.0150752394879979
2016-07-01,000333.XSHE,0.009641805465933
2016-07-01,000423.XSHE,0.0040237100304404
2016-07-01,000538.XSHE,0.0078374499712019
2016-07-01,000568.XSHE,0.0049498085859556
2016-07-01,000623.XSHE,0.0023663490859137
2016-07-01,000858.XSHE,0.0145347537283286
2016-07-01,000895.XSHE,0.0045471527794505
2016-07-01,002007.XSHE,0.003010439804363
2016-07-01,002008.XSHE,0.0027493342379901
2016-07-01,002085.XSHE,0.003329201496089
2016-07-01,002304.XSHE,0.0104257593627096
2016-07-01,002415.XSHE,0.0124322629188528
2016-07-01,002475.XSHE,0.0042355981459799
2016-07-01,002594.XSHE,0.0057841199610433
2016-07-01,002736.XSHE,0.0044480574102996
2016-07-01,300017.XSHE,0.0040639911144899
2016-07-01,600000.XSHG,0.0386422241119724
2016-07-01,600015.XSHG,0.0125267421618211
2016-07-01,600016.XSHG,0.0312177535451421
2016-07-01,600028.XSHG,0.0531288688167794
2016-07-01,600036.XSHG,0.0430225371873442
2016-07-01,600048.XSHG,0.0109050382245486
2016-07-01,600066.XSHG,0.0044876944580523
2016-07-01,600104.XSHG,0.0265810295455767
2016-07-01,600177.XSHG,0.0036190777969743
2016-07-01,600266.XSHG,0.0022773267869327
2016-07-01,600276.XSHG,0.011153571966575
2016-07-01,600376.XSHG,0.0029306706037069
2016-07-01,600518.XSHG,0.0079017503990664
2016-07-01,600519.XSHG,0.0425254416212213
2016-07-01,600703.XSHG,0.0055660218113469
2016-07-01,600837.XSHG,0.0147513665093399
2016-07-01,600886.XSHG,0.0053061987056488
2016-07-01,600887.XSHG,0.0120832443419987
2016-07-01,600900.XSHG,0.0144688570372346
2016-07-01,601009.XSHG,0.0064297954385251
2016-07-01,601166.XSHG,0.0345957961398007
2016-07-01,601169.XSHG,0.0156801936770284
2016-07-01,601288.XSHG,0.1120086530136206
2016-07-01,601318.XSHG,0.041237092113032
2016-07-01,601328.XSHG,0.0262804230938257
2016-07-01,601336.XSHG,0.010018374260663
2016-07-01,601398.XSHG,0.1425652841268349
2016-07-01,601601.XSHG,0.0201018247531996
2016-07-01,601668.XSHG,0.0187465730799999
2016-07-01,601688.XSHG,0.0121580722055395
2016-07-01,601818.XSHG,0.0179426991603897
2016-07-01,601939.XSHG,0.0054020408960847
2016-07-01,601988.XSHG,0.0802827288231324
2016-08-01,000001.XSHE,0.0167584410697648
2016-08-01,000166.XSHE,0.0054371718926728
2016-08-01,000338.XSHE,0.0023001776700775
2016-08-01,000623.XSHE,0.0025068311140191
2016-08-01,000963.XSHE,0.0036778716923736
2016-08-01,002142.XSHE,0.0065622969146835
2016-08-01,600000.XSHG,0.0400143451300962
2016-08-01,600009.XSHG,0.0037425323092581
2016-08-01,600015.XSHG,0.013188762848328
2016-08-01,600016.XSHG,0.0336295212716357
2016-08-01,600028.XSHG,0.0566126551541766
2016-08-01,600036.XSHG,0.0437427861027123
2016-08-01,600050.XSHG,0.0109619149718497
2016-08-01,600066.XSHG,0.0053777591731667
2016-08-01,600089.XSHG,0.0034440676538196
2016-08-01,600104.XSHG,0.0315170636469216
2016-08-01,600177.XSHG,0.0040453729988514
2016-08-01,600196.XSHG,0.0048953436201731
2016-08-01,600276.XSHG,0.012484685040723
2016-08-01,600340.XSHG,0.0082487848177619
2016-08-01,600406.XSHG,0.0040074774076686
2016-08-01,600535.XSHG,0.0050698607558728
2016-08-01,600583.XSHG,0.0035932254403226
2016-08-01,600660.XSHG,0.0039579982088615
2016-08-01,600674.XSHG,0.0049878439122554
2016-08-01,600703.XSHG,0.0056781224175194
2016-08-01,600741.XSHG,0.0051140939370779
2016-08-01,600795.XSHG,0.0072275963064286
2016-08-01,600820.XSHG,0.0035895815093164
2016-08-01,600837.XSHG,0.0151614578037478
2016-08-01,600886.XSHG,0.0060053839751948
2016-08-01,600900.XSHG,0.0161068513990822
2016-08-01,601006.XSHG,0.0112849240829505
2016-08-01,601009.XSHG,0.0073276085945382
2016-08-01,601088.XSHG,0.0304295450637873
2016-08-01,601166.XSHG,0.0367077214716953
2016-08-01,601169.XSHG,0.0157847081033363
2016-08-01,601288.XSHG,0.1132373955471919
2016-08-01,601318.XSHG,0.0431593697707914
2016-08-01,601328.XSHG,0.0273718369659349
2016-08-01,601336.XSHG,0.0102057994306199
2016-08-01,601398.XSHG,0.1440899638344243
2016-08-01,601607.XSHG,0.0047111984132356
2016-08-01,601668.XSHG,0.0212901836317825
2016-08-01,601818.XSHG,0.0189666084954543
2016-08-01,601888.XSHG,0.0054173660939684
2016-08-01,601933.XSHG,0.0034878577311343
2016-08-01,601939.XSHG,0.0060270982689755
2016-08-01,601988.XSHG,0.0871466378118446
2016-08-01,601998.XSHG,0.0237062985219194
2016-09-01,000001.XSHE,0.0147913101254778
2016-09-01,000063.XSHE,0.0053592827941052
2016-09-01,000166.XSHE,0.0049201886707974
2016-09-01,000598.XSHE,0.0018688434904891
2016-09-01,000623.XSHE,0.0022599597119308
2016-09-01,000671.XSHE,0.0022097512066745
2016-09-01,000725.XSHE,0.0061692706186049
2016-09-01,000776.XSHE,0.0105497019890118
2016-09-01,000826.XSHE,0.0031127299381903
2016-09-01,000963.XSHE,0.0031092860025203
2016-09-01,002252.XSHE,0.0091145791559247
2016-09-01,600000.XSHG,0.0360210527901183
2016-09-01,600008.XSHG,0.0021143734427736
2016-09-01,600009.XSHG,0.0032391259726047
2016-09-01,600015.XSHG,0.0119685058075021
2016-09-01,600016.XSHG,0.0293377588356793
2016-09-01,600023.XSHG,0.0017003154938132
2016-09-01,600028.XSHG,0.0508063352178134
2016-09-01,600036.XSHG,0.0410915148781165
2016-09-01,600089.XSHG,0.0030463827504953
2016-09-01,600138.XSHG,0.0015786868111722
2016-09-01,600196.XSHG,0.0048447643180216
2016-09-01,600201.XSHG,0.0018393273945872
2016-09-01,600276.XSHG,0.0109187420738704
2016-09-01,600315.XSHG,0.0020826339270706
2016-09-01,600406.XSHG,0.0036362614811995
2016-09-01,600535.XSHG,0.0044041989496525
2016-09-01,600585.XSHG,0.007231191657418
2016-09-01,600674.XSHG,0.0042902020308355
2016-09-01,600795.XSHG,0.0063695601877584
2016-09-01,600823.XSHG,0.0020665158507816
2016-09-01,600837.XSHG,0.0135998641161627
2016-09-01,600900.XSHG,0.014262818850647
2016-09-01,601006.XSHG,0.0100037623377383
2016-09-01,601009.XSHG,0.006690275020947
2016-09-01,601088.XSHG,0.0263215999395279
2016-09-01,601166.XSHG,0.0326924962566845
2016-09-01,601169.XSHG,0.0146247834831615
2016-09-01,601288.XSHG,0.1000349114585427
2016-09-01,601318.XSHG,0.0398299989045008
2016-09-01,601328.XSHG,0.0242701538424196
2016-09-01,601398.XSHG,0.1303687390181441
2016-09-01,601601.XSHG,0.0188176729479725
2016-09-01,601607.XSHG,0.0040957301772161
2016-09-01,601668.XSHG,0.0203111903301029
2016-09-01,601818.XSHG,0.0167372506292348
2016-09-01,601857.XSHG,0.1297428266553475
2016-09-01,601939.XSHG,0.0054394570740379
2016-09-01,601988.XSHG,0.0784646907280243
2016-09-01,601998.XSHG,0.0216394246545747
2016-10-10,000001.XSHE,0.0131425461790954
2016-10-10,000063.XSHE,0.0050376886039089
2016-10-10,000157.XSHE,0.0028325558041341
2016-10-10,000166.XSHE,0.0045522986406779
2016-10-10,000338.XSHE,0.0019801555226388
2016-10-10,000623.XSHE,0.0020584515909288
2016-10-10,000725.XSHE,0.005727271674897
2016-10-10,000776.XSHE,0.0097420753323277
2016-10-10,000895.XSHE,0.0042483314742091
2016-10-10,300124.XSHE,0.0024052585962958
2016-10-10,600000.XSHG,0.0334468835292497
2016-10-10,600015.XSHG,0.0106824073396771
2016-10-10,600016.XSHG,0.0271562901818783
2016-10-10,600018.XSHG,0.0116319609361334
2016-10-10,600028.XSHG,0.0465882630027728
2016-10-10,600030.XSHG,0.0158631424519427
2016-10-10,600031.XSHG,0.0041285636887819
2016-10-10,600036.XSHG,0.0371820563135591
2016-10-10,600039.XSHG,0.0013146074096442
2016-10-10,600066.XSHG,0.0042576673220755
2016-10-10,600089.XSHG,0.0027637826957627
2016-10-10,600138.XSHG,0.0014347816943426
2016-10-10,600196.XSHG,0.0044642454187996
2016-10-10,600201.XSHG,0.0017584392025337
2016-10-10,600276.XSHG,0.0104311696752046
2016-10-10,600406.XSHG,0.0035781282664853
2016-10-10,600518.XSHG,0.0072806785158559
2016-10-10,600519.XSHG,0.0374842330380674
2016-10-10,600795.XSHG,0.0058062791403035
2016-10-10,600837.XSHG,0.012800111830953
2016-10-10,600900.XSHG,0.0128147569511643
2016-10-10,601006.XSHG,0.0095031428123643
2016-10-10,601088.XSHG,0.0250297169605009
2016-10-10,601166.XSHG,0.0300806405487067
2016-10-10,601169.XSHG,0.0136594883076836
2016-10-10,601211.XSHG,0.0083931847516615
2016-10-10,601288.XSHG,0.0912315103764626
2016-10-10,601318.XSHG,0.0369161753401614
2016-10-10,601328.XSHG,0.0216492351039209
2016-10-10,601398.XSHG,0.1184349081919351
2016-10-10,601601.XSHG,0.0182724698733118
2016-10-10,601607.XSHG,0.0037879122754645
2016-10-10,601628.XSHG,0.0445881241070012
2016-10-10,601668.XSHG,0.0181692361282694
2016-10-10,601818.XSHG,0.0149783774665103
2016-10-10,601857.XSHG,0.1162622986057862
2016-10-10,601888.XSHG,0.0043422502509133
2016-10-10,601901.XSHG,0.0046029308221743
2016-10-10,601939.XSHG,0.0049229706494645
2016-10-10,601988.XSHG,0.0705803454034044
2016-11-01,000001.XSHE,0.0129219763304052
2016-11-01,000063.XSHE,0.0050176332712584
2016-11-01,000166.XSHE,0.004507843134672
2016-11-01,000333.XSHE,0.0164032358442382
2016-11-01,000425.XSHE,0.0022165415755946
2016-11-01,000623.XSHE,0.002106025135822
2016-11-01,000625.XSHE,0.0051456250812216
2016-11-01,000630.XSHE,0.0025219963621883
2016-11-01,000725.XSHE,0.0057581393580127
2016-11-01,000776.XSHE,0.0100723883420778
2016-11-01,000778.XSHE,0.0017530243918658
2016-11-01,000963.XSHE,0.0031238689452647
2016-11-01,600000.XSHG,0.0323179151401021
2016-11-01,600015.XSHG,0.0107795756054225
2016-11-01,600016.XSHG,0.0262994398930231
2016-11-01,600028.XSHG,0.0461678229708077
2016-11-01,600030.XSHG,0.0159421330272789
2016-11-01,600031.XSHG,0.0043292233739342
2016-11-01,600036.XSHG,0.0358401710793736
2016-11-01,600089.XSHG,0.002754736579944
2016-11-01,600104.XSHG,0.0250683774971221
2016-11-01,600109.XSHG,0.0040358075241564
2016-11-01,600157.XSHG,0.0018828539540186
2016-11-01,600166.XSHG,0.0018175521112644
2016-11-01,600252.XSHG,0.0015113831551777
2016-11-01,600276.XSHG,0.0106162926005084
2016-11-01,600518.XSHG,0.0072448032696663
2016-11-01,600519.XSHG,0.0384398819669765
2016-11-01,600572.XSHG,0.0015031948698449
2016-11-01,600795.XSHG,0.0057533044557364
2016-11-01,600837.XSHG,0.0128079667823962
2016-11-01,600900.XSHG,0.0126662910854491
2016-11-01,601006.XSHG,0.0097110754210872
2016-11-01,601088.XSHG,0.0272488063399744
2016-11-01,601166.XSHG,0.0303027093767335
2016-11-01,601169.XSHG,0.0137241210736829
2016-11-01,601258.XSHG,0.0017407274696535
2016-11-01,601288.XSHG,0.0900723814606119
2016-11-01,601318.XSHG,0.0366986919637948
2016-11-01,601328.XSHG,0.0214668851632599
2016-11-01,601377.XSHG,0.005176692573601
2016-11-01,601398.XSHG,0.1156713784920771
2016-11-01,601601.XSHG,0.0178475212850174
2016-11-01,601628.XSHG,0.0440255764671504
2016-11-01,601766.XSHG,0.0207497971609992
2016-11-01,601857.XSHG,0.1146867969158049
2016-11-01,601901.XSHG,0.0046069437738011
2016-11-01,601939.XSHG,0.0049039187655171
2016-11-01,601985.XSHG,0.00279499881455
2016-11-01,601988.XSHG,0.0692439527678569
2016-12-01,000001.XSHE,0.0148377319922397
2016-12-01,000061.XSHE,0.0024015686440081
2016-12-01,000069.XSHE,0.0050830023153108
2016-12-01,000166.XSHE,0.0052931788984407
2016-12-01,000625.XSHE,0.0066466447161285
2016-12-01,000778.XSHE,0.0020704008420497
2016-12-01,000876.XSHE,0.0031329215662148
2016-12-01,002024.XSHE,0.0062017951850072
2016-12-01,600000.XSHG,0.0371734954516044
2016-12-01,600010.XSHG,0.0051052366061451
2016-12-01,600015.XSHG,0.0132068902800175
2016-12-01,600016.XSHG,0.0294382578963222
2016-12-01,600017.XSHG,0.0013840888977929
2016-12-01,600022.XSHG,0.0023190290602862
2016-12-01,600023.XSHG,0.0018020857109279
2016-12-01,600028.XSHG,0.0531977850977637
2016-12-01,600030.XSHG,0.0184860278202248
2016-12-01,600036.XSHG,0.0402931148432899
2016-12-01,600089.XSHG,0.0033259139932507
2016-12-01,600143.XSHG,0.0020498689423994
2016-12-01,600221.XSHG,0.0042175420680723
2016-12-01,600276.XSHG,0.0116011527311368
2016-12-01,600369.XSHG,0.0038617804350801
2016-12-01,600518.XSHG,0.008059632444391
2016-12-01,600519.XSHG,0.0425997493153662
2016-12-01,600583.XSHG,0.0035216292912207
2016-12-01,600674.XSHG,0.0043154769198998
2016-12-01,600741.XSHG,0.0047099443669727
2016-12-01,600795.XSHG,0.0068501836052074
2016-12-01,600837.XSHG,0.01436114676977
2016-12-01,600875.XSHG,0.0022128338676975
2016-12-01,600900.XSHG,0.0137030984942964
2016-12-01,600958.XSHG,0.0056305626357744
2016-12-01,601006.XSHG,0.0114488457267589
2016-12-01,601166.XSHG,0.0340135434644877
2016-12-01,601169.XSHG,0.0164494417957477
2016-12-01,601211.XSHG,0.0101568641713284
2016-12-01,601258.XSHG,0.0019920146113224
2016-12-01,601288.XSHG,0.1000234427623528
2016-12-01,601318.XSHG,0.0416765881898881
2016-12-01,601328.XSHG,0.0242976214570379
2016-12-01,601398.XSHG,0.1287344908690628
2016-12-01,601607.XSHG,0.0041337665480022
2016-12-01,601788.XSHG,0.0074697390945991
2016-12-01,601818.XSHG,0.0172844213935319
2016-12-01,601857.XSHG,0.1327347737698986
2016-12-01,601933.XSHG,0.0031697392155131
2016-12-01,601939.XSHG,0.0056651700049698
2016-12-01,601985.XSHG,0.0032840878936555
2016-12-01,601988.XSHG,0.078371677327531
2017-01-03,000001.XSHE,0.0145843454462694
2017-01-03,000540.XSHE,0.0030110019367185
2017-01-03,000876.XSHE,0.0030543123152025
2017-01-03,002252.XSHE,0.0092707439680946
2017-01-03,600000.XSHG,0.0363958661890121
2017-01-03,600009.XSHG,0.0031711642044291
2017-01-03,600010.XSHG,0.0048650915679249
2017-01-03,600011.XSHG,0.0080897418076508
2017-01-03,600016.XSHG,0.0292963806264942
2017-01-03,600017.XSHG,0.0013722505777826
2017-01-03,600022.XSHG,0.0022726043088545
2017-01-03,600023.XSHG,0.0081402123650277
2017-01-03,600028.XSHG,0.0572967137752074
2017-01-03,600036.XSHG,0.0403176715375681
2017-01-03,600060.XSHG,0.0024576520141841
2017-01-03,600079.XSHG,0.0022729084261244
2017-01-03,600089.XSHG,0.0032067915133185
2017-01-03,600196.XSHG,0.0049138695628379
2017-01-03,600221.XSHG,0.0042161081836845
2017-01-03,600276.XSHG,0.0117289518163158
2017-01-03,600352.XSHG,0.0030734458136348
2017-01-03,600401.XSHG,0.0012031611885777
2017-01-03,600518.XSHG,0.0085944337711962
2017-01-03,600519.XSHG,0.0457345223915221
2017-01-03,600674.XSHG,0.0041820598652932
2017-01-03,600688.XSHG,0.0051670858942935
2017-01-03,600690.XSHG,0.0059399514015028
2017-01-03,600741.XSHG,0.0045229960627768
2017-01-03,600795.XSHG,0.006842793434428
2017-01-03,600820.XSHG,0.003801210971091
2017-01-03,600837.XSHG,0.0138693330344087
2017-01-03,600900.XSHG,0.0133736819286427
2017-01-03,600959.XSHG,0.0017138077636091
2017-01-03,601006.XSHG,0.0116644594925004
2017-01-03,601018.XSHG,0.007062037723289
2017-01-03,601166.XSHG,0.0336702528764333
2017-01-03,601169.XSHG,0.0163494569660451
2017-01-03,601211.XSHG,0.0097252595877477
2017-01-03,601258.XSHG,0.0019815317259117
2017-01-03,601288.XSHG,0.0998379604943179
2017-01-03,601318.XSHG,0.0420602880383138
2017-01-03,601328.XSHG,0.0248163244028626
2017-01-03,601398.XSHG,0.1299736726018147
2017-01-03,601607.XSHG,0.0041558126109416
2017-01-03,601818.XSHG,0.0171121783973399
2017-01-03,601857.XSHG,0.1404353670430041
2017-01-03,601888.XSHG,0.0046116622947465
2017-01-03,601939.XSHG,0.0057315048362122
2017-01-03,601985.XSHG,0.0032725488359584
2017-01-03,601988.XSHG,0.0795868164088808
2017-02-03,000001.XSHE,0.0172194426619704
2017-02-03,000876.XSHE,0.003047171971948
2017-02-03,002304.XSHE,0.0095380009924901
2017-02-03,002415.XSHE,0.013941188872368
2017-02-03,002508.XSHE,0.0030372765471474
2017-02-03,002573.XSHE,0.0022978690709494
2017-02-03,300498.XSHE,0.0115167471135672
2017-02-03,600000.XSHG,0.0375062763590948
2017-02-03,600009.XSHG,0.0033208529644975
2017-02-03,600010.XSHG,0.0050524587323382
2017-02-03,600011.XSHG,0.0083557841820793
2017-02-03,600016.XSHG,0.0297859991667762
2017-02-03,600018.XSHG,0.013281102810345
2017-02-03,600022.XSHG,0.0023768025380017
2017-02-03,600023.XSHG,0.0085360391582839
2017-02-03,600030.XSHG,0.0176597016826892
2017-02-03,600036.XSHG,0.0424011818102963
2017-02-03,600089.XSHG,0.0033199407617137
2017-02-03,600196.XSHG,0.0052771228120213
2017-02-03,600221.XSHG,0.0043104561454428
2017-02-03,600276.XSHG,0.0125933883391308
2017-02-03,600332.XSHG,0.0028869679738101
2017-02-03,600352.XSHG,0.0032355355541254
2017-02-03,600518.XSHG,0.0086760617568965
2017-02-03,600674.XSHG,0.0042338093681025
2017-02-03,600690.XSHG,0.0061264627099586
2017-02-03,600741.XSHG,0.0051451597376679
2017-02-03,600820.XSHG,0.0038636427572608
2017-02-03,600837.XSHG,0.014293485326344
2017-02-03,600886.XSHG,0.0050720509930217
2017-02-03,600900.XSHG,0.0138295927262855
2017-02-03,601012.XSHG,0.0027954220352859
2017-02-03,601018.XSHG,0.0072878441779608
2017-02-03,601166.XSHG,0.0350351143267001
2017-02-03,601169.XSHG,0.0167479383777878
2017-02-03,601211.XSHG,0.0099542818583446
2017-02-03,601258.XSHG,0.001937362365447
2017-02-03,601288.XSHG,0.1027816230408115
2017-02-03,601318.XSHG,0.0424119808644635
2017-02-03,601328.XSHG,0.0257562659768557
2017-02-03,601398.XSHG,0.1351337261430846
2017-02-03,601601.XSHG,0.0195278415664026
2017-02-03,601607.XSHG,0.0045992058527879
2017-02-03,601633.XSHG,0.0075595981851067
2017-02-03,601818.XSHG,0.0176343921596886
2017-02-03,601857.XSHG,0.1527048057840953
2017-02-03,601888.XSHG,0.0048672987316562
2017-02-03,601939.XSHG,0.0060000632699824
2017-02-03,601985.XSHG,0.0032868750452476
2017-02-03,601988.XSHG,0.0822407866416648
2017-03-01,000001.XSHE,0.0199337903430659
2017-03-01,000625.XSHE,0.0075971739641576
2017-03-01,300124.XSHE,0.0035166303668207
2017-03-01,600000.XSHG,0.0421878703191808
2017-03-01,600010.XSHG,0.0060784924603776
2017-03-01,600011.XSHG,0.010051215765432
2017-03-01,600015.XSHG,0.0153631850511897
2017-03-01,600016.XSHG,0.033168576835784
2017-03-01,600023.XSHG,0.0098278573680953
2017-03-01,600027.XSHG,0.0043802901009277
2017-03-01,600030.XSHG,0.0201551371886235
2017-03-01,600036.XSHG,0.0495345696774967
2017-03-01,600060.XSHG,0.0030720900530105
2017-03-01,600104.XSHG,0.0353179545108161
2017-03-01,600170.XSHG,0.004321672300797
2017-03-01,600196.XSHG,0.006157634808337
2017-03-01,600221.XSHG,0.0050156453803677
2017-03-01,600276.XSHG,0.0145016080226045
2017-03-01,600332.XSHG,0.0035589605923889
2017-03-01,600352.XSHG,0.0036965749367027
2017-03-01,600436.XSHG,0.0035842853316926
2017-03-01,600518.XSHG,0.0096146417692341
2017-03-01,600635.XSHG,0.0019670467599178
2017-03-01,600642.XSHG,0.0035549334363118
2017-03-01,600674.XSHG,0.0048370668222959
2017-03-01,600690.XSHG,0.0073702974587907
2017-03-01,600741.XSHG,0.0060396266097143
2017-03-01,600795.XSHG,0.0080999875270656
2017-03-01,600820.XSHG,0.004567269004634
2017-03-01,600837.XSHG,0.0156834186751621
2017-03-01,600886.XSHG,0.00593990344301
2017-03-01,600895.XSHG,0.003580296247443
2017-03-01,600900.XSHG,0.0157304834597714
2017-03-01,601012.XSHG,0.0032165211578053
2017-03-01,601018.XSHG,0.0084864517324292
2017-03-01,601088.XSHG,0.0345617203866587
2017-03-01,601166.XSHG,0.0394092495542712
2017-03-01,601169.XSHG,0.018880313555047
2017-03-01,601211.XSHG,0.011344885214396
2017-03-01,601258.XSHG,0.0023010367667025
2017-03-01,601288.XSHG,0.1190204317408284
2017-03-01,601318.XSHG,0.048633848018706
2017-03-01,601328.XSHG,0.0307018601702114
2017-03-01,601398.XSHG,0.1566607972244789
2017-03-01,601607.XSHG,0.0051784415555746
2017-03-01,601818.XSHG,0.0208090912225686
2017-03-01,601888.XSHG,0.0059234246041973
2017-03-01,601939.XSHG,0.0070157552218961
2017-03-01,601985.XSHG,0.0038125537122352
2017-03-01,601988.XSHG,0.0960374315707721
2017-04-05,000001.XSHE,0.0165097586692492
2017-04-05,000069.XSHE,0.0048213308600192
2017-04-05,000157.XSHE,0.0032124528182062
2017-04-05,000826.XSHE,0.0032311273273043
2017-04-05,000876.XSHE,0.0029777356011147
2017-04-05,000895.XSHE,0.0079489217501588
2017-04-05,000999.XSHE,0.0028342960491849
2017-04-05,002007.XSHE,0.0030863487990787
2017-04-05,300498.XSHE,0.0104766627434995
2017-04-05,600000.XSHG,0.0370164556356419
2017-04-05,600009.XSHG,0.0035083072729449
2017-04-05,600010.XSHG,0.0051540828314907
2017-04-05,600015.XSHG,0.012895965050075
2017-04-05,600023.XSHG,0.008286309033169
2017-04-05,600030.XSHG,0.0169405988560356
2017-04-05,600036.XSHG,0.0416831027438279
2017-04-05,600066.XSHG,0.00437462845408
2017-04-05,600104.XSHG,0.0296500121528851
2017-04-05,600109.XSHG,0.0044927653835901
2017-04-05,600170.XSHG,0.0036442491393261
2017-04-05,600196.XSHG,0.0056615467958523
2017-04-05,600221.XSHG,0.0043304620493428
2017-04-05,600276.XSHG,0.0135304536318191
2017-04-05,600312.XSHG,0.0020778562477617
2017-04-05,600315.XSHG,0.0021229918757816
2017-04-05,600436.XSHG,0.0033286308311915
2017-04-05,600518.XSHG,0.0086991233825642
2017-04-05,600519.XSHG,0.0518652164319631
2017-04-05,600635.XSHG,0.0016658817166241
2017-04-05,600674.XSHG,0.0042306151901867
2017-04-05,600688.XSHG,0.0050311343733248
2017-04-05,600741.XSHG,0.005509636554522
2017-04-05,600795.XSHG,0.0068917843772448
2017-04-05,600886.XSHG,0.0054143043592799
2017-04-05,600887.XSHG,0.0121079944638552
2017-04-05,600900.XSHG,0.0137446661215752
2017-04-05,601006.XSHG,0.0120821703379874
2017-04-05,601166.XSHG,0.0329862268343906
2017-04-05,601169.XSHG,0.0159676232896227
2017-04-05,601179.XSHG,0.0035683409467768
2017-04-05,601211.XSHG,0.0093479753954719
2017-04-05,601288.XSHG,0.1043773218417351
2017-04-05,601318.XSHG,0.0425189710050119
2017-04-05,601328.XSHG,0.0259517202300665
2017-04-05,601398.XSHG,0.138552267874454
2017-04-05,601818.XSHG,0.017336852775129
2017-04-05,601857.XSHG,0.1367403632946864
2017-04-05,601939.XSHG,0.0061092940152655
2017-04-05,601985.XSHG,0.0033208937374992
2017-04-05,601988.XSHG,0.0821825688481299
2017-05-02,000001.XSHE,0.0151991669166071
2017-05-02,000876.XSHE,0.0028033046223956
2017-05-02,000999.XSHE,0.0027775783868763
2017-05-02,002007.XSHE,0.0029328089609546
2017-05-02,002294.XSHE,0.0014730886409923
2017-05-02,300003.XSHE,0.0026356356594598
2017-05-02,300498.XSHE,0.0095558504866826
2017-05-02,600000.XSHG,0.0329347103208503
2017-05-02,600015.XSHG,0.0111247702240682
2017-05-02,600023.XSHG,0.0074215442585781
2017-05-02,600027.XSHG,0.0034021908168478
2017-05-02,600028.XSHG,0.0550242515107674
2017-05-02,600030.XSHG,0.0158892861263592
2017-05-02,600036.XSHG,0.0394087476159627
2017-05-02,600085.XSHG,0.0042711171344922
2017-05-02,600104.XSHG,0.0301704696098258
2017-05-02,600118.XSHG,0.0035780089712454
2017-05-02,600170.XSHG,0.0032619533511393
2017-05-02,600177.XSHG,0.0035579524252827
2017-05-02,600221.XSHG,0.0039409179472293
2017-05-02,600276.XSHG,0.0125146373846304
2017-05-02,600352.XSHG,0.0029212509825865
2017-05-02,600518.XSHG,0.0085288338195077
2017-05-02,600535.XSHG,0.0043146711437806
2017-05-02,600637.XSHG,0.004692337248707
2017-05-02,600642.XSHG,0.0027766945686874
2017-05-02,600674.XSHG,0.0041451189630553
2017-05-02,600688.XSHG,0.0047789745696096
2017-05-02,600705.XSHG,0.004700827005122
2017-05-02,600795.XSHG,0.0065758075084025
2017-05-02,600835.XSHG,0.0017052416567916
2017-05-02,600837.XSHG,0.0118889581336569
2017-05-02,600887.XSHG,0.0111681962200217
2017-05-02,600900.XSHG,0.0137115119235826
2017-05-02,601006.XSHG,0.01183248445799
2017-05-02,601166.XSHG,0.029599968530848
2017-05-02,601211.XSHG,0.0085451223481401
2017-05-02,601288.XSHG,0.098402639219062
2017-05-02,601318.XSHG,0.0412063162480521
2017-05-02,601328.XSHG,0.0234692762828478
2017-05-02,601336.XSHG,0.0094076397385621
2017-05-02,601398.XSHG,0.1305930633455316
2017-05-02,601601.XSHG,0.0173167059594017
2017-05-02,601607.XSHG,0.0046474336657751
2017-05-02,601628.XSHG,0.0542822493081863
2017-05-02,601818.XSHG,0.0154024688665221
2017-05-02,601857.XSHG,0.1251312890847844
2017-05-02,601939.XSHG,0.0056977738297452
2017-05-02,601985.XSHG,0.0032771198160503
2017-05-02,601988.XSHG,0.0754020341837405
2017-06-01,000001.XSHE,0.016462524805882
2017-06-01,000876.XSHE,0.0028951555833944
2017-06-01,002007.XSHE,0.003019572038419
2017-06-01,002294.XSHE,0.0035530789954921
2017-06-01,300015.XSHE,0.0027786282810397
2017-06-01,600010.XSHG,0.0050171749611667
2017-06-01,600015.XSHG,0.0122421365774236
2017-06-01,600018.XSHG,0.0153961914460236
2017-06-01,600023.XSHG,0.0083381879685672
2017-06-01,600028.XSHG,0.0640474579176107
2017-06-01,600029.XSHG,0.0065435868721905
2017-06-01,600030.XSHG,0.0170120319629199
2017-06-01,600048.XSHG,0.0111192550913871
2017-06-01,600061.XSHG,0.0031874055355967
2017-06-01,600066.XSHG,0.0041640101050554
2017-06-01,600085.XSHG,0.0047311819592245
2017-06-01,600104.XSHG,0.0356301477615893
2017-06-01,600115.XSHG,0.0061873188842584
2017-06-01,600177.XSHG,0.0038247002886292
2017-06-01,600221.XSHG,0.0040648201548848
2017-06-01,600276.XSHG,0.0151151698660847
2017-06-01,600352.XSHG,0.0029872725805726
2017-06-01,600518.XSHG,0.0100480653095654
2017-06-01,600535.XSHG,0.0043679172445139
2017-06-01,600663.XSHG,0.0062225124923047
2017-06-01,600674.XSHG,0.0044933795816423
2017-06-01,600688.XSHG,0.0052132949062079
2017-06-01,600705.XSHG,0.0048562502050266
2017-06-01,600795.XSHG,0.0072615436214188
2017-06-01,600837.XSHG,0.0129467140145395
2017-06-01,600887.XSHG,0.0124190488623366
2017-06-01,600900.XSHG,0.0155101127859976
2017-06-01,600959.XSHG,0.0016172993059928
2017-06-01,600999.XSHG,0.0089047175732063
2017-06-01,601006.XSHG,0.0132387024829802
2017-06-01,601166.XSHG,0.0334475992671131
2017-06-01,601211.XSHG,0.0097517622012918
2017-06-01,601288.XSHG,0.1114664590484877
2017-06-01,601328.XSHG,0.0259753503847984
2017-06-01,601398.XSHG,0.1515885006899729
2017-06-01,601601.XSHG,0.0204957871070044
2017-06-01,601688.XSHG,0.0101908512995481
2017-06-01,601766.XSHG,0.0249214612736116
2017-06-01,601788.XSHG,0.0063124309873988
2017-06-01,601818.XSHG,0.0169033447082634
2017-06-01,601857.XSHG,0.1345884838927648
2017-06-01,601899.XSHG,0.0054719428640881
2017-06-01,601939.XSHG,0.0065114006736437
2017-06-01,601985.XSHG,0.0034932624059438
2017-06-01,601988.XSHG,0.0834647951729225
2017-07-03,000001.XSHE,0.0179676462289698
2017-07-03,000540.XSHE,0.0030809490113183
2017-07-03,000876.XSHE,0.0032454793564099
2017-07-03,002001.XSHE,0.002399363660867
2017-07-03,002007.XSHE,0.0032909951726213
2017-07-03,002422.XSHE,0.0018544368002497
2017-07-03,600010.XSHG,0.0055776493502783
2017-07-03,600015.XSHG,0.0132850423969411
2017-07-03,600018.XSHG,0.0163255782674127
2017-07-03,600019.XSHG,0.0174454464709735
2017-07-03,600020.XSHG,0.0013051265718542
2017-07-03,600023.XSHG,0.0083593867912584
2017-07-03,600028.XSHG,0.0641308557964007
2017-07-03,600030.XSHG,0.0187513923779937
2017-07-03,600048.XSHG,0.0134987972604307
2017-07-03,600061.XSHG,0.0034410111772973
2017-07-03,600115.XSHG,0.0075357321699195
2017-07-03,600177.XSHG,0.0041030905927126
2017-07-03,600219.XSHG,0.0027388105915671
2017-07-03,600221.XSHG,0.0043106513703838
2017-07-03,600276.XSHG,0.0159124899508858
2017-07-03,600352.XSHG,0.0033327548483124
2017-07-03,600518.XSHG,0.0108459387615293
2017-07-03,600535.XSHG,0.0048240979869845
2017-07-03,600663.XSHG,0.0065319802409453
2017-07-03,600674.XSHG,0.0048543188006969
2017-07-03,600688.XSHG,0.0054637747801497
2017-07-03,600739.XSHG,0.0027969981394639
2017-07-03,600867.XSHG,0.0034564451120744
2017-07-03,600886.XSHG,0.0060569922814439
2017-07-03,600900.XSHG,0.0199416963915034
2017-07-03,600999.XSHG,0.00950172710637
2017-07-03,601006.XSHG,0.0140926864942679
2017-07-03,601018.XSHG,0.0081709583532453
2017-07-03,601166.XSHG,0.0363358455493061
2017-07-03,601211.XSHG,0.0108440277571776
2017-07-03,601288.XSHG,0.1169462352229948
2017-07-03,601328.XSHG,0.027450764856701
2017-07-03,601377.XSHG,0.0056216318362161
2017-07-03,601398.XSHG,0.1596193091720228
2017-07-03,601688.XSHG,0.0109048411338318
2017-07-03,601766.XSHG,0.026152116201874
2017-07-03,601788.XSHG,0.0065502581155138
2017-07-03,601818.XSHG,0.0181715529533875
2017-07-03,601857.XSHG,0.1415994636399361
2017-07-03,601899.XSHG,0.0061423512418476
2017-07-03,601901.XSHG,0.0069785692551047
2017-07-03,601939.XSHG,0.0066552927718779
2017-07-03,601985.XSHG,0.0037274653372604
2017-07-03,601988.XSHG,0.0878699742912132
2017-08-01,000157.XSHE,0.0029350626802976
2017-08-01,000776.XSHE,0.0104138548914844
2017-08-01,000876.XSHE,0.0028018578710743
2017-08-01,000979.XSHE,0.0016362005537576
2017-08-01,002081.XSHE,0.0027337484121462
2017-08-01,002408.XSHE,0.0018628765142055
2017-08-01,002470.XSHE,0.002150209577827
2017-08-01,002594.XSHE,0.0054736143859645
2017-08-01,600015.XSHG,0.012756232190962
2017-08-01,600016.XSHG,0.0251698489196722
2017-08-01,600018.XSHG,0.0149874202624496
2017-08-01,600022.XSHG,0.0024618782045583
2017-08-01,600023.XSHG,0.0073849583465866
2017-08-01,600028.XSHG,0.0582550714910983
2017-08-01,600030.XSHG,0.0168918489814996
2017-08-01,600061.XSHG,0.0030715815262979
2017-08-01,600115.XSHG,0.006604440675141
2017-08-01,600177.XSHG,0.0037383978920618
2017-08-01,600221.XSHG,0.0038088953470148
2017-08-01,600276.XSHG,0.0141603809849392
2017-08-01,600352.XSHG,0.0034159603695836
2017-08-01,600518.XSHG,0.0089420010147128
2017-08-01,600519.XSHG,0.0591280699068584
2017-08-01,600585.XSHG,0.0097259449305007
2017-08-01,600642.XSHG,0.0027839910999767
2017-08-01,600663.XSHG,0.0059395426947281
2017-08-01,600674.XSHG,0.0043663822611813
2017-08-01,600682.XSHG,0.0026777327085948
2017-08-01,600688.XSHG,0.0049688631368256
2017-08-01,600837.XSHG,0.0118809747173171
2017-08-01,600886.XSHG,0.005473845416876
2017-08-01,600900.XSHG,0.0172427682113085
2017-08-01,600999.XSHG,0.00865595332578
2017-08-01,601166.XSHG,0.0337243306714981
2017-08-01,601169.XSHG,0.0141113926717182
2017-08-01,601211.XSHG,0.0097595809310169
2017-08-01,601288.XSHG,0.1077898701029783
2017-08-01,601328.XSHG,0.0248134001789861
2017-08-01,601390.XSHG,0.015969632467334
2017-08-01,601398.XSHG,0.1469236455970479
2017-08-01,601618.XSHG,0.0081967908693543
2017-08-01,601766.XSHG,0.0227090718045292
2017-08-01,601788.XSHG,0.0059196600481316
2017-08-01,601818.XSHG,0.0166219909847579
2017-08-01,601857.XSHG,0.1306120504107934
2017-08-01,601899.XSHG,0.005824073056468
2017-08-01,601939.XSHG,0.006393968188291
2017-08-01,601985.XSHG,0.003250108338782
2017-08-01,601988.XSHG,0.0818035372921594
2017-08-01,601998.XSHG,0.0210764868828696
2017-09-01,000157.XSHE,0.0028523500237792
2017-09-01,000166.XSHE,0.0044568081410283
2017-09-01,000598.XSHE,0.0016887527485934
2017-09-01,000623.XSHE,0.0024777459763181
2017-09-01,000876.XSHE,0.0025938353540586
2017-09-01,002465.XSHE,0.0020820905010454
2017-09-01,002594.XSHE,0.0054633462014969
2017-09-01,300015.XSHE,0.0027789261885377
2017-09-01,600000.XSHG,0.0356687254867649
2017-09-01,600016.XSHG,0.0245833549752384
2017-09-01,600018.XSHG,0.0144967451442861
2017-09-01,600023.XSHG,0.0074751218893502
2017-09-01,600028.XSHG,0.0568885729003344
2017-09-01,600061.XSHG,0.0032141726419411
2017-09-01,600115.XSHG,0.0067654024878096
2017-09-01,600170.XSHG,0.0031855919971227
2017-09-01,600177.XSHG,0.0036057882795974
2017-09-01,600221.XSHG,0.0038858496941205
2017-09-01,600276.XSHG,0.0155851742284774
2017-09-01,600415.XSHG,0.0038842938130377
2017-09-01,600518.XSHG,0.009032532204396
2017-09-01,600519.XSHG,0.061823463247476
2017-09-01,600535.XSHG,0.0039171909001097
2017-09-01,600637.XSHG,0.0033591989442012
2017-09-01,600663.XSHG,0.0059135996240268
2017-09-01,600674.XSHG,0.0041739234338687
2017-09-01,600682.XSHG,0.0027391326704034
2017-09-01,600705.XSHG,0.0046339998487837
2017-09-01,600837.XSHG,0.0123212249218435
2017-09-01,600867.XSHG,0.0030627787510352
2017-09-01,600886.XSHG,0.0050043936069058
2017-09-01,600895.XSHG,0.002644354849629
2017-09-01,600900.XSHG,0.0171189123014582
2017-09-01,601006.XSHG,0.0134459300826894
2017-09-01,601009.XSHG,0.0064722090939813
2017-09-01,601166.XSHG,0.0331752769294917
2017-09-01,601169.XSHG,0.0138198302005736
2017-09-01,601288.XSHG,0.1081341653457205
2017-09-01,601328.XSHG,0.0253568197639923
2017-09-01,601390.XSHG,0.0159752482461777
2017-09-01,601398.XSHG,0.155149482031982
2017-09-01,601618.XSHG,0.0081988926472441
2017-09-01,601669.XSHG,0.007747462238981
2017-09-01,601766.XSHG,0.0225495710293022
2017-09-01,601788.XSHG,0.0062240871023968
2017-09-01,601818.XSHG,0.0164201228495325
2017-09-01,601857.XSHG,0.1301927485498339
2017-09-01,601939.XSHG,0.0065314106788721
2017-09-01,601985.XSHG,0.0032499782654007
2017-09-01,601988.XSHG,0.0879794109667506
2017-10-09,000157.XSHE,0.0026776528548066
2017-10-09,000538.XSHE,0.0088310873250422
2017-10-09,000598.XSHE,0.0016131836799482
2017-10-09,000623.XSHE,0.0023126099749776
2017-10-09,000625.XSHE,0.0051405653396473
2017-10-09,000895.XSHE,0.0075626541052556
2017-10-09,000926.XSHE,0.0010971683539608
2017-10-09,002252.XSHE,0.0085729831921998
2017-10-09,002465.XSHE,0.0020202981013932
2017-10-09,002512.XSHE,0.0010324877933075
2017-10-09,002711.XSHE,0.0012144175461338
2017-10-09,600000.XSHG,0.0341920971741122
2017-10-09,600016.XSHG,0.0223884061580497
2017-10-09,600018.XSHG,0.0142033256898684
2017-10-09,600028.XSHG,0.0523344629243926
2017-10-09,600030.XSHG,0.0165835477008471
2017-10-09,600061.XSHG,0.0029678808473582
2017-10-09,600085.XSHG,0.0041497028898309
2017-10-09,600104.XSHG,0.0321671407061873
2017-10-09,600115.XSHG,0.006222924538524
2017-10-09,600201.XSHG,0.001978231483241
2017-10-09,600221.XSHG,0.0049991649198622
2017-10-09,600276.XSHG,0.0162781557428606
2017-10-09,600332.XSHG,0.0028703195318978
2017-10-09,600415.XSHG,0.0035854509320747
2017-10-09,600518.XSHG,0.0082081779485737
2017-10-09,600519.XSHG,0.0618566488473063
2017-10-09,600637.XSHG,0.0030458527441871
2017-10-09,600660.XSHG,0.0048663419755564
2017-10-09,600690.XSHG,0.0087324663321865
2017-10-09,600837.XSHG,0.0111890902670764
2017-10-09,600867.XSHG,0.0029687830504166
2017-10-09,600886.XSHG,0.0047168849308923
2017-10-09,600900.XSHG,0.0163602820756543
2017-10-09,601006.XSHG,0.0123033826046491
2017-10-09,601009.XSHG,0.0060306340329178
2017-10-09,601166.XSHG,0.031036743558814
2017-10-09,601169.XSHG,0.0127861303102489
2017-10-09,601238.XSHG,0.0107674843850528
2017-10-09,601288.XSHG,0.1039804929123948
2017-10-09,601328.XSHG,0.0231446148913612
2017-10-09,601390.XSHG,0.0148942154151274
2017-10-09,601398.XSHG,0.1534451107012044
2017-10-09,601766.XSHG,0.020933277721204
2017-10-09,601788.XSHG,0.0056825034501471
2017-10-09,601818.XSHG,0.0152287364736577
2017-10-09,601857.XSHG,0.1205570518230152
2017-10-09,601939.XSHG,0.0062835487107716
2017-10-09,601985.XSHG,0.0029678284619641
2017-10-09,601988.XSHG,0.0810177968698383
2017-11-01,000157.XSHE,0.0043016614273693
2017-11-01,000425.XSHE,0.0039309320591651
2017-11-01,000598.XSHE,0.0025915868813382
2017-11-01,000623.XSHE,0.0038202886403968
2017-11-01,000876.XSHE,0.0047018692794687
2017-11-01,000895.XSHE,0.0129851136737522
2017-11-01,002512.XSHE,0.001726555974647
2017-11-01,002711.XSHE,0.0020857328949576
2017-11-01,600000.XSHG,0.0528235564171014
2017-11-01,600016.XSHG,0.0364986089379897
2017-11-01,600028.XSHG,0.0875130527499958
2017-11-01,600030.XSHG,0.0253322691827852
2017-11-01,600079.XSHG,0.0030387184305046
2017-11-01,600085.XSHG,0.0068494705133684
2017-11-01,600089.XSHG,0.0056897735491252
2017-11-01,600115.XSHG,0.0102911904409316
2017-11-01,600170.XSHG,0.0047549533001155
2017-11-01,600177.XSHG,0.0052339407223739
2017-11-01,600201.XSHG,0.0035833341513218
2017-11-01,600221.XSHG,0.0080558165896475
2017-11-01,600323.XSHG,0.0015313319336468
2017-11-01,600406.XSHG,0.0057857632472954
2017-11-01,600415.XSHG,0.0056866148350081
2017-11-01,600518.XSHG,0.0139322566353723
2017-11-01,600535.XSHG,0.0058471840249576
2017-11-01,600600.XSHG,0.0035600593265
2017-11-01,600663.XSHG,0.0084053957083647
2017-11-01,600674.XSHG,0.0066378508663758
2017-11-01,600705.XSHG,0.0071484573933284
2017-11-01,600739.XSHG,0.0037596847859523
2017-11-01,600771.XSHG,0.001527167649318
2017-11-01,600837.XSHG,0.0174537729029052
2017-11-01,600886.XSHG,0.0075980397945862
2017-11-01,600895.XSHG,0.0039624473217524
2017-11-01,600900.XSHG,0.0274728395161335
2017-11-01,601006.XSHG,0.0198545737132777
2017-11-01,601009.XSHG,0.0095793842228735
2017-11-01,601166.XSHG,0.049260970197549
2017-11-01,601169.XSHG,0.0201033522060496
2017-11-01,601288.XSHG,0.1644006183958205
2017-11-01,601328.XSHG,0.0362994460690436
2017-11-01,601390.XSHG,0.0254934965530271
2017-11-01,601669.XSHG,0.0113099163189922
2017-11-01,601788.XSHG,0.0087015046271121
2017-11-01,601818.XSHG,0.0240473383497158
2017-11-01,601857.XSHG,0.2036261928957503
2017-11-01,601880.XSHG,0.0033973445080079
2017-11-01,601939.XSHG,0.0101520682373837
2017-11-01,601985.XSHG,0.004964900153887
2017-11-01,601997.XSHG,0.0026916017936552
2017-12-01,000157.XSHE,0.003023851700831
2017-12-01,000166.XSHE,0.0045704485102483
2017-12-01,000425.XSHE,0.0028808621053414
2017-12-01,000598.XSHE,0.0018057023039821
2017-12-01,000783.XSHE,0.0054080733548963
2017-12-01,000876.XSHE,0.0034826028361833
2017-12-01,000926.XSHE,0.0013108828008262
2017-12-01,002437.XSHE,0.0015998331508535
2017-12-01,002512.XSHE,0.0013351623381903
2017-12-01,300110.XSHE,0.0015157432532253
2017-12-01,600000.XSHG,0.0399616067679785
2017-12-01,600015.XSHG,0.0131203963579274
2017-12-01,600016.XSHG,0.028740637916378
2017-12-01,600023.XSHG,0.0080143247192468
2017-12-01,600028.XSHG,0.0633599336232003
2017-12-01,600037.XSHG,0.0018556291560608
2017-12-01,600109.XSHG,0.003600901914461
2017-12-01,600170.XSHG,0.0035707970505307
2017-12-01,600177.XSHG,0.0037158800442274
2017-12-01,600221.XSHG,0.0057567256955588
2017-12-01,600256.XSHG,0.0025879372583413
2017-12-01,600350.XSHG,0.0032748470045047
2017-12-01,600583.XSHG,0.0029656839790086
2017-12-01,600674.XSHG,0.0048389000341799
2017-12-01,600688.XSHG,0.0051190357527296
2017-12-01,600705.XSHG,0.005068290941306
2017-12-01,600739.XSHG,0.002618428246417
2017-12-01,600837.XSHG,0.0127453323073708
2017-12-01,600881.XSHG,0.0011394431384024
2017-12-01,600886.XSHG,0.005583263988097
2017-12-01,600900.XSHG,0.0208721876886027
2017-12-01,601006.XSHG,0.0145078542436562
2017-12-01,601009.XSHG,0.007172532831017
2017-12-01,601166.XSHG,0.0366181072010341
2017-12-01,601169.XSHG,0.0148529315496644
2017-12-01,601211.XSHG,0.0105191697554944
2017-12-01,601258.XSHG,0.0018868188055821
2017-12-01,601288.XSHG,0.1211303064730214
2017-12-01,601328.XSHG,0.0273223789680441
2017-12-01,601377.XSHG,0.0058121583186673
2017-12-01,601390.XSHG,0.017461604009441
2017-12-01,601398.XSHG,0.1749069499542601
2017-12-01,601669.XSHG,0.007782179767914
2017-12-01,601788.XSHG,0.0064586661608815
2017-12-01,601818.XSHG,0.0183284124137151
2017-12-01,601857.XSHG,0.1455286291132891
2017-12-01,601939.XSHG,0.0073755064748988
2017-12-01,601985.XSHG,0.0034381427021526
2017-12-01,601988.XSHG,0.0909992540142387
2017-12-01,601998.XSHG,0.0224550513039181
2018-01-02,000157.XSHE,0.0029968984978103
2018-01-02,000166.XSHE,0.0042176111352616
2018-01-02,000625.XSHE,0.0050650493413387
2018-01-02,000876.XSHE,0.0033231273529602
2018-01-02,000961.XSHE,0.0025912326349576
2018-01-02,002252.XSHE,0.010381605711165
2018-01-02,300110.XSHE,0.0015006750276857
2018-01-02,600000.XSHG,0.0378196300975062
2018-01-02,600011.XSHG,0.0069650223944278
2018-01-02,600015.XSHG,0.0123584237902099
2018-01-02,600016.XSHG,0.0266372115826653
2018-01-02,600023.XSHG,0.0077268219425751
2018-01-02,600028.XSHG,0.0643978132820061
2018-01-02,600122.XSHG,0.0011917397756514
2018-01-02,600177.XSHG,0.003565446072277
2018-01-02,600219.XSHG,0.0028045203305438
2018-01-02,600221.XSHG,0.0055469284628899
2018-01-02,600252.XSHG,0.0015808924754842
2018-01-02,600340.XSHG,0.0100850880271161
2018-01-02,600489.XSHG,0.0036511350812831
2018-01-02,600535.XSHG,0.0039020218085897
2018-01-02,600547.XSHG,0.0048464074451987
2018-01-02,600583.XSHG,0.0029468741814077
2018-01-02,600642.XSHG,0.0028461584034538
2018-01-02,600674.XSHG,0.0048528547612396
2018-01-02,600682.XSHG,0.0029149569543833
2018-01-02,600688.XSHG,0.0051028560584212
2018-01-02,600739.XSHG,0.0025584074445035
2018-01-02,600771.XSHG,0.0011612459110185
2018-01-02,600837.XSHG,0.0111978935747834
2018-01-02,600886.XSHG,0.0053342066993095
2018-01-02,600900.XSHG,0.01903814309754
2018-01-02,601006.XSHG,0.0143599757063885
2018-01-02,601009.XSHG,0.0066589703125409
2018-01-02,601166.XSHG,0.0347497102583628
2018-01-02,601169.XSHG,0.0138613538834132
2018-01-02,601211.XSHG,0.0093780284313309
2018-01-02,601288.XSHG,0.1197720296631994
2018-01-02,601328.XSHG,0.0260780156798616
2018-01-02,601390.XSHG,0.016501029991041
2018-01-02,601398.XSHG,0.1762762133596321
2018-01-02,601618.XSHG,0.0083495145971403
2018-01-02,601669.XSHG,0.0074649043844585
2018-01-02,601788.XSHG,0.0056292782803037
2018-01-02,601818.XSHG,0.0171839219059839
2018-01-02,601857.XSHG,0.1413271802200415
2018-01-02,601939.XSHG,0.0079065559678316
2018-01-02,601985.XSHG,0.0033159195730601
2018-01-02,601988.XSHG,0.0887459010086562
2018-01-02,601998.XSHG,0.0213325974210875
2018-02-01,000089.XSHE,0.0022695875326726
2018-02-01,000157.XSHE,0.0034214499892756
2018-02-01,000166.XSHE,0.0049803079064103
2018-02-01,000423.XSHE,0.0053553964729386
2018-02-01,000623.XSHE,0.0031010017909617
2018-02-01,000625.XSHE,0.0059676757525538
2018-02-01,000630.XSHE,0.0033940322715063
2018-02-01,000876.XSHE,0.0042314770529705
2018-02-01,000999.XSHE,0.0032384830765434
2018-02-01,600000.XSHG,0.0472217533524173
2018-02-01,600011.XSHG,0.0080785342568871
2018-02-01,600015.XSHG,0.0161834271444827
2018-02-01,600016.XSHG,0.0344223398980369
2018-02-01,600023.XSHG,0.0101376882621015
2018-02-01,600026.XSHG,0.0020843209823196
2018-02-01,600085.XSHG,0.0058269224969935
2018-02-01,600153.XSHG,0.0044809187618736
2018-02-01,600170.XSHG,0.0040743578366603
2018-02-01,600269.XSHG,0.0015253837041038
2018-02-01,600350.XSHG,0.0037806519062596
2018-02-01,600518.XSHG,0.0117375121365125
2018-02-01,600535.XSHG,0.0046543951737651
2018-02-01,600642.XSHG,0.0033930003137668
2018-02-01,600649.XSHG,0.0027433166385244
2018-02-01,600674.XSHG,0.0053223301952513
2018-02-01,600705.XSHG,0.0054188454073278
2018-02-01,600739.XSHG,0.0029930640835329
2018-02-01,600771.XSHG,0.0015724592264656
2018-02-01,600837.XSHG,0.0139342869410496
2018-02-01,600886.XSHG,0.0060612296982754
2018-02-01,600900.XSHG,0.0234903504773348
2018-02-01,600919.XSHG,0.0058899843022602
2018-02-01,601006.XSHG,0.0183125087565113
2018-02-01,601018.XSHG,0.0086676374743375
2018-02-01,601166.XSHG,0.0454439651671342
2018-02-01,601169.XSHG,0.0175439009146738
2018-02-01,601186.XSHG,0.0173229807650108
2018-02-01,601211.XSHG,0.0121554756187833
2018-02-01,601288.XSHG,0.1675450199574208
2018-02-01,601328.XSHG,0.0341164346380546
2018-02-01,601377.XSHG,0.0063621342135319
2018-02-01,601390.XSHG,0.0199594725945813
2018-02-01,601618.XSHG,0.0102396184179698
2018-02-01,601669.XSHG,0.0090233987139558
2018-02-01,601788.XSHG,0.0072552644598595
2018-02-01,601818.XSHG,0.0237894044530012
2018-02-01,601857.XSHG,0.1841088040249486
2018-02-01,601985.XSHG,0.0041365392756183
2018-02-01,601988.XSHG,0.1232839452577649
2018-02-01,601998.XSHG,0.0297470102548053
2018-03-01,000089.XSHE,0.0030017970216989
2018-03-01,000157.XSHE,0.0045142900243584
2018-03-01,000166.XSHE,0.0170670664948749
2018-03-01,000423.XSHE,0.0066941116213937
2018-03-01,000576.XSHE,0.0015067211113373
2018-03-01,000584.XSHE,0.0015110461786125
2018-03-01,000625.XSHE,0.0076266616209158
2018-03-01,000876.XSHE,0.0053638210776383
2018-03-01,000989.XSHE,0.0014665265298287
2018-03-01,002007.XSHE,0.003682314107441
2018-03-01,002210.XSHE,0.0027913993315372
2018-03-01,002602.XSHE,0.0044690302728289
2018-03-01,002617.XSHE,0.001881868648649
2018-03-01,600000.XSHG,0.059371998785621
2018-03-01,600011.XSHG,0.0111356189253451
2018-03-01,600015.XSHG,0.0202245766115981
2018-03-01,600016.XSHG,0.0425552496093645
2018-03-01,600022.XSHG,0.0040562069402033
2018-03-01,600023.XSHG,0.0127650180822852
2018-03-01,600085.XSHG,0.0075187498532624
2018-03-01,600104.XSHG,0.066124446497473
2018-03-01,600170.XSHG,0.0054780412335551
2018-03-01,600269.XSHG,0.0019743032206531
2018-03-01,600350.XSHG,0.0048823384190963
2018-03-01,600482.XSHG,0.0039419259238005
2018-03-01,600518.XSHG,0.0157323981078211
2018-03-01,600535.XSHG,0.0062817310994585
2018-03-01,600642.XSHG,0.0044882766865871
2018-03-01,600674.XSHG,0.0069209004411464
2018-03-01,600717.XSHG,0.0028968860670126
2018-03-01,600739.XSHG,0.0040599020428313
2018-03-01,600795.XSHG,0.0100537716905756
2018-03-01,600816.XSHG,0.0054287635616506
2018-03-01,600886.XSHG,0.0079210964150979
2018-03-01,600900.XSHG,0.0321435281801823
2018-03-01,600919.XSHG,0.0075370967621168
2018-03-01,601006.XSHG,0.0231464019145284
2018-03-01,601018.XSHG,0.0116015089610167
2018-03-01,601166.XSHG,0.058067100485536
2018-03-01,601169.XSHG,0.0227532831993582
2018-03-01,601328.XSHG,0.0431563439896268
2018-03-01,601390.XSHG,0.0236603691268255
2018-03-01,601566.XSHG,0.0014661195994476
2018-03-01,601607.XSHG,0.0073136080464784
2018-03-01,601633.XSHG,0.0130609567491727
2018-03-01,601669.XSHG,0.0117099342784094
2018-03-01,601857.XSHG,0.2200042976499346
2018-03-01,601985.XSHG,0.0051662270756974
2018-03-01,601988.XSHG,0.150682470774684
2018-03-01,603077.XSHG,0.0031418989514293
2018-04-02,000078.XSHE,0.0019976059437118
2018-04-02,000157.XSHE,0.0046449835020617
2018-04-02,000166.XSHE,0.0175921272754611
2018-04-02,000423.XSHE,0.0070754333245867
2018-04-02,000538.XSHE,0.01758741645142
2018-04-02,000623.XSHE,0.0040183370766461
2018-04-02,000630.XSHE,0.0044180823633336
2018-04-02,000876.XSHE,0.0053859557992418
2018-04-02,000963.XSHE,0.0100078467070683
2018-04-02,000999.XSHE,0.0047007841835431
2018-04-02,002007.XSHE,0.0042088669895221
2018-04-02,002358.XSHE,0.0027812565068186
2018-04-02,002390.XSHE,0.0018310608705152
2018-04-02,002408.XSHE,0.003809586124961
2018-04-02,002506.XSHE,0.0020385486359242
2018-04-02,600000.XSHG,0.0580457238873669
2018-04-02,600009.XSHG,0.0095083504606513
2018-04-02,600010.XSHG,0.0085129792215118
2018-04-02,600011.XSHG,0.0124083190009759
2018-04-02,600015.XSHG,0.0200609501022948
2018-04-02,600016.XSHG,0.0414901881633006
2018-04-02,600023.XSHG,0.0132418562043794
2018-04-02,600027.XSHG,0.0044635694017481
2018-04-02,600085.XSHG,0.0082463591330325
2018-04-02,600104.XSHG,0.0689647990081718
2018-04-02,600122.XSHG,0.0018219067447324
2018-04-02,600270.XSHG,0.0030057174627481
2018-04-02,600273.XSHG,0.0019510652352955
2018-04-02,600315.XSHG,0.00467422157071
2018-04-02,600482.XSHG,0.0041104051827029
2018-04-02,600489.XSHG,0.0058862343130057
2018-04-02,600491.XSHG,0.0017589867959565
2018-04-02,600518.XSHG,0.0172412775262752
2018-04-02,600664.XSHG,0.0022774746316193
2018-04-02,600739.XSHG,0.0043712435836363
2018-04-02,600795.XSHG,0.0102245031213729
2018-04-02,600886.XSHG,0.0084023604827669
2018-04-02,600900.XSHG,0.0324097682293149
2018-04-02,600919.XSHG,0.0076066538452321
2018-04-02,600998.XSHG,0.0057215038934072
2018-04-02,601006.XSHG,0.0215020541442217
2018-04-02,601166.XSHG,0.0556826128356069
2018-04-02,601169.XSHG,0.0221116481563653
2018-04-02,601229.XSHG,0.0096111745068194
2018-04-02,601328.XSHG,0.0426460470394375
2018-04-02,601390.XSHG,0.0239542662604277
2018-04-02,601607.XSHG,0.0082553222447822
2018-04-02,601857.XSHG,0.2184823465637239
2018-04-02,601985.XSHG,0.0050120745678942
2018-04-02,601988.XSHG,0.1442381447236947
2018-05-02,000538.XSHE,0.0161646796707238
2018-05-02,000587.XSHE,0.0013184424915272
2018-05-02,000630.XSHE,0.0038873728954941
2018-05-02,000876.XSHE,0.0046729981370679
2018-05-02,000999.XSHE,0.0041299005832677
2018-05-02,002007.XSHE,0.0037588289693115
2018-05-02,002408.XSHE,0.0035657571713424
2018-05-02,002602.XSHE,0.0043742983273457
2018-05-02,002630.XSHE,0.001401005276279
2018-05-02,002665.XSHE,0.0017154547564126
2018-05-02,300068.XSHE,0.0014709556316695
2018-05-02,300463.XSHE,0.0013776779204779
2018-05-02,600000.XSHG,0.0490432690907763
2018-05-02,600004.XSHG,0.0050385525633012
2018-05-02,600009.XSHG,0.0088022951415695
2018-05-02,600015.XSHG,0.0172034002042462
2018-05-02,600016.XSHG,0.0361879398432561
2018-05-02,600018.XSHG,0.0246609754412144
2018-05-02,600031.XSHG,0.0103432845728007
2018-05-02,600036.XSHG,0.0964763459830025
2018-05-02,600062.XSHG,0.0028285260477906
2018-05-02,600085.XSHG,0.0076616714287883
2018-05-02,600104.XSHG,0.0596043802866666
2018-05-02,600270.XSHG,0.0027004146304889
2018-05-02,600280.XSHG,0.0016387567812001
2018-05-02,600406.XSHG,0.0061559486507954
2018-05-02,600482.XSHG,0.0034555003939288
2018-05-02,600518.XSHG,0.0161898622710221
2018-05-02,600572.XSHG,0.00284839732898
2018-05-02,600664.XSHG,0.002208525295669
2018-05-02,600674.XSHG,0.0061289486155026
2018-05-02,600739.XSHG,0.0041796585250872
2018-05-02,600795.XSHG,0.0088915360040603
2018-05-02,600900.XSHG,0.0290532324280896
2018-05-02,600919.XSHG,0.0067200420724762
2018-05-02,600926.XSHG,0.0026820873639039
2018-05-02,600998.XSHG,0.0048379329551138
2018-05-02,600999.XSHG,0.0127623062576427
2018-05-02,601006.XSHG,0.0199458483764345
2018-05-02,601166.XSHG,0.048439933303436
2018-05-02,601169.XSHG,0.019660839251964
2018-05-02,601229.XSHG,0.0089672065980321
2018-05-02,601328.XSHG,0.0384396372659134
2018-05-02,601390.XSHG,0.0216028723637815
2018-05-02,601607.XSHG,0.0072041992706094
2018-05-02,601788.XSHG,0.0078497001070425
2018-05-02,601818.XSHG,0.0253199348817217
2018-05-02,601857.XSHG,0.1949530955823566
2018-05-02,601985.XSHG,0.0044287097554502
2018-05-02,601988.XSHG,0.1270468612349636
2018-06-01,000089.XSHE,0.0020578321539311
2018-06-01,000157.XSHE,0.0032590919862021
2018-06-01,000166.XSHE,0.0116050134041276
2018-06-01,000338.XSHE,0.0046521413255463
2018-06-01,000425.XSHE,0.0036436129991631
2018-06-01,000581.XSHE,0.0023433790460837
2018-06-01,000587.XSHE,0.0011387583059215
2018-06-01,000630.XSHE,0.002971961911991
2018-06-01,000876.XSHE,0.003687624394279
2018-06-01,002094.XSHE,0.0010308182124338
2018-06-01,002352.XSHE,0.0053226301187999
2018-06-01,002408.XSHE,0.0027359750804755
2018-06-01,002411.XSHE,0.0012398866069137
2018-06-01,002493.XSHE,0.0067559898860648
2018-06-01,002506.XSHE,0.0015940062713394
2018-06-01,002572.XSHE,0.0027511460157496
2018-06-01,300068.XSHE,0.0011752276040612
2018-06-01,300498.XSHE,0.0106487783243467
2018-06-01,600004.XSHG,0.0042609619686706
2018-06-01,600015.XSHG,0.013297335995901
2018-06-01,600016.XSHG,0.0283307080578141
2018-06-01,600017.XSHG,0.001403534486298
2018-06-01,600018.XSHG,0.0183347434232112
2018-06-01,600027.XSHG,0.0034925651422551
2018-06-01,600028.XSHG,0.083173238787958
2018-06-01,600104.XSHG,0.0510211371276258
2018-06-01,600270.XSHG,0.0023474984207864
2018-06-01,600406.XSHG,0.0045446356188195
2018-06-01,600518.XSHG,0.0140544239834542
2018-06-01,600519.XSHG,0.1163852604748036
2018-06-01,600660.XSHG,0.0062488228007042
2018-06-01,600674.XSHG,0.0050796224750621
2018-06-01,600688.XSHG,0.0051943126685186
2018-06-01,600705.XSHG,0.0049260100468233
2018-06-01,600795.XSHG,0.0069391975268467
2018-06-01,600886.XSHG,0.0062946811940977
2018-06-01,600900.XSHG,0.0240067671274195
2018-06-01,600919.XSHG,0.0052895344052684
2018-06-01,600926.XSHG,0.0021593192426933
2018-06-01,600977.XSHG,0.0012357591922255
2018-06-01,601006.XSHG,0.0156019635667449
2018-06-01,601166.XSHG,0.0375725779767734
2018-06-01,601169.XSHG,0.0150888707186615
2018-06-01,601229.XSHG,0.0071266553953947
2018-06-01,601288.XSHG,0.1316288435068829
2018-06-01,601328.XSHG,0.0293321066591439
2018-06-01,601727.XSHG,0.0077539330095786
2018-06-01,601818.XSHG,0.0196520196561021
2018-06-01,601857.XSHG,0.1610703556121421
2018-06-01,601988.XSHG,0.0985387300838868
2018-07-02,000089.XSHE,0.002255879645592
2018-07-02,000157.XSHE,0.0037073091603129
2018-07-02,000166.XSHE,0.0127193780057153
2018-07-02,000425.XSHE,0.0042465555450799
2018-07-02,000576.XSHE,0.0011224439806155
2018-07-02,000581.XSHE,0.0026623079747934
2018-07-02,000876.XSHE,0.0038336529943722
2018-07-02,000999.XSHE,0.00396490747227
2018-07-02,002174.XSHE,0.0017651584535927
2018-07-02,002242.XSHE,0.0019499789645452
2018-07-02,002352.XSHE,0.0059060182266252
2018-07-02,002434.XSHE,0.0012958764860437
2018-07-02,002493.XSHE,0.007758559068998
2018-07-02,300498.XSHE,0.0114184520053902
2018-07-02,600011.XSHG,0.0100255474817399
2018-07-02,600015.XSHG,0.0137102182547621
2018-07-02,600016.XSHG,0.0295167414291442
2018-07-02,600018.XSHG,0.0200192595696956
2018-07-02,600027.XSHG,0.0039007533419914
2018-07-02,600028.XSHG,0.0884368328021769
2018-07-02,600031.XSHG,0.0097690261486925
2018-07-02,600104.XSHG,0.056419799863864
2018-07-02,600270.XSHG,0.0027450987640282
2018-07-02,600273.XSHG,0.0016129004896545
2018-07-02,600406.XSHG,0.0050500736366401
2018-07-02,600518.XSHG,0.0147244905395746
2018-07-02,600572.XSHG,0.0026405778121965
2018-07-02,600660.XSHG,0.0073473290136937
2018-07-02,600674.XSHG,0.0055009956667702
2018-07-02,600688.XSHG,0.0059764910331886
2018-07-02,600705.XSHG,0.0050841879207481
2018-07-02,600737.XSHG,0.0022029266456887
2018-07-02,600795.XSHG,0.0075799249669179
2018-07-02,600839.XSHG,0.0018949631952306
2018-07-02,600886.XSHG,0.0072756288604086
2018-07-02,600900.XSHG,0.0267478721045036
2018-07-02,600919.XSHG,0.0055252462700443
2018-07-02,600926.XSHG,0.0023812699621578
2018-07-02,601006.XSHG,0.017138689351202
2018-07-02,601166.XSHG,0.0386183845379704
2018-07-02,601169.XSHG,0.0158979008952691
2018-07-02,601229.XSHG,0.0083387770407479
2018-07-02,601288.XSHG,0.1431874308166933
2018-07-02,601328.XSHG,0.0322385172247445
2018-07-02,601800.XSHG,0.0190386329488974
2018-07-02,601857.XSHG,0.1783543950122269
2018-07-02,601901.XSHG,0.0080653827868232
2018-07-02,601988.XSHG,0.1072671739865791
2018-07-02,601998.XSHG,0.028919266120462
2018-07-02,603077.XSHG,0.0022408155209231
2018-08-01,000089.XSHE,0.0020788887748027
2018-08-01,000157.XSHE,0.0032099878243648
2018-08-01,000166.XSHE,0.010951475886464
2018-08-01,000423.XSHE,0.0042120905837587
2018-08-01,000581.XSHE,0.0021950874857484
2018-08-01,000656.XSHE,0.0033051845738925
2018-08-01,000876.XSHE,0.0033360995645583
2018-08-01,002142.XSHE,0.0095321281671832
2018-08-01,002179.XSHE,0.0040988533100637
2018-08-01,002242.XSHE,0.0016379746048322
2018-08-01,002352.XSHE,0.0047754974187826
2018-08-01,002434.XSHE,0.001216250319437
2018-08-01,300203.XSHE,0.0015308682587023
2018-08-01,300498.XSHE,0.0102900659425571
2018-08-01,600008.XSHG,0.0025035373384278
2018-08-01,600016.XSHG,0.0263414740148392
2018-08-01,600028.XSHG,0.0793315664252077
2018-08-01,600036.XSHG,0.0717748590048794
2018-08-01,600104.XSHG,0.0450505766161064
2018-08-01,600111.XSHG,0.0049120198993809
2018-08-01,600170.XSHG,0.003379859517972
2018-08-01,600219.XSHG,0.0025218807501238
2018-08-01,600270.XSHG,0.0023806548051486
2018-08-01,600273.XSHG,0.0016941781686143
2018-08-01,600388.XSHG,0.0016801394880868
2018-08-01,600406.XSHG,0.0042764837510201
2018-08-01,600519.XSHG,0.1121207509414114
2018-08-01,600528.XSHG,0.0023401554936952
2018-08-01,600660.XSHG,0.0062163789822061
2018-08-01,600674.XSHG,0.0048362076870242
2018-08-01,600699.XSHG,0.0031251218231622
2018-08-01,600737.XSHG,0.0019673006612681
2018-08-01,600795.XSHG,0.0066726542955982
2018-08-01,600839.XSHG,0.0016647964978425
2018-08-01,600886.XSHG,0.0066079740007772
2018-08-01,600900.XSHG,0.0241030771405073
2018-08-01,600919.XSHG,0.0046954691912491
2018-08-01,600926.XSHG,0.0020632654046724
2018-08-01,601006.XSHG,0.0162584720955306
2018-08-01,601166.XSHG,0.0362010589693075
2018-08-01,601169.XSHG,0.0134180435772208
2018-08-01,601229.XSHG,0.0072191715061563
2018-08-01,601288.XSHG,0.1321569102629604
2018-08-01,601328.XSHG,0.027587731426385
2018-08-01,601333.XSHG,0.0030553898627795
2018-08-01,601669.XSHG,0.007819004093894
2018-08-01,601818.XSHG,0.0179416753782715
2018-08-01,601857.XSHG,0.1532264173064235
2018-08-01,601901.XSHG,0.0068136937975432
2018-08-01,601988.XSHG,0.0936715971091566
2018-09-03,000157.XSHE,0.0023930939978514
2018-09-03,000166.XSHE,0.0089045077703029
2018-09-03,000581.XSHE,0.0015891957188898
2018-09-03,000656.XSHE,0.0027094800096125
2018-09-03,000776.XSHE,0.0080139697424211
2018-09-03,000876.XSHE,0.0025268763573236
2018-09-03,002030.XSHE,0.0013790598278039
2018-09-03,002142.XSHE,0.0075457785526869
2018-09-03,002179.XSHE,0.0033280933492357
2018-09-03,002434.XSHE,0.0010227576233266
2018-09-03,600000.XSHG,0.0288822131403038
2018-09-03,600015.XSHG,0.0098833977440024
2018-09-03,600016.XSHG,0.0212829557503915
2018-09-03,600023.XSHG,0.0066611127854749
2018-09-03,600028.XSHG,0.0653099192142347
2018-09-03,600036.XSHG,0.0582595495890611
2018-09-03,600236.XSHG,0.0020619702439238
2018-09-03,600270.XSHG,0.0018093266120794
2018-09-03,600406.XSHG,0.0035176037698107
2018-09-03,600508.XSHG,0.0007978616305932
2018-09-03,600572.XSHG,0.0017515844072489
2018-09-03,600606.XSHG,0.0078035387822608
2018-09-03,600674.XSHG,0.0035565244733539
2018-09-03,600688.XSHG,0.0040674743711808
2018-09-03,600737.XSHG,0.0016041856457724
2018-09-03,600795.XSHG,0.0050289527092767
2018-09-03,600886.XSHG,0.0049989343479069
2018-09-03,600900.XSHG,0.0184298190645991
2018-09-03,600919.XSHG,0.0037807664741025
2018-09-03,600926.XSHG,0.0016461464197736
2018-09-03,601006.XSHG,0.012443694051406
2018-09-03,601009.XSHG,0.0062228927301212
2018-09-03,601088.XSHG,0.0302545157681793
2018-09-03,601166.XSHG,0.0288347117513615
2018-09-03,601169.XSHG,0.0106037655586318
2018-09-03,601211.XSHG,0.0110282529113676
2018-09-03,601225.XSHG,0.0074166957237487
2018-09-03,601229.XSHG,0.0061685713161171
2018-09-03,601288.XSHG,0.1074227855570515
2018-09-03,601328.XSHG,0.0222568496802843
2018-09-03,601390.XSHG,0.0134857539716
2018-09-03,601398.XSHG,0.1469282864533665
2018-09-03,601618.XSHG,0.0061634859026324
2018-09-03,601628.XSHG,0.0462280420054709
2018-09-03,601818.XSHG,0.0147830881694092
2018-09-03,601857.XSHG,0.1311431546929115
2018-09-03,601898.XSHG,0.0047211214545881
2018-09-03,601985.XSHG,0.0091074270478427
2018-09-03,601988.XSHG,0.0750920447762007
2018-09-03,601998.XSHG,0.0191482103529012
2018-10-08,000157.XSHE,0.0032357607120864
2018-10-08,000166.XSHE,0.0125026326000348
2018-10-08,000581.XSHE,0.0022755645655442
2018-10-08,000630.XSHE,0.0029156655785731
2018-10-08,000656.XSHE,0.0037009174323351
2018-10-08,000709.XSHE,0.0047579148670084
2018-10-08,000776.XSHE,0.011517653114777
2018-10-08,000876.XSHE,0.0036288094171055
2018-10-08,002030.XSHE,0.0020034854941392
2018-10-08,002047.XSHE,0.001133880807953
2018-10-08,002254.XSHE,0.0009687769380837
2018-10-08,002434.XSHE,0.0014372017752552
2018-10-08,002701.XSHE,0.0013747527856188
2018-10-08,600000.XSHG,0.0408820823665424
2018-10-08,600015.XSHG,0.0143201789439277
2018-10-08,600016.XSHG,0.0310227831644692
2018-10-08,600089.XSHG,0.0037013702154686
2018-10-08,600219.XSHG,0.0027603555788781
2018-10-08,600236.XSHG,0.0030242239124765
2018-10-08,600307.XSHG,0.0018832210641812
2018-10-08,600350.XSHG,0.0030447203561116
2018-10-08,600518.XSHG,0.0137183324551786
2018-10-08,600567.XSHG,0.0023820710840835
2018-10-08,600606.XSHG,0.010906210032989
2018-10-08,600674.XSHG,0.0052187806917968
2018-10-08,600688.XSHG,0.0059916245432262
2018-10-08,600757.XSHG,0.0011588824623079
2018-10-08,600795.XSHG,0.0070056027522718
2018-10-08,600811.XSHG,0.0018185085354342
2018-10-08,600886.XSHG,0.0071898839713543
2018-10-08,600900.XSHG,0.0263582732660928
2018-10-08,600919.XSHG,0.0054195303272398
2018-10-08,600926.XSHG,0.0022711046175314
2018-10-08,601006.XSHG,0.0169861499823143
2018-10-08,601009.XSHG,0.0090113038138962
2018-10-08,601166.XSHG,0.0417909099051379
2018-10-08,601169.XSHG,0.0153627042003896
2018-10-08,601229.XSHG,0.0088448503456359
2018-10-08,601288.XSHG,0.1595669798245156
2018-10-08,601328.XSHG,0.0319768956884863
2018-10-08,601390.XSHG,0.020679996412795
2018-10-08,601628.XSHG,0.064787152422656
2018-10-08,601818.XSHG,0.0217168953342299
2018-10-08,601857.XSHG,0.2047111907147804
2018-10-08,601898.XSHG,0.0068662898113851
2018-10-08,601985.XSHG,0.0131265691324948
2018-10-08,601988.XSHG,0.1092403132707819
2018-10-08,601991.XSHG,0.0047365027659552
2018-10-08,601997.XSHG,0.0021127380084621
2018-10-08,601998.XSHG,0.0269518019360056
2018-11-01,000157.XSHE,0.0028896321249115
2018-11-01,000630.XSHE,0.0027226669993812
2018-11-01,000656.XSHE,0.0042611178239694
2018-11-01,000709.XSHE,0.0045352372365227
2018-11-01,000876.XSHE,0.0034071779363293
2018-11-01,002358.XSHE,0.001834847680437
2018-11-01,002506.XSHE,0.0017793520334307
2018-11-01,002701.XSHE,0.0017560558061213
2018-11-01,600000.XSHG,0.0419025320471997
2018-11-01,600015.XSHG,0.0139219514776731
2018-11-01,600016.XSHG,0.0305395953777552
2018-11-01,600018.XSHG,0.0174504043140289
2018-11-01,600023.XSHG,0.0087519876927019
2018-11-01,600028.XSHG,0.0819008186919921
2018-11-01,600089.XSHG,0.0035191069598912
2018-11-01,600177.XSHG,0.003628592428411
2018-11-01,600219.XSHG,0.0031892569476711
2018-11-01,600236.XSHG,0.0026649138443081
2018-11-01,600270.XSHG,0.0025005381461162
2018-11-01,600406.XSHG,0.0053423548196687
2018-11-01,600572.XSHG,0.0021152676704816
2018-11-01,600606.XSHG,0.0102958234124957
2018-11-01,600674.XSHG,0.0048759620631546
2018-11-01,600688.XSHG,0.0052679406381009
2018-11-01,600795.XSHG,0.0065646121585648
2018-11-01,600811.XSHG,0.001756882720207
2018-11-01,600873.XSHG,0.0016622843052261
2018-11-01,600886.XSHG,0.0067824423102523
2018-11-01,600900.XSHG,0.0244175315693328
2018-11-01,600919.XSHG,0.0053305152913248
2018-11-01,600926.XSHG,0.002262954165275
2018-11-01,600998.XSHG,0.0034365142937112
2018-11-01,601006.XSHG,0.0164669691132028
2018-11-01,601009.XSHG,0.0083615984854406
2018-11-01,601166.XSHG,0.0415539127681822
2018-11-01,601169.XSHG,0.015215307062604
2018-11-01,601229.XSHG,0.0085503951992609
2018-11-01,601238.XSHG,0.0090144916120485
2018-11-01,601288.XSHG,0.1537943086790151
2018-11-01,601328.XSHG,0.0317065604252898
2018-11-01,601398.XSHG,0.205609252625405
2018-11-01,601618.XSHG,0.0076994622404421
2018-11-01,601818.XSHG,0.0218024771547256
2018-11-01,601939.XSHG,0.0093127586667594
2018-11-01,601985.XSHG,0.0117851239042226
2018-11-01,601988.XSHG,0.1059042811841069
2018-11-01,601989.XSHG,0.0104329723586412
2018-11-01,601997.XSHG,0.0020101354404979
2018-11-01,601998.XSHG,0.0255543446065775
2018-11-01,603077.XSHG,0.0019587774869285
2018-12-03,000157.XSHE,0.0029838503506174
2018-12-03,000656.XSHE,0.0040805142082344
2018-12-03,000709.XSHE,0.0041619635464982
2018-12-03,000876.XSHE,0.0040621458969673
2018-12-03,000902.XSHE,0.0014542192192471
2018-12-03,002142.XSHE,0.0103910336162372
2018-12-03,002358.XSHE,0.0020346787593632
2018-12-03,002506.XSHE,0.0016531375690383
2018-12-03,002601.XSHE,0.0011862502697762
2018-12-03,002602.XSHE,0.0036723587129702
2018-12-03,300068.XSHE,0.0011000667059114
2018-12-03,300498.XSHE,0.0130500065438885
2018-12-03,600000.XSHG,0.0403348403606294
2018-12-03,600015.XSHG,0.0131428037061245
2018-12-03,600016.XSHG,0.0284960167939332
2018-12-03,600018.XSHG,0.0171426319366099
2018-12-03,600031.XSHG,0.0083436751033905
2018-12-03,600050.XSHG,0.0136715948413145
2018-12-03,600089.XSHG,0.0033910231233434
2018-12-03,600150.XSHG,0.0024517220755877
2018-12-03,600270.XSHG,0.0026309555877261
2018-12-03,600406.XSHG,0.0051249083920322
2018-12-03,600795.XSHG,0.0064492044948303
2018-12-03,600820.XSHG,0.0024527703802509
2018-12-03,600873.XSHG,0.0016772916782151
2018-12-03,600886.XSHG,0.0065400539190072
2018-12-03,600893.XSHG,0.0060753004651215
2018-12-03,600900.XSHG,0.0220279334237776
2018-12-03,600919.XSHG,0.0050549057953186
2018-12-03,600926.XSHG,0.0021200610585477
2018-12-03,601006.XSHG,0.015237939410435
2018-12-03,601009.XSHG,0.0077881138334328
2018-12-03,601166.XSHG,0.0401477328832149
2018-12-03,601169.XSHG,0.0143544556575032
2018-12-03,601229.XSHG,0.0078356790824729
2018-12-03,601288.XSHG,0.138634663494497
2018-12-03,601328.XSHG,0.0302625268307436
2018-12-03,601390.XSHG,0.0175973069744783
2018-12-03,601398.XSHG,0.1899639034870194
2018-12-03,601618.XSHG,0.0072774719118674
2018-12-03,601628.XSHG,0.0601791313636157
2018-12-03,601668.XSHG,0.0314962042501917
2018-12-03,601766.XSHG,0.026385018842274
2018-12-03,601818.XSHG,0.0202725773857795
2018-12-03,601939.XSHG,0.0084587685692741
2018-12-03,601985.XSHG,0.0109063054826675
2018-12-03,601988.XSHG,0.1001905308735852
2018-12-03,601989.XSHG,0.0102828802059052
2018-12-03,601998.XSHG,0.023809477434715
2018-12-03,603077.XSHG,0.0019613934918149
2019-01-02,000338.XSHE,0.0046957858259747
2019-01-02,000656.XSHE,0.0046005060181591
2019-01-02,000709.XSHE,0.0043603505488829
2019-01-02,002047.XSHE,0.0012140316422788
2019-01-02,002142.XSHE,0.0106700624815588
2019-01-02,002358.XSHE,0.0022132909713393
2019-01-02,002506.XSHE,0.0036287858450904
2019-01-02,002602.XSHE,0.0037542315610361
2019-01-02,002701.XSHE,0.0017126061201084
2019-01-02,300068.XSHE,0.0012691156665855
2019-01-02,300176.XSHE,0.0020201024520818
2019-01-02,300498.XSHE,0.0144672763474821
2019-01-02,600000.XSHG,0.039283967590949
2019-01-02,600015.XSHG,0.0135075171637489
2019-01-02,600016.XSHG,0.028873026122685
2019-01-02,600050.XSHG,0.0157919512664809
2019-01-02,600089.XSHG,0.0037039378399049
2019-01-02,600150.XSHG,0.0026333520548046
2019-01-02,600170.XSHG,0.0037301693897927
2019-01-02,600277.XSHG,0.0021655971238774
2019-01-02,600406.XSHG,0.0066668864440533
2019-01-02,600547.XSHG,0.0063796405858362
2019-01-02,600674.XSHG,0.0053731186330515
2019-01-02,600795.XSHG,0.0072208886755799
2019-01-02,600820.XSHG,0.002822688665509
2019-01-02,600886.XSHG,0.0075885044346243
2019-01-02,600893.XSHG,0.0060345593896734
2019-01-02,600900.XSHG,0.0255673464332159
2019-01-02,600919.XSHG,0.00514294470777
2019-01-02,600926.XSHG,0.0022078231987437
2019-01-02,601006.XSHG,0.0175460868102158
2019-01-02,601009.XSHG,0.007786234296895
2019-01-02,601166.XSHG,0.0404692218850809
2019-01-02,601169.XSHG,0.0145944466892961
2019-01-02,601229.XSHG,0.0082432839956031
2019-01-02,601288.XSHG,0.1491594548652983
2019-01-02,601328.XSHG,0.0320709187546482
2019-01-02,601390.XSHG,0.018450570637079
2019-01-02,601398.XSHG,0.2020328664113262
2019-01-02,601618.XSHG,0.0078980419796748
2019-01-02,601668.XSHG,0.0335903844678434
2019-01-02,601766.XSHG,0.0291945826089065
2019-01-02,601818.XSHG,0.0209396753384142
2019-01-02,601877.XSHG,0.0058954346383592
2019-01-02,601933.XSHG,0.0090713393986696
2019-01-02,601939.XSHG,0.0086405891117871
2019-01-02,601985.XSHG,0.0118209086029958
2019-01-02,601988.XSHG,0.107518188160998
2019-01-02,601989.XSHG,0.011271994853878
2019-01-02,601998.XSHG,0.0245057112921498
2019-02-01,000338.XSHE,0.0043706698713987
2019-02-01,000581.XSHE,0.0018516746768771
2019-02-01,000630.XSHE,0.0022063580943462
2019-02-01,000651.XSHE,0.0287646213477287
2019-02-01,000709.XSHE,0.003742246999998
2019-02-01,002142.XSHE,0.0093466266946693
2019-02-01,002506.XSHE,0.0029259688548229
2019-02-01,300068.XSHE,0.0009919039779685
2019-02-01,300498.XSHE,0.0119992908428714
2019-02-01,600000.XSHG,0.0347517629221592
2019-02-01,600015.XSHG,0.0111595038010448
2019-02-01,600016.XSHG,0.0241850967266908
2019-02-01,600023.XSHG,0.0070270024431555
2019-02-01,600031.XSHG,0.008449606682398
2019-02-01,600050.XSHG,0.0130445039744088
2019-02-01,600089.XSHG,0.0030790186574367
2019-02-01,600170.XSHG,0.0031473769841545
2019-02-01,600362.XSHG,0.0032023278871423
2019-02-01,600406.XSHG,0.0057661608385424
2019-02-01,600482.XSHG,0.0022682327993649
2019-02-01,600606.XSHG,0.0090111677625946
2019-02-01,600673.XSHG,0.0025126509415226
2019-02-01,600674.XSHG,0.0046196252084016
2019-02-01,600795.XSHG,0.0055501293390996
2019-02-01,600886.XSHG,0.006443435837875
2019-02-01,600900.XSHG,0.0215991453531322
2019-02-01,600919.XSHG,0.004311446043194
2019-02-01,600926.XSHG,0.0018642641186484
2019-02-01,601006.XSHG,0.0148502290505374
2019-02-01,601009.XSHG,0.0067782066144601
2019-02-01,601088.XSHG,0.0378871318299395
2019-02-01,601166.XSHG,0.0358528638497
2019-02-01,601169.XSHG,0.0125917661949972
2019-02-01,601225.XSHG,0.0096444160097316
2019-02-01,601229.XSHG,0.0068779620986835
2019-02-01,601238.XSHG,0.0072394329966595
2019-02-01,601288.XSHG,0.1255939130175214
2019-02-01,601318.XSHG,0.0786172289918664
2019-02-01,601328.XSHG,0.0280308492055597
2019-02-01,601398.XSHG,0.17489792518531
2019-02-01,601628.XSHG,0.0546785723614461
2019-02-01,601818.XSHG,0.0186032583067089
2019-02-01,601933.XSHG,0.007492827843203
2019-02-01,601939.XSHG,0.0077765248638878
2019-02-01,601958.XSHG,0.0022820391092523
2019-02-01,601985.XSHG,0.0097041522480552
2019-02-01,601988.XSHG,0.0890520705341798
2019-02-01,601989.XSHG,0.0092127682695474
2019-02-01,601998.XSHG,0.0208800958046676
2019-02-01,603899.XSHG,0.0032639459324363
2019-03-01,000157.XSHE,0.0034671414975466
2019-03-01,000516.XSHE,0.0014458575722188
2019-03-01,000581.XSHE,0.002317101268282
2019-03-01,000630.XSHE,0.0029660968174599
2019-03-01,000651.XSHE,0.0355920338923162
2019-03-01,000672.XSHE,0.0010658771606373
2019-03-01,000683.XSHE,0.0010496727606246
2019-03-01,000709.XSHE,0.0047192922802567
2019-03-01,002142.XSHE,0.0118792642624723
2019-03-01,002440.XSHE,0.0013483707674417
2019-03-01,300068.XSHE,0.0012573100316999
2019-03-01,600000.XSHG,0.0440345972142367
2019-03-01,600015.XSHG,0.0143413947382791
2019-03-01,600016.XSHG,0.0309254426380968
2019-03-01,600018.XSHG,0.0182455481850963
2019-03-01,600022.XSHG,0.0027254341253073
2019-03-01,600025.XSHG,0.0041547746194696
2019-03-01,600039.XSHG,0.0016809021489983
2019-03-01,600123.XSHG,0.0011436798952518
2019-03-01,600153.XSHG,0.0031673034623165
2019-03-01,600170.XSHG,0.0039273808521274
2019-03-01,600219.XSHG,0.0032661016122277
2019-03-01,600325.XSHG,0.0020243490508305
2019-03-01,600348.XSHG,0.00185593114421
2019-03-01,600352.XSHG,0.004673422370294
2019-03-01,600500.XSHG,0.0021097840402636
2019-03-01,600606.XSHG,0.0110873296247753
2019-03-01,600674.XSHG,0.0053194741641699
2019-03-01,600795.XSHG,0.0067880071919792
2019-03-01,600887.XSHG,0.0218951638287536
2019-03-01,600900.XSHG,0.0244025261045792
2019-03-01,600919.XSHG,0.0056781827704167
2019-03-01,601006.XSHG,0.0172089862843703
2019-03-01,601009.XSHG,0.0085027679366502
2019-03-01,601088.XSHG,0.044777756819747
2019-03-01,601166.XSHG,0.0479325606361241
2019-03-01,601169.XSHG,0.0156043053970308
2019-03-01,601225.XSHG,0.0118883042332946
2019-03-01,601288.XSHG,0.1475756837945236
2019-03-01,601328.XSHG,0.0337178370895105
2019-03-01,601333.XSHG,0.0028145489020712
2019-03-01,601398.XSHG,0.2055987636498169
2019-03-01,601600.XSHG,0.0060718063211656
2019-03-01,601727.XSHG,0.0073447760743166
2019-03-01,601818.XSHG,0.0228336692833091
2019-03-01,601898.XSHG,0.0061916793959257
2019-03-01,601939.XSHG,0.0091792108689352
2019-03-01,601985.XSHG,0.0122958574365574
2019-03-01,601988.XSHG,0.107149274049062
2019-03-01,601989.XSHG,0.0127574637349511
2019-04-01,000002.XSHE,0.0430613829060072
2019-04-01,000039.XSHE,0.0026475505530969
2019-04-01,000069.XSHE,0.007833738058013
2019-04-01,000157.XSHE,0.0040237012132299
2019-04-01,000423.XSHE,0.0044444370407398
2019-04-01,000690.XSHE,0.0023448807062338
2019-04-01,000778.XSHE,0.0028505516928778
2019-04-01,000895.XSHE,0.0119962224503423
2019-04-01,001979.XSHE,0.0077348817919287
2019-04-01,002128.XSHE,0.0021662563428483
2019-04-01,002138.XSHE,0.0018309014284816
2019-04-01,002142.XSHE,0.014208625167381
2019-04-01,002221.XSHE,0.002275766010887
2019-04-01,002233.XSHE,0.0020445216555061
2019-04-01,002506.XSHE,0.0038151147461395
2019-04-01,002701.XSHE,0.0020263461947309
2019-04-01,600015.XSHG,0.0149752590986301
2019-04-01,600025.XSHG,0.005244229851458
2019-04-01,600036.XSHG,0.0971661955557161
2019-04-01,600085.XSHG,0.0058381563062358
2019-04-01,600123.XSHG,0.0013104935671815
2019-04-01,600125.XSHG,0.0016022700882981
2019-04-01,600153.XSHG,0.0035776113988374
2019-04-01,600277.XSHG,0.0027828885355059
2019-04-01,600323.XSHG,0.0018501627975472
2019-04-01,600348.XSHG,0.0020807888910672
2019-04-01,600519.XSHG,0.1491385096932437
2019-04-01,600585.XSHG,0.021946072596213
2019-04-01,600606.XSHG,0.0132690649874851
2019-04-01,600660.XSHG,0.0068515967661704
2019-04-01,600673.XSHG,0.003231949959905
2019-04-01,600717.XSHG,0.002122574228727
2019-04-01,600811.XSHG,0.0019544796773945
2019-04-01,600823.XSHG,0.0027996188670912
2019-04-01,600886.XSHG,0.0078783132018414
2019-04-01,600887.XSHG,0.0248507545167319
2019-04-01,600900.XSHG,0.0268749380678614
2019-04-01,601009.XSHG,0.009601330569881
2019-04-01,601021.XSHG,0.0052818913287699
2019-04-01,601117.XSHG,0.0045066225099192
2019-04-01,601225.XSHG,0.0130884610724509
2019-04-01,601288.XSHG,0.1532177072667713
2019-04-01,601318.XSHG,0.1175905582201417
2019-04-01,601668.XSHG,0.0354812435195302
2019-04-01,601877.XSHG,0.0067755009703996
2019-04-01,601939.XSHG,0.0094671886889951
2019-04-01,601985.XSHG,0.0137467675014977
2019-04-01,601988.XSHG,0.1115673029113454
2019-04-01,601992.XSHG,0.005264008115225
2019-04-01,603858.XSHG,0.0017606107134849
2019-05-06,002142.XSHE,0.0075951378481275
2019-05-06,002203.XSHE,0.0012566121068423
2019-05-06,300144.XSHE,0.0019686810801194
2019-05-06,600000.XSHG,0.0254041701267999
2019-05-06,600011.XSHG,0.0053972226732068
2019-05-06,600015.XSHG,0.0075635950968666
2019-05-06,600016.XSHG,0.0169243227171981
2019-05-06,600019.XSHG,0.0116821086284857
2019-05-06,600028.XSHG,0.0398220329655444
2019-05-06,600036.XSHG,0.0535874773075317
2019-05-06,600085.XSHG,0.0031276903246286
2019-05-06,600161.XSHG,0.0016082850296983
2019-05-06,600177.XSHG,0.0025268340382136
2019-05-06,600276.XSHG,0.0216587043629448
2019-05-06,600398.XSHG,0.0030252648540474
2019-05-06,600489.XSHG,0.0020938517156283
2019-05-06,600519.XSHG,0.0871855964638763
2019-05-06,600547.XSHG,0.0032712854098816
2019-05-06,600660.XSHG,0.0036579920195739
2019-05-06,600795.XSHG,0.0039138413066676
2019-05-06,600872.XSHG,0.0021054173191839
2019-05-06,600886.XSHG,0.0040859816549418
2019-05-06,600887.XSHG,0.0138803976975296
2019-05-06,600900.XSHG,0.028498683966878
2019-05-06,600919.XSHG,0.0033599101656173
2019-05-06,600998.XSHG,0.0018935277722587
2019-05-06,601006.XSHG,0.0094184899100412
2019-05-06,601088.XSHG,0.0238637376583426
2019-05-06,601166.XSHG,0.0282269033171598
2019-05-06,601169.XSHG,0.0086809178596121
2019-05-06,601225.XSHG,0.0066110328109821
2019-05-06,601229.XSHG,0.0048994845396349
2019-05-06,601288.XSHG,0.0822205511736639
2019-05-06,601318.XSHG,0.0673326714255577
2019-05-06,601328.XSHG,0.0186122289876063
2019-05-06,601390.XSHG,0.0096083214694476
2019-05-06,601398.XSHG,0.1181392218848928
2019-05-06,601668.XSHG,0.0182478926137817
2019-05-06,601766.XSHG,0.0143258222956485
2019-05-06,601818.XSHG,0.0123207777918348
2019-05-06,601857.XSHG,0.0910459527516504
2019-05-06,601888.XSHG,0.011368805909483
2019-05-06,601898.XSHG,0.0033862707404542
2019-05-06,601933.XSHG,0.0057989227774439
2019-05-06,601939.XSHG,0.0052547102460785
2019-05-06,601985.XSHG,0.006725099954129
2019-05-06,601988.XSHG,0.0610309134971068
2019-05-06,601998.XSHG,0.0149090281249227
2019-05-06,603288.XSHG,0.0183073277207781
2019-05-06,603899.XSHG,0.002570289887453
2019-06-03,000902.XSHE,0.0010878079186045
2019-06-03,001979.XSHE,0.0045356555830509
2019-06-03,002120.XSHE,0.0015152993961144
2019-06-03,002142.XSHE,0.0092697953314023
2019-06-03,002203.XSHE,0.0016216218604985
2019-06-03,300144.XSHE,0.0022112141190601
2019-06-03,600000.XSHG,0.0278689256143719
2019-06-03,600011.XSHG,0.0060830495229522
2019-06-03,600015.XSHG,0.0084882985130683
2019-06-03,600016.XSHG,0.0192351924983685
2019-06-03,600019.XSHG,0.0123959823691132
2019-06-03,600028.XSHG,0.0456995105925377
2019-06-03,600036.XSHG,0.0623852740161604
2019-06-03,600085.XSHG,0.0035374730761276
2019-06-03,600161.XSHG,0.0020754075360539
2019-06-03,600177.XSHG,0.0029879369043925
2019-06-03,600276.XSHG,0.0244759782345041
2019-06-03,600398.XSHG,0.0034954727369598
2019-06-03,600489.XSHG,0.0025333508333215
2019-06-03,600547.XSHG,0.0041203293790961
2019-06-03,600642.XSHG,0.0023410377320926
2019-06-03,600795.XSHG,0.0043532992985116
2019-06-03,600872.XSHG,0.0027138067888381
2019-06-03,600886.XSHG,0.0047427378116008
2019-06-03,600887.XSHG,0.0162921549996459
2019-06-03,600900.XSHG,0.0341554505478347
2019-06-03,600919.XSHG,0.0038452475711252
2019-06-03,600926.XSHG,0.0015006405566483
2019-06-03,601006.XSHG,0.0110307828568978
2019-06-03,601088.XSHG,0.0269074536954982
2019-06-03,601166.XSHG,0.0295623937560856
2019-06-03,601169.XSHG,0.0093525647379214
2019-06-03,601225.XSHG,0.0075955701825721
2019-06-03,601229.XSHG,0.0051978377906866
2019-06-03,601288.XSHG,0.096423851059664
2019-06-03,601318.XSHG,0.0754149085394404
2019-06-03,601328.XSHG,0.020669153092509
2019-06-03,601390.XSHG,0.0105349275994095
2019-06-03,601398.XSHG,0.1351017748815757
2019-06-03,601668.XSHG,0.0203624799288143
2019-06-03,601818.XSHG,0.0136142738714039
2019-06-03,601857.XSHG,0.1014944364468355
2019-06-03,601888.XSHG,0.0131514727331605
2019-06-03,601899.XSHG,0.004955135860602
2019-06-03,601933.XSHG,0.0069560242958318
2019-06-03,601939.XSHG,0.0059121966503339
2019-06-03,601988.XSHG,0.0685563861376136
2019-06-03,601998.XSHG,0.0163521994386358
2019-06-03,603899.XSHG,0.0032950005428119
2019-06-03,603939.XSHG,0.0019912245596383
2019-07-01,001979.XSHE,0.0047046761797671
2019-07-01,002120.XSHE,0.0016641714264677
2019-07-01,002142.XSHE,0.0107862129026984
2019-07-01,002352.XSHE,0.0050237057632114
2019-07-01,300144.XSHE,0.0024951572779698
2019-07-01,600000.XSHG,0.0298582668620896
2019-07-01,600011.XSHG,0.0059635771799217
2019-07-01,600015.XSHG,0.0090394760885915
2019-07-01,600016.XSHG,0.0206558454002069
2019-07-01,600019.XSHG,0.0132342940580653
2019-07-01,600028.XSHG,0.0475105197381669
2019-07-01,600036.XSHG,0.0690631819983792
2019-07-01,600048.XSHG,0.0140514034929126
2019-07-01,600085.XSHG,0.0036893877782927
2019-07-01,600161.XSHG,0.0024612134522304
2019-07-01,600170.XSHG,0.0029337140494943
2019-07-01,600177.XSHG,0.0029114530628873
2019-07-01,600276.XSHG,0.0272619873262023
2019-07-01,600298.XSHG,0.0024673287708307
2019-07-01,600315.XSHG,0.0019488413832122
2019-07-01,600388.XSHG,0.0012173938442941
2019-07-01,600642.XSHG,0.0025027746359407
2019-07-01,600690.XSHG,0.009847173155048
2019-07-01,600795.XSHG,0.0045640934161397
2019-07-01,600886.XSHG,0.0049008524695733
2019-07-01,600887.XSHG,0.0188328735161307
2019-07-01,600900.XSHG,0.0355491983970321
2019-07-01,600919.XSHG,0.0039957055356241
2019-07-01,600926.XSHG,0.0016016043990708
2019-07-01,601006.XSHG,0.0110604886583385
2019-07-01,601088.XSHG,0.0305225891293161
2019-07-01,601166.XSHG,0.0321344484967944
2019-07-01,601169.XSHG,0.0098674515239742
2019-07-01,601225.XSHG,0.0085012502929965
2019-07-01,601229.XSHG,0.0057320584290607
2019-07-01,601288.XSHG,0.096578573164343
2019-07-01,601328.XSHG,0.021936793407686
2019-07-01,601390.XSHG,0.0111430112875012
2019-07-01,601398.XSHG,0.1448119758055589
2019-07-01,601668.XSHG,0.0219107351412086
2019-07-01,601699.XSHG,0.0022038146517644
2019-07-01,601818.XSHG,0.0139060020010565
2019-07-01,601838.XSHG,0.0015123557149543
2019-07-01,601857.XSHG,0.1018081427177845
2019-07-01,601888.XSHG,0.0159784759104928
2019-07-01,601899.XSHG,0.0057263419089202
2019-07-01,601939.XSHG,0.0064933117461745
2019-07-01,601985.XSHG,0.0079649570565996
2019-07-01,601988.XSHG,0.0719002847874408
2019-07-01,601998.XSHG,0.0175708546075803
2019-08-01,001979.XSHE,0.0153959400177776
2019-08-01,002352.XSHE,0.0058643783430971
2019-08-01,600000.XSHG,0.031817750091108
2019-08-01,600011.XSHG,0.0069080746266727
2019-08-01,600015.XSHG,0.0093832450539457
2019-08-01,600016.XSHG,0.02074628207512
2019-08-01,600019.XSHG,0.0134451923173333
2019-08-01,600025.XSHG,0.0041038773716339
2019-08-01,600027.XSHG,0.0027533912363851
2019-08-01,600028.XSHG,0.048567612250581
2019-08-01,600036.XSHG,0.0725712542811984
2019-08-01,600048.XSHG,0.0159886431493445
2019-08-01,600085.XSHG,0.0037371751915239
2019-08-01,600089.XSHG,0.0025411493212118
2019-08-01,600153.XSHG,0.0024494275321227
2019-08-01,600170.XSHG,0.0031011051392428
2019-08-01,600177.XSHG,0.0031331171424857
2019-08-01,600188.XSHG,0.0029483358215111
2019-08-01,600315.XSHG,0.002055468184747
2019-08-01,600377.XSHG,0.0037905508302675
2019-08-01,600606.XSHG,0.0082538996915049
2019-08-01,600660.XSHG,0.0043329352440224
2019-08-01,600674.XSHG,0.0040555642646279
2019-08-01,600690.XSHG,0.0100023142475941
2019-08-01,600795.XSHG,0.0049077623396535
2019-08-01,600886.XSHG,0.0056978123831504
2019-08-01,600900.XSHG,0.0401083289008985
2019-08-01,600919.XSHG,0.0039879163969631
2019-08-01,600926.XSHG,0.0017094324760997
2019-08-01,601006.XSHG,0.0113991719919228
2019-08-01,601009.XSHG,0.0068664611674245
2019-08-01,601088.XSHG,0.0305456900282787
2019-08-01,601166.XSHG,0.0349195782891004
2019-08-01,601169.XSHG,0.0098952958102695
2019-08-01,601225.XSHG,0.0091349653922379
2019-08-01,601229.XSHG,0.0060583997777746
2019-08-01,601288.XSHG,0.1023036389462972
2019-08-01,601328.XSHG,0.0220473355725381
2019-08-01,601390.XSHG,0.0114464304807795
2019-08-01,601398.XSHG,0.1469878625014632
2019-08-01,601668.XSHG,0.0232689975211009
2019-08-01,601699.XSHG,0.0023779799114638
2019-08-01,601818.XSHG,0.0151657351008262
2019-08-01,601838.XSHG,0.0015255776923133
2019-08-01,601857.XSHG,0.1016524005113847
2019-08-01,601939.XSHG,0.0068338783240814
2019-08-01,601985.XSHG,0.0084860001818015
2019-08-01,601988.XSHG,0.0753748437986513
2019-08-01,601998.XSHG,0.0183243051674502
2019-08-01,603659.XSHG,0.0010275159110136
2019-09-02,000333.XSHE,0.0354635027143571
2019-09-02,002352.XSHE,0.0063458784594038
2019-09-02,300015.XSHE,0.0082548214416935
2019-09-02,600000.XSHG,0.030640431989237
2019-09-02,600011.XSHG,0.0064507097076803
2019-09-02,600015.XSHG,0.0090118457105485
2019-09-02,600016.XSHG,0.0200474621250286
2019-09-02,600019.XSHG,0.0124729469467004
2019-09-02,600025.XSHG,0.0039313073718962
2019-09-02,600027.XSHG,0.0025962020925662
2019-09-02,600028.XSHG,0.0461197632532131
2019-09-02,600038.XSHG,0.0028881079094127
2019-09-02,600085.XSHG,0.0036748592079708
2019-09-02,600153.XSHG,0.0024150984795353
2019-09-02,600170.XSHG,0.0029292833485479
2019-09-02,600380.XSHG,0.001794340549485
2019-09-02,600585.XSHG,0.015750885962269
2019-09-02,600674.XSHG,0.0041603968275355
2019-09-02,600690.XSHG,0.0093737879542041
2019-09-02,600795.XSHG,0.0046664395260531
2019-09-02,600863.XSHG,0.0017535022634058
2019-09-02,600879.XSHG,0.001573128520369
2019-09-02,600886.XSHG,0.0063872715824708
2019-09-02,600893.XSHG,0.0046047266481784
2019-09-02,600900.XSHG,0.0388763540859622
2019-09-02,600919.XSHG,0.0073470860572035
2019-09-02,600926.XSHG,0.0016111256445004
2019-09-02,601006.XSHG,0.0111774141952773
2019-09-02,601009.XSHG,0.0063853986672911
2019-09-02,601088.XSHG,0.030711070368837
2019-09-02,601117.XSHG,0.0026891282525059
2019-09-02,601166.XSHG,0.0316159605947178
2019-09-02,601169.XSHG,0.0092633226996217
2019-09-02,601225.XSHG,0.0088163064340754
2019-09-02,601229.XSHG,0.0058508546085262
2019-09-02,601288.XSHG,0.0964052583040367
2019-09-02,601318.XSHG,0.0921713406704091
2019-09-02,601328.XSHG,0.020528889733478
2019-09-02,601333.XSHG,0.0017172154508054
2019-09-02,601390.XSHG,0.0109658602577639
2019-09-02,601398.XSHG,0.1397158466238904
2019-09-02,601607.XSHG,0.003490470239208
2019-09-02,601668.XSHG,0.021992154032929
2019-09-02,601818.XSHG,0.0144679662533965
2019-09-02,601838.XSHG,0.0014769862670236
2019-09-02,601857.XSHG,0.0958968013518185
2019-09-02,601939.XSHG,0.0063458528017408
2019-09-02,601985.XSHG,0.0081409926671792
2019-09-02,601988.XSHG,0.0717331920469475
2019-09-02,601998.XSHG,0.0173004510990902
2019-10-08,000166.XSHE,0.0089440292650389
2019-10-08,000333.XSHE,0.0298609104014569
2019-10-08,000538.XSHE,0.0038992185699476
2019-10-08,000651.XSHE,0.0289466396588756
2019-10-08,000983.XSHE,0.0015476434932885
2019-10-08,002007.XSHE,0.0034845433398857
2019-10-08,300015.XSHE,0.0075594792361107
2019-10-08,600000.XSHG,0.0278863347051434
2019-10-08,600009.XSHG,0.007091814020845
2019-10-08,600011.XSHG,0.0050955641062136
2019-10-08,600015.XSHG,0.0079548491998722
2019-10-08,600016.XSHG,0.0179782866117647
2019-10-08,600019.XSHG,0.0108729059229001
2019-10-08,600028.XSHG,0.0398396946663211
2019-10-08,600036.XSHG,0.0598771354388122
2019-10-08,600085.XSHG,0.0030796597328026
2019-10-08,600170.XSHG,0.0023777645968218
2019-10-08,600276.XSHG,0.0295056234365649
2019-10-08,600362.XSHG,0.0024848736194938
2019-10-08,600585.XSHG,0.0141541260621521
2019-10-08,600606.XSHG,0.0071936769764091
2019-10-08,600674.XSHG,0.0036706576698409
2019-10-08,600690.XSHG,0.0079060574366774
2019-10-08,600795.XSHG,0.0038996738895774
2019-10-08,600900.XSHG,0.0340838288996217
2019-10-08,600919.XSHG,0.0064291093536969
2019-10-08,600926.XSHG,0.0014788896504997
2019-10-08,601006.XSHG,0.0093593176679856
2019-10-08,601009.XSHG,0.0062098829750342
2019-10-08,601088.XSHG,0.0256452426950641
2019-10-08,601166.XSHG,0.0285321545256243
2019-10-08,601169.XSHG,0.0082013298848168
2019-10-08,601225.XSHG,0.0073710991161722
2019-10-08,601229.XSHG,0.0052996450541689
2019-10-08,601288.XSHG,0.085327344968274
2019-10-08,601318.XSHG,0.0794873376265423
2019-10-08,601328.XSHG,0.0179680749962327
2019-10-08,601390.XSHG,0.009386223010259
2019-10-08,601398.XSHG,0.1249954884510368
2019-10-08,601607.XSHG,0.0029262232938169
2019-10-08,601668.XSHG,0.0186961474358635
2019-10-08,601818.XSHG,0.0135769350926322
2019-10-08,601857.XSHG,0.082494931148069
2019-10-08,601939.XSHG,0.0056636637080047
2019-10-08,601985.XSHG,0.006891847036732
2019-10-08,601988.XSHG,0.0632676991035724
2019-10-08,601997.XSHG,0.0022064949734067
2019-10-08,601998.XSHG,0.0152704920769792
2019-10-08,603012.XSHG,0.000797771122245
2019-10-08,603899.XSHG,0.0033216640768307
2019-11-01,000069.XSHE,0.0045961272304085
2019-11-01,000166.XSHE,0.0099643465385597
2019-11-01,000333.XSHE,0.0367469881301556
2019-11-01,000581.XSHE,0.0013360271737502
2019-11-01,002024.XSHE,0.0076464748989439
2019-11-01,600000.XSHG,0.0328723070534664
2019-11-01,600015.XSHG,0.0088931647312697
2019-11-01,600016.XSHG,0.020105214986761
2019-11-01,600019.XSHG,0.0117597242480467
2019-11-01,600028.XSHG,0.0428677196656721
2019-11-01,600036.XSHG,0.06926496246819
2019-11-01,600085.XSHG,0.0034121773220324
2019-11-01,600104.XSHG,0.0251693127472012
2019-11-01,600219.XSHG,0.0019035137896093
2019-11-01,600362.XSHG,0.0027034213279474
2019-11-01,600585.XSHG,0.015950446697937
2019-11-01,600606.XSHG,0.0076019907187544
2019-11-01,600660.XSHG,0.003959868573506
2019-11-01,600674.XSHG,0.0039496468354711
2019-11-01,600704.XSHG,0.0022441231964618
2019-11-01,600795.XSHG,0.0042183510319885
2019-11-01,600900.XSHG,0.0360865785168199
2019-11-01,600919.XSHG,0.0075756204707685
2019-11-01,600926.XSHG,0.003593201744241
2019-11-01,601006.XSHG,0.0105427098974304
2019-11-01,601009.XSHG,0.0068555189301562
2019-11-01,601021.XSHG,0.0037556599630729
2019-11-01,601088.XSHG,0.027806671749379
2019-11-01,601117.XSHG,0.0027424533670181
2019-11-01,601166.XSHG,0.033890780449694
2019-11-01,601169.XSHG,0.0094249582825861
2019-11-01,601186.XSHG,0.0101625381175129
2019-11-01,601225.XSHG,0.007770320318219
2019-11-01,601229.XSHG,0.005793543829554
2019-11-01,601288.XSHG,0.0987337426110076
2019-11-01,601318.XSHG,0.0894800649982993
2019-11-01,601328.XSHG,0.0203807970442362
2019-11-01,601390.XSHG,0.00996777005087
2019-11-01,601398.XSHG,0.1469202021675313
2019-11-01,601577.XSHG,0.0008245396427298
2019-11-01,601607.XSHG,0.0033323612687598
2019-11-01,601618.XSHG,0.0045039145934136
2019-11-01,601668.XSHG,0.0199280622124272
2019-11-01,601766.XSHG,0.0151586896173811
2019-11-01,601838.XSHG,0.0014829710903041
2019-11-01,601939.XSHG,0.0064248439918609
2019-11-01,601985.XSHG,0.007254046695553
2019-11-01,601988.XSHG,0.0715412937524581
2019-11-01,601997.XSHG,0.0026360099865008
2019-11-01,601998.XSHG,0.0182642252740795
2019-12-02,000166.XSHE,0.0109087878559654
2019-12-02,000528.XSHE,0.000948516812154
2019-12-02,000581.XSHE,0.0015942941058254
2019-12-02,000623.XSHE,0.0017941723303859
2019-12-02,000728.XSHE,0.0024995968530361
2019-12-02,000778.XSHE,0.0015839163885796
2019-12-02,000983.XSHE,0.0018420863011701
2019-12-02,002128.XSHE,0.0013534887065349
2019-12-02,600000.XSHG,0.0338553300043611
2019-12-02,600015.XSHG,0.0096689583069977
2019-12-02,600016.XSHG,0.0222055606431473
2019-12-02,600028.XSHG,0.0480046219785965
2019-12-02,600036.XSHG,0.0755990500904757
2019-12-02,600085.XSHG,0.0036647900397897
2019-12-02,600104.XSHG,0.0270615543497996
2019-12-02,600170.XSHG,0.0029801459652142
2019-12-02,600177.XSHG,0.0034348060887857
2019-12-02,600219.XSHG,0.0021355756408964
2019-12-02,600307.XSHG,0.0012840159234635
2019-12-02,600309.XSHG,0.0071220719662048
2019-12-02,600348.XSHG,0.0012618782883154
2019-12-02,600362.XSHG,0.0030096358573808
2019-12-02,600377.XSHG,0.0041030840976767
2019-12-02,600567.XSHG,0.001493581265274
2019-12-02,600606.XSHG,0.0081998259636254
2019-12-02,600660.XSHG,0.0044985364517084
2019-12-02,600674.XSHG,0.0043291189481667
2019-12-02,600795.XSHG,0.0045469275976695
2019-12-02,600900.XSHG,0.0400550209977057
2019-12-02,600919.XSHG,0.0080449024000808
2019-12-02,600926.XSHG,0.0038958633284356
2019-12-02,600999.XSHG,0.0095999299663934
2019-12-02,601006.XSHG,0.011934537079383
2019-12-02,601088.XSHG,0.0289370882467315
2019-12-02,601166.XSHG,0.0365831607476197
2019-12-02,601169.XSHG,0.0102782779321896
2019-12-02,601229.XSHG,0.0124361430556131
2019-12-02,601288.XSHG,0.1080312539724773
2019-12-02,601318.XSHG,0.091567213644642
2019-12-02,601328.XSHG,0.021869225855698
2019-12-02,601398.XSHG,0.1589745253580341
2019-12-02,601766.XSHG,0.0160484029021888
2019-12-02,601838.XSHG,0.0016310762973083
2019-12-02,601901.XSHG,0.0056058965016683
2019-12-02,601939.XSHG,0.0069322793062866
2019-12-02,601985.XSHG,0.0075825311704264
2019-12-02,601988.XSHG,0.0774319093550462
2019-12-02,601997.XSHG,0.0028506810504891
2019-12-02,601998.XSHG,0.0192983102421148
2019-12-02,603288.XSHG,0.0294278417682647
2020-01-02,000069.XSHE,0.0055156922466725
2020-01-02,000166.XSHE,0.0117256145165456
2020-01-02,000402.XSHE,0.0024601792762433
2020-01-02,000528.XSHE,0.0010492421897981
2020-01-02,000623.XSHE,0.0019604555437287
2020-01-02,000630.XSHE,0.002260378771917
2020-01-02,000728.XSHE,0.0027593938514303
2020-01-02,000983.XSHE,0.0019485393386649
2020-01-02,001979.XSHE,0.0162597084904161
2020-01-02,002024.XSHE,0.0080601002098499
2020-01-02,002128.XSHE,0.0014317059884068
2020-01-02,002673.XSHE,0.0034674040891661
2020-01-02,600015.XSHG,0.0099758949082395
2020-01-02,600016.XSHG,0.0227878819352536
2020-01-02,600028.XSHG,0.0499158722660372
2020-01-02,600036.XSHG,0.0810373765152699
2020-01-02,600064.XSHG,0.0012362907714401
2020-01-02,600089.XSHG,0.0025219115886187
2020-01-02,600104.XSHG,0.0280922304864068
2020-01-02,600153.XSHG,0.0025953389806823
2020-01-02,600170.XSHG,0.0030698328589964
2020-01-02,600177.XSHG,0.0036374175843042
2020-01-02,600219.XSHG,0.0022348851212209
2020-01-02,600606.XSHG,0.0086306585261106
2020-01-02,600660.XSHG,0.004970367018819
2020-01-02,600795.XSHG,0.0046856026987202
2020-01-02,600900.XSHG,0.0410555322626515
2020-01-02,600901.XSHG,0.0011661384527605
2020-01-02,600919.XSHG,0.0083780202852937
2020-01-02,600926.XSHG,0.0044223003970652
2020-01-02,601006.XSHG,0.0122721715508089
2020-01-02,601009.XSHG,0.0075931983839324
2020-01-02,601088.XSHG,0.030974869949904
2020-01-02,601166.XSHG,0.0389042164856504
2020-01-02,601169.XSHG,0.0105645806393413
2020-01-02,601186.XSHG,0.0120991045259572
2020-01-02,601229.XSHG,0.0127829879366787
2020-01-02,601288.XSHG,0.110820459073314
2020-01-02,601318.XSHG,0.0942586953799399
2020-01-02,601328.XSHG,0.0225257711452877
2020-01-02,601390.XSHG,0.0114111306741716
2020-01-02,601398.XSHG,0.1626282550454762
2020-01-02,601577.XSHG,0.0009151489410523
2020-01-02,601618.XSHG,0.0051407787305939
2020-01-02,601766.XSHG,0.0167645368914413
2020-01-02,601838.XSHG,0.0017320056940274
2020-01-02,601939.XSHG,0.0070857153578951
2020-01-02,601988.XSHG,0.0792181332580684
2020-01-02,601997.XSHG,0.0029776183638295
2020-01-02,601998.XSHG,0.020018654801898
2020-02-03,000630.XSHE,0.0019630835900938
2020-02-03,002024.XSHE,0.0067035242526086
2020-02-03,002142.XSHE,0.0134339091344768
2020-02-03,002221.XSHE,0.0012357693387926
2020-02-03,002311.XSHE,0.0048042709193968
2020-02-03,002352.XSHE,0.0157372970725649
2020-02-03,002737.XSHE,0.0008157738000559
2020-02-03,300760.XSHE,0.0087003097697011
2020-02-03,600015.XSHG,0.0084356884017525
2020-02-03,600016.XSHG,0.0189095584747001
2020-02-03,600028.XSHG,0.0413725580681706
2020-02-03,600036.XSHG,0.0677207144013526
2020-02-03,600039.XSHG,0.000981647453812
2020-02-03,600056.XSHG,0.0014664162369942
2020-02-03,600062.XSHG,0.0013618798092525
2020-02-03,600085.XSHG,0.0036372840506689
2020-02-03,600161.XSHG,0.003046726589484
2020-02-03,600196.XSHG,0.0048376368780248
2020-02-03,600276.XSHG,0.0353437408679685
2020-02-03,600323.XSHG,0.0013787453129446
2020-02-03,600332.XSHG,0.004915653607033
2020-02-03,600436.XSHG,0.006751352751631
2020-02-03,600519.XSHG,0.118184772201241
2020-02-03,600535.XSHG,0.0021575563705441
2020-02-03,600660.XSHG,0.004257213431213
2020-02-03,600674.XSHG,0.0034612283007073
2020-02-03,600741.XSHG,0.0075577213987388
2020-02-03,600887.XSHG,0.0157252516256621
2020-02-03,600900.XSHG,0.0353170509143598
2020-02-03,600919.XSHG,0.0069477251632093
2020-02-03,600926.XSHG,0.003715300993345
2020-02-03,601006.XSHG,0.0100590932849498
2020-02-03,601009.XSHG,0.0060492002094432
2020-02-03,601088.XSHG,0.0246961442891909
2020-02-03,601166.XSHG,0.0305493972786337
2020-02-03,601169.XSHG,0.0087385790171907
2020-02-03,601225.XSHG,0.0074971184873661
2020-02-03,601229.XSHG,0.0103775003547738
2020-02-03,601288.XSHG,0.0928674008927525
2020-02-03,601318.XSHG,0.0788890251299216
2020-02-03,601328.XSHG,0.0187963926611572
2020-02-03,601398.XSHG,0.1369440711312248
2020-02-03,601577.XSHG,0.000730355708569
2020-02-03,601607.XSHG,0.0037284599863196
2020-02-03,601838.XSHG,0.0014076803292898
2020-02-03,601939.XSHG,0.0057899454176045
2020-02-03,601988.XSHG,0.0677482468727026
2020-02-03,601997.XSHG,0.0023388944524323
2020-02-03,601998.XSHG,0.0161457930680187
2020-02-03,603288.XSHG,0.0257693402479568
2020-03-02,000002.XSHE,0.0260646299157628
2020-03-02,000166.XSHE,0.0094385347239278
2020-03-02,000333.XSHE,0.031962293115138
2020-03-02,000630.XSHE,0.0019323374363812
2020-03-02,000703.XSHE,0.0030482354206795
2020-03-02,001979.XSHE,0.0126300225937338
2020-03-02,002024.XSHE,0.0063457503849767
2020-03-02,002032.XSHE,0.0038539823382174
2020-03-02,002142.XSHE,0.012930890913162
2020-03-02,002179.XSHE,0.0035934414284245
2020-03-02,002311.XSHE,0.004760942654364
2020-03-02,002673.XSHE,0.0030029035764817
2020-03-02,600016.XSHG,0.017756726383933
2020-03-02,600028.XSHG,0.0387066784558049
2020-03-02,600036.XSHG,0.06178084594909
2020-03-02,600048.XSHG,0.0171639084998729
2020-03-02,600062.XSHG,0.0012281630078937
2020-03-02,600066.XSHG,0.0029498315742659
2020-03-02,600085.XSHG,0.0031416905628223
2020-03-02,600089.XSHG,0.0021287377159107
2020-03-02,600170.XSHG,0.0027626704773808
2020-03-02,600196.XSHG,0.0047833716781226
2020-03-02,600219.XSHG,0.0018388367887077
2020-03-02,600276.XSHG,0.0324046152142691
2020-03-02,600323.XSHG,0.0013346481284228
2020-03-02,600519.XSHG,0.1175747025098361
2020-03-02,600660.XSHG,0.0040894516922899
2020-03-02,600741.XSHG,0.0077573627247645
2020-03-02,600887.XSHG,0.0150781418838599
2020-03-02,600900.XSHG,0.0327254410230766
2020-03-02,600919.XSHG,0.0063894029586586
2020-03-02,600926.XSHG,0.0035419374076452
2020-03-02,601006.XSHG,0.0092379275300055
2020-03-02,601009.XSHG,0.0057823907136101
2020-03-02,601166.XSHG,0.0288825892716502
2020-03-02,601169.XSHG,0.0081936100074833
2020-03-02,601186.XSHG,0.0103599751764161
2020-03-02,601225.XSHG,0.0070239214246833
2020-03-02,601229.XSHG,0.0099893070403051
2020-03-02,601288.XSHG,0.0876853696317532
2020-03-02,601318.XSHG,0.0742407227844139
2020-03-02,601328.XSHG,0.017894803300942
2020-03-02,601398.XSHG,0.124545025504475
2020-03-02,601668.XSHG,0.0207277648851288
2020-03-02,601838.XSHG,0.0013516954115202
2020-03-02,601939.XSHG,0.0054486845462847
2020-03-02,601988.XSHG,0.0653919201859057
2020-03-02,601997.XSHG,0.0022726412765205
2020-03-02,603288.XSHG,0.0237264320389913
2020-03-02,603939.XSHG,0.0025440901320321
2020-04-01,000166.XSHE,0.0095931448256258
2020-04-01,000538.XSHE,0.0049227204191217
2020-04-01,000598.XSHE,0.0013844605755269
2020-04-01,002024.XSHE,0.0067484346473703
2020-04-01,002032.XSHE,0.0041220028668683
2020-04-01,002179.XSHE,0.0035190331705488
2020-04-01,002773.XSHE,0.0022987513516397
2020-04-01,300122.XSHE,0.0055923657568703
2020-04-01,600015.XSHG,0.0080635062676278
2020-04-01,600016.XSHG,0.0196118073501406
2020-04-01,600019.XSHG,0.0103364848136713
2020-04-01,600028.XSHG,0.0407728574522981
2020-04-01,600036.XSHG,0.0644211315866915
2020-04-01,600050.XSHG,0.0107129750073404
2020-04-01,600085.XSHG,0.0033124810755972
2020-04-01,600219.XSHG,0.0019596228395168
2020-04-01,600276.XSHG,0.0386036496341221
2020-04-01,600282.XSHG,0.0013362759943307
2020-04-01,600436.XSHG,0.0071357762322148
2020-04-01,600519.XSHG,0.1346710228130961
2020-04-01,600795.XSHG,0.0038580098730131
2020-04-01,600886.XSHG,0.0052237351401037
2020-04-01,600887.XSHG,0.0167511091330757
2020-04-01,600900.XSHG,0.0364148014578871
2020-04-01,600919.XSHG,0.0066403739543944
2020-04-01,600926.XSHG,0.0034843462517116
2020-04-01,600999.XSHG,0.0095876316153544
2020-04-01,601006.XSHG,0.0097246265487063
2020-04-01,601009.XSHG,0.0059935473766865
2020-04-01,601088.XSHG,0.0256453476951179
2020-04-01,601166.XSHG,0.0295543732431719
2020-04-01,601169.XSHG,0.0085664972186214
2020-04-01,601225.XSHG,0.0072895695012585
2020-04-01,601229.XSHG,0.0105824364350044
2020-04-01,601288.XSHG,0.0966020450295905
2020-04-01,601328.XSHG,0.0196851868043119
2020-04-01,601390.XSHG,0.0097815644624546
2020-04-01,601398.XSHG,0.1352165589642298
2020-04-01,601600.XSHG,0.0036609847118032
2020-04-01,601668.XSHG,0.0208900858218162
2020-04-01,601727.XSHG,0.0049114855868711
2020-04-01,601766.XSHG,0.0153930403622849
2020-04-01,601818.XSHG,0.0139297012524167
2020-04-01,601838.XSHG,0.0013863154414764
2020-04-01,601939.XSHG,0.0059490211232891
2020-04-01,601985.XSHG,0.0066112525586952
2020-04-01,601988.XSHG,0.071288489918348
2020-04-01,601997.XSHG,0.0022885039800248
2020-04-01,603288.XSHG,0.0319676766921939
2020-04-01,603883.XSHG,0.0020031771658651
2020-05-06,000166.XSHE,0.0086324718899796
2020-05-06,000333.XSHE,0.0319154870549712
2020-05-06,000513.XSHE,0.0020906634950007
2020-05-06,000538.XSHE,0.0047434423639132
2020-05-06,000623.XSHE,0.001520399210186
2020-05-06,000776.XSHE,0.0070018549498025
2020-05-06,002004.XSHE,0.000838054125383
2020-05-06,002179.XSHE,0.0032827875061657
2020-05-06,002493.XSHE,0.0061472931613321
2020-05-06,600000.XSHG,0.0253630864905377
2020-05-06,600015.XSHG,0.0072022127823437
2020-05-06,600016.XSHG,0.0178683113542824
2020-05-06,600019.XSHG,0.0093668383592963
2020-05-06,600028.XSHG,0.0365237757041431
2020-05-06,600036.XSHG,0.0616361392114453
2020-05-06,600048.XSHG,0.0163388194927127
2020-05-06,600050.XSHG,0.0097387202636298
2020-05-06,600062.XSHG,0.0011530239728951
2020-05-06,600085.XSHG,0.0030528961483019
2020-05-06,600153.XSHG,0.0020939363492868
2020-05-06,600276.XSHG,0.0367128665192158
2020-05-06,600282.XSHG,0.0012168215850144
2020-05-06,600436.XSHG,0.0075732934949063
2020-05-06,600519.XSHG,0.1408988052989663
2020-05-06,600535.XSHG,0.0018793667249645
2020-05-06,600763.XSHG,0.003435937264288
2020-05-06,600795.XSHG,0.00335693141024
2020-05-06,600887.XSHG,0.0148039527092606
2020-05-06,600900.XSHG,0.0327239614370088
2020-05-06,600919.XSHG,0.0059143292678319
2020-05-06,600926.XSHG,0.0033882012752721
2020-05-06,600999.XSHG,0.0089715023856085
2020-05-06,601006.XSHG,0.0089788604202776
2020-05-06,601009.XSHG,0.0056131960116247
2020-05-06,601088.XSHG,0.0224380759881808
2020-05-06,601169.XSHG,0.0077776502321174
2020-05-06,601229.XSHG,0.0092795876415609
2020-05-06,601288.XSHG,0.0867682899581306
2020-05-06,601318.XSHG,0.0689346152518413
2020-05-06,601328.XSHG,0.0173729078541763
2020-05-06,601336.XSHG,0.0081562252434845
2020-05-06,601390.XSHG,0.0094227461171544
2020-05-06,601398.XSHG,0.1188683927211874
2020-05-06,601668.XSHG,0.0186508702199035
2020-05-06,601727.XSHG,0.0044726747092891
2020-05-06,601766.XSHG,0.0130346787475456
2020-05-06,601818.XSHG,0.0126745042079654
2020-05-06,601939.XSHG,0.0052478257036702
2020-05-06,601988.XSHG,0.0627371200730076
2020-05-06,603858.XSHG,0.0021855956406946
2020-06-01,000166.XSHE,0.0098842137075396
2020-06-01,000333.XSHE,0.0401047942916549
2020-06-01,000538.XSHE,0.0052333453244052
2020-06-01,000729.XSHE,0.0015839256599591
2020-06-01,000776.XSHE,0.0078293903361764
2020-06-01,002024.XSHE,0.0067452047384373
2020-06-01,002128.XSHE,0.001297066086408
2020-06-01,002179.XSHE,0.0036642151544457
2020-06-01,002294.XSHE,0.0020730076594775
2020-06-01,002352.XSHE,0.0196953812617069
2020-06-01,002736.XSHE,0.0087565998570684
2020-06-01,600000.XSHG,0.0291094103368019
2020-06-01,600016.XSHG,0.0198658215474158
2020-06-01,600019.XSHG,0.0106016980489719
2020-06-01,600027.XSHG,0.0025106115831352
2020-06-01,600030.XSHG,0.0220880817634849
2020-06-01,600048.XSHG,0.0171758740055935
2020-06-01,600050.XSHG,0.0105386870099983
2020-06-01,600064.XSHG,0.001133533414483
2020-06-01,600085.XSHG,0.0033999735828597
2020-06-01,600276.XSHG,0.0413169689733882
2020-06-01,600282.XSHG,0.0012206737420873
2020-06-01,600436.XSHG,0.0087164106417967
2020-06-01,600519.XSHG,0.1734254130023799
2020-06-01,600535.XSHG,0.0021935122625588
2020-06-01,600549.XSHG,0.00169429960468
2020-06-01,600820.XSHG,0.0019233829794867
2020-06-01,600900.XSHG,0.0380857046517839
2020-06-01,600919.XSHG,0.0066446365672056
2020-06-01,600926.XSHG,0.0043013556634156
2020-06-01,600958.XSHG,0.0052289653740313
2020-06-01,600999.XSHG,0.0095054150552537
2020-06-01,601006.XSHG,0.0099188352829647
2020-06-01,601009.XSHG,0.0065336130161336
2020-06-01,601088.XSHG,0.0265599734005109
2020-06-01,601169.XSHG,0.0087494702977709
2020-06-01,601211.XSHG,0.0117762939598146
2020-06-01,601229.XSHG,0.0104731478631519
2020-06-01,601288.XSHG,0.0978080094897006
2020-06-01,601328.XSHG,0.0196596491145256
2020-06-01,601390.XSHG,0.0096428383913565
2020-06-01,601398.XSHG,0.1353033576657008
2020-06-01,601618.XSHG,0.0044101663319553
2020-06-01,601668.XSHG,0.0203016675707171
2020-06-01,601688.XSHG,0.0128016538846541
2020-06-01,601766.XSHG,0.0139359766117501
2020-06-01,601818.XSHG,0.0148678859261024
2020-06-01,601939.XSHG,0.0059715008804409
2020-06-01,601988.XSHG,0.071129268202021
2020-06-01,603858.XSHG,0.0026091182226353
2020-07-01,000166.XSHE,0.0093676233371975
2020-07-01,000333.XSHE,0.0348351640265619
2020-07-01,000538.XSHE,0.0045577328882428
2020-07-01,000623.XSHE,0.0014769050345255
2020-07-01,000768.XSHE,0.004123963948619
2020-07-01,000776.XSHE,0.0070352929769903
2020-07-01,000783.XSHE,0.0030948672207364
2020-07-01,002032.XSHE,0.0035837370684461
2020-07-01,002352.XSHE,0.0196702172518445
2020-07-01,002493.XSHE,0.0058198161402738
2020-07-01,002736.XSHE,0.0076180216610278
2020-07-01,300012.XSHE,0.0025131930393256
2020-07-01,600000.XSHG,0.0245545225683663
2020-07-01,600015.XSHG,0.006467448304178
2020-07-01,600016.XSHG,0.0165880305301373
2020-07-01,600019.XSHG,0.0083631761329282
2020-07-01,600030.XSHG,0.0197372229946038
2020-07-01,600036.XSHG,0.058383977895603
2020-07-01,600048.XSHG,0.0154346643455659
2020-07-01,600062.XSHG,0.0011338405435962
2020-07-01,600085.XSHG,0.0030715306498636
2020-07-01,600325.XSHG,0.0012775698609397
2020-07-01,600436.XSHG,0.0085223180534727
2020-07-01,600519.XSHG,0.152703627082161
2020-07-01,600585.XSHG,0.0180227604415208
2020-07-01,600887.XSHG,0.0153068351444599
2020-07-01,600900.XSHG,0.0348100408862694
2020-07-01,600919.XSHG,0.0053538141139808
2020-07-01,600926.XSHG,0.0037261620082451
2020-07-01,600958.XSHG,0.0044707880264661
2020-07-01,601006.XSHG,0.0084901743632838
2020-07-01,601009.XSHG,0.0051338608889108
2020-07-01,601088.XSHG,0.0197746006514397
2020-07-01,601169.XSHG,0.0073927687166498
2020-07-01,601211.XSHG,0.0107124827163524
2020-07-01,601229.XSHG,0.0092577071594166
2020-07-01,601288.XSHG,0.0810944154337942
2020-07-01,601318.XSHG,0.0647716378008134
2020-07-01,601319.XSHG,0.0030622529124616
2020-07-01,601328.XSHG,0.0164763560995504
2020-07-01,601336.XSHG,0.0077632902663393
2020-07-01,601398.XSHG,0.1094466197433865
2020-07-01,601607.XSHG,0.0029033863255922
2020-07-01,601668.XSHG,0.0164109223006287
2020-07-01,601688.XSHG,0.0115399972398007
2020-07-01,601818.XSHG,0.0124363278746277
2020-07-01,601939.XSHG,0.0049636777326536
2020-07-01,601988.XSHG,0.0600108592245437
2020-07-01,601998.XSHG,0.0137821856836893
2020-07-01,603288.XSHG,0.0329516126899141
2020-08-03,000333.XSHE,0.0537311647393746
2020-08-03,000538.XSHE,0.0075804497395593
2020-08-03,000778.XSHE,0.0016126445169979
2020-08-03,000932.XSHE,0.0021047821908196
2020-08-03,000999.XSHE,0.0032533332698289
2020-08-03,002352.XSHE,0.0336863542366694
2020-08-03,002647.XSHE,0.0025100262450897
2020-08-03,002698.XSHE,0.0013099657074474
2020-08-03,300068.XSHE,0.0012876170739214
2020-08-03,600000.XSHG,0.0317084149804931
2020-08-03,600008.XSHG,0.0021012509583145
2020-08-03,600015.XSHG,0.008908321801675
2020-08-03,600016.XSHG,0.0213696969749311
2020-08-03,600018.XSHG,0.0114529822024312
2020-08-03,600019.XSHG,0.0119345553368595
2020-08-03,600028.XSHG,0.0415306971532061
2020-08-03,600062.XSHG,0.0016711542930787
2020-08-03,600066.XSHG,0.0033785253906708
2020-08-03,600085.XSHG,0.004107013381621
2020-08-03,600177.XSHG,0.003361407001113
2020-08-03,600252.XSHG,0.0015027956637813
2020-08-03,600323.XSHG,0.0022298803495238
2020-08-03,600332.XSHG,0.0057444945676147
2020-08-03,600585.XSHG,0.0269722106425896
2020-08-03,600795.XSHG,0.0043873007444225
2020-08-03,600875.XSHG,0.002304967693397
2020-08-03,600886.XSHG,0.0063472409204362
2020-08-03,600887.XSHG,0.0243642166255068
2020-08-03,600900.XSHG,0.043706294084969
2020-08-03,600977.XSHG,0.0029988266345766
2020-08-03,601006.XSHG,0.0105056682877016
2020-08-03,601009.XSHG,0.0072074861183979
2020-08-03,601088.XSHG,0.0278646084181725
2020-08-03,601169.XSHG,0.0096317084673762
2020-08-03,601225.XSHG,0.0087789758986323
2020-08-03,601229.XSHG,0.0122602096941917
2020-08-03,601288.XSHG,0.1032601735220516
2020-08-03,601328.XSHG,0.0202920740298026
2020-08-03,601390.XSHG,0.0113519141307643
2020-08-03,601398.XSHG,0.1455216937892587
2020-08-03,601607.XSHG,0.0046996984449652
2020-08-03,601618.XSHG,0.0054757954194008
2020-08-03,601668.XSHG,0.0227135194608129
2020-08-03,601766.XSHG,0.0156356641438182
2020-08-03,601799.XSHG,0.0043882043719985
2020-08-03,601857.XSHG,0.0786217886837035
2020-08-03,601939.XSHG,0.0063946704540674
2020-08-03,601985.XSHG,0.0074566340916898
2020-08-03,601988.XSHG,0.0762965426278827
2020-08-03,603288.XSHG,0.0524843848243894
2020-09-01,000333.XSHE,0.0427102103610736
2020-09-01,002647.XSHE,0.0024327001219435
2020-09-01,600000.XSHG,0.0251885920950065
2020-09-01,600008.XSHG,0.0016837083356746
2020-09-01,600009.XSHG,0.0072203649149697
2020-09-01,600015.XSHG,0.0071256247172997
2020-09-01,600016.XSHG,0.0171736561593933
2020-09-01,600019.XSHG,0.0095718510065134
2020-09-01,600028.XSHG,0.0335424124263803
2020-09-01,600029.XSHG,0.0041402171493279
2020-09-01,600039.XSHG,0.0013459821143287
2020-09-01,600115.XSHG,0.0042631022131407
2020-09-01,600170.XSHG,0.0024508394945357
2020-09-01,600177.XSHG,0.0030602187597619
2020-09-01,600323.XSHG,0.0020289682621334
2020-09-01,600388.XSHG,0.0010093822929458
2020-09-01,600406.XSHG,0.0058028619517637
2020-09-01,600519.XSHG,0.1971656398201636
2020-09-01,600567.XSHG,0.0012983071057459
2020-09-01,600585.XSHG,0.0210072037475621
2020-09-01,600637.XSHG,0.0031554824127828
2020-09-01,600704.XSHG,0.001849323992412
2020-09-01,600795.XSHG,0.0034916021516385
2020-09-01,600875.XSHG,0.0017915001925526
2020-09-01,600886.XSHG,0.0054319291705784
2020-09-01,600900.XSHG,0.0374238239609209
2020-09-01,600919.XSHG,0.0064713217608746
2020-09-01,600977.XSHG,0.0024457687501722
2020-09-01,601006.XSHG,0.0085464237729569
2020-09-01,601021.XSHG,0.003541827994576
2020-09-01,601088.XSHG,0.0231976373803823
2020-09-01,601155.XSHG,0.0068963027661957
2020-09-01,601166.XSHG,0.0279341109863898
2020-09-01,601169.XSHG,0.0077245828672994
2020-09-01,601225.XSHG,0.007107443176491
2020-09-01,601229.XSHG,0.0099239139580861
2020-09-01,601288.XSHG,0.0822161758314902
2020-09-01,601328.XSHG,0.0161366900501976
2020-09-01,601390.XSHG,0.0091716110570531
2020-09-01,601398.XSHG,0.1164781527243635
2020-09-01,601618.XSHG,0.0044161469691012
2020-09-01,601668.XSHG,0.0185410712293852
2020-09-01,601766.XSHG,0.0123748198854404
2020-09-01,601799.XSHG,0.0041059557142696
2020-09-01,601857.XSHG,0.0621967791051133
2020-09-01,601939.XSHG,0.0051808276104645
2020-09-01,601985.XSHG,0.0063314304852137
2020-09-01,601988.XSHG,0.0596631463367891
2020-09-01,603288.XSHG,0.0532541576321264
2020-09-01,603568.XSHG,0.0027781970250166
2020-10-09,000001.XSHE,0.021920222127448
2020-10-09,000002.XSHE,0.0202617971843532
2020-10-09,000333.XSHE,0.037348132602207
2020-10-09,000623.XSHE,0.0014486410354284
2020-10-09,000651.XSHE,0.0243226336681
2020-10-09,000983.XSHE,0.0014113758298788
2020-10-09,002647.XSHE,0.0023395446729415
2020-10-09,600016.XSHG,0.0139856704661648
2020-10-09,600019.XSHG,0.0083257828783797
2020-10-09,600025.XSHG,0.0028234870403206
2020-10-09,600028.XSHG,0.0279448156132334
2020-10-09,600029.XSHG,0.0035430971015071
2020-10-09,600036.XSHG,0.0555377467143601
2020-10-09,600048.XSHG,0.0143011027664374
2020-10-09,600104.XSHG,0.0172139050880702
2020-10-09,600177.XSHG,0.0024077274410835
2020-10-09,600276.XSHG,0.036234385869144
2020-10-09,600519.XSHG,0.1585355134253482
2020-10-09,600567.XSHG,0.0010703561359368
2020-10-09,600582.XSHG,0.0009546774596526
2020-10-09,600637.XSHG,0.0025052250440746
2020-10-09,600795.XSHG,0.0029829378304969
2020-10-09,600886.XSHG,0.0045143534112224
2020-10-09,600900.XSHG,0.0320136104372007
2020-10-09,600919.XSHG,0.0051968528792653
2020-10-09,600977.XSHG,0.0019602615378814
2020-10-09,601006.XSHG,0.0071243591502426
2020-10-09,601009.XSHG,0.0049863033090927
2020-10-09,601088.XSHG,0.0203458203056223
2020-10-09,601111.XSHG,0.0052780678014293
2020-10-09,601155.XSHG,0.0057813539697508
2020-10-09,601166.XSHG,0.0236018783087755
2020-10-09,601169.XSHG,0.0063819893450316
2020-10-09,601186.XSHG,0.0071902230277084
2020-10-09,601211.XSHG,0.0103699114383734
2020-10-09,601225.XSHG,0.0066226635723313
2020-10-09,601229.XSHG,0.0082454816575763
2020-10-09,601288.XSHG,0.0693634924464993
2020-10-09,601318.XSHG,0.0627936079838982
2020-10-09,601328.XSHG,0.0132893366989028
2020-10-09,601390.XSHG,0.0082734870698015
2020-10-09,601398.XSHG,0.0985062393835321
2020-10-09,601618.XSHG,0.0035735256838273
2020-10-09,601668.XSHG,0.015655781316416
2020-10-09,601766.XSHG,0.0100651506734572
2020-10-09,601857.XSHG,0.0497621122844796
2020-10-09,601939.XSHG,0.0043832402230996
2020-10-09,601985.XSHG,0.0051658237739035
2020-10-09,601988.XSHG,0.0503439483474287
2020-10-09,601997.XSHG,0.0017923459686807
2020-11-02,000002.XSHE,0.0200232125364852
2020-11-02,000623.XSHE,0.0014175947675524
2020-11-02,000651.XSHE,0.026499141753746
2020-11-02,000999.XSHE,0.001941636041906
2020-11-02,002647.XSHE,0.0024292796325453
2020-11-02,002841.XSHE,0.0030667066887729
2020-11-02,600000.XSHG,0.0200226327614009
2020-11-02,600015.XSHG,0.0057210292758767
2020-11-02,600016.XSHG,0.0134159634204563
2020-11-02,600019.XSHG,0.0090682558548113
2020-11-02,600025.XSHG,0.002719217829482
2020-11-02,600028.XSHG,0.0275538655102029
2020-11-02,600036.XSHG,0.0612325938194397
2020-11-02,600048.XSHG,0.0136701249174134
2020-11-02,600050.XSHG,0.0106069570958847
2020-11-02,600056.XSHG,0.001198863302868
2020-11-02,600104.XSHG,0.02076482786547
2020-11-02,600177.XSHG,0.0024681157468305
2020-11-02,600219.XSHG,0.0020886877351082
2020-11-02,600276.XSHG,0.0348479426404302
2020-11-02,600507.XSHG,0.0010032469655431
2020-11-02,600519.XSHG,0.1550800178838409
2020-11-02,600585.XSHG,0.0150637577135353
2020-11-02,600848.XSHG,0.0017096920834634
2020-11-02,600886.XSHG,0.004643259776929
2020-11-02,600900.XSHG,0.0331903266856246
2020-11-02,600919.XSHG,0.0050323474896664
2020-11-02,601006.XSHG,0.0069509837661626
2020-11-02,601088.XSHG,0.0203097336683848
2020-11-02,601155.XSHG,0.0054679887118799
2020-11-02,601166.XSHG,0.0257486004448025
2020-11-02,601169.XSHG,0.0062979781394975
2020-11-02,601186.XSHG,0.0069816808087945
2020-11-02,601211.XSHG,0.0098564808613434
2020-11-02,601229.XSHG,0.0078608871702773
2020-11-02,601288.XSHG,0.0687429286807274
2020-11-02,601318.XSHG,0.0616965803991806
2020-11-02,601328.XSHG,0.0130546589051841
2020-11-02,601390.XSHG,0.0080643118613811
2020-11-02,601398.XSHG,0.0982214351014906
2020-11-02,601668.XSHG,0.0155157161284165
2020-11-02,601766.XSHG,0.00956246320197
2020-11-02,601800.XSHG,0.0063933988745752
2020-11-02,601818.XSHG,0.011391220282163
2020-11-02,601857.XSHG,0.0484810333085558
2020-11-02,601939.XSHG,0.0044147749557421
2020-11-02,601985.XSHG,0.0052917915950442
2020-11-02,601988.XSHG,0.0495826806308094
2020-11-02,601997.XSHG,0.0017420630259138
2020-11-02,603259.XSHG,0.011891311682416
2020-12-01,000002.XSHE,0.0225922773397988
2020-12-01,000651.XSHE,0.0303416841919901
2020-12-01,000709.XSHE,0.0018227453241207
2020-12-01,000778.XSHE,0.0011400278727765
2020-12-01,002110.XSHE,0.0011949545580931
2020-12-01,003816.XSHE,0.0020730397089914
2020-12-01,600000.XSHG,0.0228654429828441
2020-12-01,600008.XSHG,0.0016932986363556
2020-12-01,600015.XSHG,0.0064782574570492
2020-12-01,600016.XSHG,0.0145099097475148
2020-12-01,600025.XSHG,0.0031128473112883
2020-12-01,600028.XSHG,0.0305709609227058
2020-12-01,600036.XSHG,0.0720811477130399
2020-12-01,600048.XSHG,0.0156134704444132
2020-12-01,600050.XSHG,0.0114324168042535
2020-12-01,600177.XSHG,0.0025382136644985
2020-12-01,600519.XSHG,0.1650291103723589
2020-12-01,600567.XSHG,0.0011574126472609
2020-12-01,600704.XSHG,0.0017573293227627
2020-12-01,600782.XSHG,0.001116607281087
2020-12-01,600795.XSHG,0.0032101683631904
2020-12-01,600886.XSHG,0.0049944379604039
2020-12-01,600900.XSHG,0.0349160186229907
2020-12-01,600919.XSHG,0.0055586612625389
2020-12-01,601006.XSHG,0.007668392551362
2020-12-01,601009.XSHG,0.0056389793050771
2020-12-01,601088.XSHG,0.0246205557097174
2020-12-01,601117.XSHG,0.0024250862191046
2020-12-01,601155.XSHG,0.0060646164033169
2020-12-01,601169.XSHG,0.0069144233608053
2020-12-01,601186.XSHG,0.0075429668243744
2020-12-01,601211.XSHG,0.0108509804784501
2020-12-01,601229.XSHG,0.0085299267658152
2020-12-01,601288.XSHG,0.0747258719591686
2020-12-01,601318.XSHG,0.0765053618967036
2020-12-01,601328.XSHG,0.0141899161558468
2020-12-01,601390.XSHG,0.00876331132538
2020-12-01,601398.XSHG,0.1115397324264733
2020-12-01,601577.XSHG,0.0007663351888134
2020-12-01,601618.XSHG,0.0038076214144424
2020-12-01,601668.XSHG,0.0171915958781858
2020-12-01,601727.XSHG,0.0045570234115982
2020-12-01,601766.XSHG,0.0105061022144728
2020-12-01,601800.XSHG,0.0070810344205703
2020-12-01,601857.XSHG,0.0526595611281247
2020-12-01,601939.XSHG,0.005296753793259
2020-12-01,601985.XSHG,0.0057920173642393
2020-12-01,601988.XSHG,0.0535601201617355
2020-12-01,601997.XSHG,0.0019949952484087
2020-12-01,601998.XSHG,0.0130062778822254
2021-01-04,000002.XSHE,0.0211963861292659
2021-01-04,000069.XSHE,0.0038174098980934
2021-01-04,000166.XSHE,0.0093250379011642
2021-01-04,000623.XSHE,0.0014956702627615
2021-01-04,000709.XSHE,0.0018673171832609
2021-01-04,000858.XSHE,0.0888307906961166
2021-01-04,002110.XSHE,0.0011540589894017
2021-01-04,002841.XSHE,0.0035987425196973
2021-01-04,003816.XSHE,0.0021521748927692
2021-01-04,600000.XSHG,0.0223324418374056
2021-01-04,600010.XSHG,0.0029349560612094
2021-01-04,600015.XSHG,0.0062523499933147
2021-01-04,600016.XSHG,0.0144790720489427
2021-01-04,600023.XSHG,0.0038658247587231
2021-01-04,600025.XSHG,0.0063176080642294
2021-01-04,600028.XSHG,0.0302373486977132
2021-01-04,600030.XSHG,0.0224870907866324
2021-01-04,600048.XSHG,0.0143677171958832
2021-01-04,600056.XSHG,0.0011967732483399
2021-01-04,600519.XSHG,0.1969739275048477
2021-01-04,600567.XSHG,0.0011113882886672
2021-01-04,600704.XSHG,0.0017647914049678
2021-01-04,600795.XSHG,0.0034098578336437
2021-01-04,600886.XSHG,0.0047748800786298
2021-01-04,600900.XSHG,0.0337489621770523
2021-01-04,600919.XSHG,0.0062484039914482
2021-01-04,601006.XSHG,0.0075175403686463
2021-01-04,601009.XSHG,0.005341410225773
2021-01-04,601155.XSHG,0.0059329986368727
2021-01-04,601169.XSHG,0.0080349707388189
2021-01-04,601186.XSHG,0.0071083331191505
2021-01-04,601211.XSHG,0.0102840943674439
2021-01-04,601229.XSHG,0.0083713404397547
2021-01-04,601288.XSHG,0.0722679925526662
2021-01-04,601318.XSHG,0.0724511994192056
2021-01-04,601328.XSHG,0.0137761986129615
2021-01-04,601390.XSHG,0.0084262924700622
2021-01-04,601398.XSHG,0.106059588412065
2021-01-04,601658.XSHG,0.0041429940444322
2021-01-04,601668.XSHG,0.0159043537353073
2021-01-04,601727.XSHG,0.0049655712213448
2021-01-04,601766.XSHG,0.0100857773268762
2021-01-04,601800.XSHG,0.0066411122374391
2021-01-04,601857.XSHG,0.0532712321785909
2021-01-04,601916.XSHG,0.0022293883326335
2021-01-04,601939.XSHG,0.0047080046497987
2021-01-04,601985.XSHG,0.0060497864114449
2021-01-04,601988.XSHG,0.0524603842220873
2021-01-04,601989.XSHG,0.006144484135494
2021-01-04,601997.XSHG,0.001883969696947
2021-02-01,000002.XSHE,0.0261128158909586
2021-02-01,000069.XSHE,0.0045056465538666
2021-02-01,000166.XSHE,0.0101179969997923
2021-02-01,000623.XSHE,0.0017191563502009
2021-02-01,000778.XSHE,0.0013388650858879
2021-02-01,000999.XSHE,0.0023743606674184
2021-02-01,002966.XSHE,0.0011992122798371
2021-02-01,003816.XSHE,0.0025492686246346
2021-02-01,600000.XSHG,0.0293355777844962
2021-02-01,600008.XSHG,0.0019887116034505
2021-02-01,600010.XSHG,0.003426728946623
2021-02-01,600015.XSHG,0.0078071137932442
2021-02-01,600016.XSHG,0.0174494690846742
2021-02-01,600025.XSHG,0.0077370109304099
2021-02-01,600028.XSHG,0.0361341190337476
2021-02-01,600050.XSHG,0.0122197067891709
2021-02-01,600056.XSHG,0.0013967552483278
2021-02-01,600068.XSHG,0.0028829741906577
2021-02-01,600115.XSHG,0.0044225956443262
2021-02-01,600177.XSHG,0.003261516938366
2021-02-01,600208.XSHG,0.0024775759946449
2021-02-01,600325.XSHG,0.0012609226014757
2021-02-01,600519.XSHG,0.2536616793345678
2021-02-01,600528.XSHG,0.001831107824429
2021-02-01,600567.XSHG,0.0013506262557796
2021-02-01,600674.XSHG,0.0047157300577683
2021-02-01,600704.XSHG,0.0020692835151439
2021-02-01,600886.XSHG,0.0057816132322142
2021-02-01,600900.XSHG,0.0423012432709057
2021-02-01,600919.XSHG,0.0078145896872356
2021-02-01,600998.XSHG,0.0033849270818242
2021-02-01,601006.XSHG,0.0090801347477984
2021-02-01,601009.XSHG,0.0066909916833478
2021-02-01,601169.XSHG,0.0096344650078431
2021-02-01,601186.XSHG,0.0084573825015532
2021-02-01,601211.XSHG,0.0117909486731655
2021-02-01,601229.XSHG,0.01092803611153
2021-02-01,601288.XSHG,0.0892365207027659
2021-02-01,601328.XSHG,0.0168713535509253
2021-02-01,601390.XSHG,0.0103904614658404
2021-02-01,601398.XSHG,0.132665208437043
2021-02-01,601668.XSHG,0.0187434388464172
2021-02-01,601816.XSHG,0.0138920961784818
2021-02-01,601857.XSHG,0.0632441842948063
2021-02-01,601916.XSHG,0.0026778442232819
2021-02-01,601939.XSHG,0.006208479834766
2021-02-01,601988.XSHG,0.0641624646489712
2021-02-01,601997.XSHG,0.0023562482894097
2021-02-01,601998.XSHG,0.0172449238522863
2021-02-01,688009.XSHG,0.001095915653685
2021-03-01,000623.XSHE,0.0022919718237826
2021-03-01,000709.XSHE,0.0030461538768881
2021-03-01,000778.XSHE,0.0018430634736303
2021-03-01,000999.XSHE,0.0032528702573685
2021-03-01,002110.XSHE,0.0019022745848663
2021-03-01,002203.XSHE,0.0021061719650894
2021-03-01,003816.XSHE,0.0033755990049559
2021-03-01,600000.XSHG,0.0390791418177284
2021-03-01,600008.XSHG,0.0027158007573169
2021-03-01,600015.XSHG,0.0100850629597496
2021-03-01,600016.XSHG,0.0230714475766218
2021-03-01,600018.XSHG,0.0140851541060579
2021-03-01,600025.XSHG,0.0100345014075168
2021-03-01,600028.XSHG,0.0549543123580785
2021-03-01,600050.XSHG,0.0172158202677444
2021-03-01,600056.XSHG,0.0018656246934872
2021-03-01,600068.XSHG,0.0039461657307107
2021-03-01,600177.XSHG,0.0047416711555085
2021-03-01,600208.XSHG,0.003397467723409
2021-03-01,600282.XSHG,0.001953502162973
2021-03-01,600332.XSHG,0.0052296862139616
2021-03-01,600674.XSHG,0.0058720523430355
2021-03-01,600688.XSHG,0.0034123609319082
2021-03-01,600886.XSHG,0.0073195033901781
2021-03-01,600900.XSHG,0.0562924166908588
2021-03-01,600919.XSHG,0.0106412341739293
2021-03-01,601006.XSHG,0.012254006809227
2021-03-01,601009.XSHG,0.0093611256438942
2021-03-01,601169.XSHG,0.0126646387488128
2021-03-01,601186.XSHG,0.0114358130420117
2021-03-01,601200.XSHG,0.001687040744925
2021-03-01,601211.XSHG,0.0154993666311384
2021-03-01,601229.XSHG,0.0143650560227103
2021-03-01,601288.XSHG,0.1202629714931572
2021-03-01,601328.XSHG,0.0225727768428687
2021-03-01,601390.XSHG,0.0148884320097542
2021-03-01,601398.XSHG,0.1811758820411245
2021-03-01,601607.XSHG,0.0048638506682981
2021-03-01,601668.XSHG,0.0258805054702685
2021-03-01,601669.XSHG,0.0055114880339659
2021-03-01,601800.XSHG,0.0104218389190383
2021-03-01,601816.XSHG,0.0196369742731131
2021-03-01,601857.XSHG,0.0890444943393563
2021-03-01,601916.XSHG,0.0036082857598219
2021-03-01,601939.XSHG,0.0087768402232394
2021-03-01,601988.XSHG,0.0859338225660264
2021-03-01,601989.XSHG,0.0095255248670726
2021-03-01,601997.XSHG,0.0031596572947412
2021-03-01,601998.XSHG,0.0222830253948731
2021-03-01,688009.XSHG,0.0014555507132036
2021-04-01,000089.XSHE,0.00237822482239
2021-04-01,000166.XSHE,0.0136695616209744
2021-04-01,000401.XSHE,0.0027397743719103
2021-04-01,000623.XSHE,0.0024198179600344
2021-04-01,000709.XSHE,0.0033654100910814
2021-04-01,000776.XSHE,0.0122386435583975
2021-04-01,000999.XSHE,0.0030822353096597
2021-04-01,002203.XSHE,0.0021615878824081
2021-04-01,002966.XSHE,0.0016319706540751
2021-04-01,003816.XSHE,0.0036009684801449
2021-04-01,600000.XSHG,0.0416967312181394
2021-04-01,600008.XSHG,0.0030258847691871
2021-04-01,600015.XSHG,0.010755343800621
2021-04-01,600016.XSHG,0.0231759078398694
2021-04-01,600018.XSHG,0.0143891835636267
2021-04-01,600023.XSHG,0.0070434549814759
2021-04-01,600027.XSHG,0.0039103246921931
2021-04-01,600068.XSHG,0.0046252334938698
2021-04-01,600153.XSHG,0.003132575064853
2021-04-01,600177.XSHG,0.0049273329946808
2021-04-01,600637.XSHG,0.004275950515358
2021-04-01,600642.XSHG,0.003586552088107
2021-04-01,600755.XSHG,0.0015976584621228
2021-04-01,600795.XSHG,0.0059725743326241
2021-04-01,600808.XSHG,0.002553399954914
2021-04-01,600900.XSHG,0.0641677455667644
2021-04-01,600919.XSHG,0.0123116657992567
2021-04-01,601000.XSHG,0.0021026143033251
2021-04-01,601006.XSHG,0.0134783382115209
2021-04-01,601139.XSHG,0.0028182103718588
2021-04-01,601169.XSHG,0.0131834318420501
2021-04-01,601186.XSHG,0.0122145954694232
2021-04-01,601211.XSHG,0.0159018372258294
2021-04-01,601229.XSHG,0.0156059889242289
2021-04-01,601288.XSHG,0.129652231989276
2021-04-01,601328.XSHG,0.0251911862477929
2021-04-01,601390.XSHG,0.0156194193034667
2021-04-01,601398.XSHG,0.1934356623099793
2021-04-01,601607.XSHG,0.0049741813799742
2021-04-01,601668.XSHG,0.0276762642433522
2021-04-01,601669.XSHG,0.0059894681869625
2021-04-01,601800.XSHG,0.0110945204140439
2021-04-01,601816.XSHG,0.0207479969533744
2021-04-01,601857.XSHG,0.0904032684043054
2021-04-01,601916.XSHG,0.0036946534557085
2021-04-01,601939.XSHG,0.0091356903218823
2021-04-01,601988.XSHG,0.0915541599456769
2021-04-01,601989.XSHG,0.009731134272553
2021-04-01,601997.XSHG,0.0032834045821396
2021-04-01,601998.XSHG,0.0240760277525344
2021-05-06,000089.XSHE,0.0022246559570653
2021-05-06,000166.XSHE,0.0133423845697248
2021-05-06,000623.XSHE,0.0022986193131206
2021-05-06,000728.XSHE,0.0043130256101419
2021-05-06,000776.XSHE,0.0114421019210134
2021-05-06,000999.XSHE,0.0031559304927881
2021-05-06,002252.XSHE,0.0051079426129416
2021-05-06,002966.XSHE,0.0015735242695735
2021-05-06,003816.XSHE,0.0034803999162236
2021-05-06,600000.XSHG,0.0387462005638495
2021-05-06,600008.XSHG,0.0028398188115484
2021-05-06,600015.XSHG,0.0104911060160861
2021-05-06,600016.XSHG,0.0217836427150963
2021-05-06,600018.XSHG,0.0142351050433701
2021-05-06,600023.XSHG,0.0064170593552678
2021-05-06,600050.XSHG,0.0172042803216532
2021-05-06,600068.XSHG,0.0043392214985219
2021-05-06,600153.XSHG,0.0029829609961964
2021-05-06,600325.XSHG,0.0017380326786917
2021-05-06,600332.XSHG,0.0055528252718585
2021-05-06,600585.XSHG,0.0258134882874835
2021-05-06,600688.XSHG,0.003582392650594
2021-05-06,600739.XSHG,0.0044984146469176
2021-05-06,600755.XSHG,0.0016635965498812
2021-05-06,600795.XSHG,0.0059326843254939
2021-05-06,600895.XSHG,0.0035664667945964
2021-05-06,600900.XSHG,0.0591192155813824
2021-05-06,600919.XSHG,0.013542036578793
2021-05-06,601000.XSHG,0.0021143991502269
2021-05-06,601006.XSHG,0.0134070816451246
2021-05-06,601077.XSHG,0.0032093162620786
2021-05-06,601169.XSHG,0.0132640282159712
2021-05-06,601186.XSHG,0.0116366845666077
2021-05-06,601211.XSHG,0.0161851306318209
2021-05-06,601229.XSHG,0.0147404419189603
2021-05-06,601288.XSHG,0.1233678362760163
2021-05-06,601319.XSHG,0.0044219557047256
2021-05-06,601328.XSHG,0.0248291867920674
2021-05-06,601390.XSHG,0.014425154129821
2021-05-06,601398.XSHG,0.1804169905668149
2021-05-06,601607.XSHG,0.0054210406812138
2021-05-06,601668.XSHG,0.0264014009218533
2021-05-06,601669.XSHG,0.005578577084775
2021-05-06,601800.XSHG,0.0104556418238505
2021-05-06,601816.XSHG,0.0203592448108213
2021-05-06,601857.XSHG,0.0926932461556362
2021-05-06,601988.XSHG,0.0898018051493099
2021-05-06,601989.XSHG,0.0100126939821741
2021-05-06,601997.XSHG,0.0031278575516258
2021-05-06,601998.XSHG,0.0231431526286272
2021-06-01,000166.XSHE,0.0129736365035499
2021-06-01,000581.XSHE,0.0023634865805614
2021-06-01,000623.XSHE,0.0021994742647705
2021-06-01,000776.XSHE,0.0114309649746625
2021-06-01,000999.XSHE,0.003114565200986
2021-06-01,002252.XSHE,0.0045715921111931
2021-06-01,002966.XSHE,0.0015273702602822
2021-06-01,003816.XSHE,0.003257971853473
2021-06-01,600000.XSHG,0.0363270443541963
2021-06-01,600008.XSHG,0.0027459825247079
2021-06-01,600015.XSHG,0.0099360954078101
2021-06-01,600016.XSHG,0.0202001047638814
2021-06-01,600018.XSHG,0.0132565909928191
2021-06-01,600023.XSHG,0.0059963035677684
2021-06-01,600028.XSHG,0.0518787590098901
2021-06-01,600050.XSHG,0.0162117763000636
2021-06-01,600068.XSHG,0.0039316967332179
2021-06-01,600208.XSHG,0.0033104073039338
2021-06-01,600325.XSHG,0.0017510775290015
2021-06-01,600332.XSHG,0.005457257549359
2021-06-01,600585.XSHG,0.0236819992370401
2021-06-01,600606.XSHG,0.0086012929718358
2021-06-01,600688.XSHG,0.0032934527631172
2021-06-01,600755.XSHG,0.0016807739263488
2021-06-01,600795.XSHG,0.0057995415717833
2021-06-01,600867.XSHG,0.0030822921801507
2021-06-01,600900.XSHG,0.0550489843085317
2021-06-01,600919.XSHG,0.0138125677662625
2021-06-01,601006.XSHG,0.012332581630615
2021-06-01,601077.XSHG,0.0030251730535541
2021-06-01,601169.XSHG,0.0125828323849705
2021-06-01,601186.XSHG,0.0106880350264402
2021-06-01,601229.XSHG,0.0140475713639397
2021-06-01,601288.XSHG,0.1160722513439799
2021-06-01,601319.XSHG,0.0041840869096515
2021-06-01,601328.XSHG,0.0232163652176519
2021-06-01,601390.XSHG,0.0133555896608498
2021-06-01,601398.XSHG,0.1696232440486595
2021-06-01,601668.XSHG,0.0242381912169183
2021-06-01,601669.XSHG,0.005278826684213
2021-06-01,601816.XSHG,0.019085466747789
2021-06-01,601818.XSHG,0.0191359449917357
2021-06-01,601857.XSHG,0.0926281563361095
2021-06-01,601916.XSHG,0.003422946784161
2021-06-01,601928.XSHG,0.0023305483229809
2021-06-01,601939.XSHG,0.0079932680126336
2021-06-01,601988.XSHG,0.0854992027716173
2021-06-01,601989.XSHG,0.0092380090296898
2021-06-01,601997.XSHG,0.0029066657819288
2021-06-01,601998.XSHG,0.0216719801687106
2021-07-01,000166.XSHE,0.0113539699889167
2021-07-01,000623.XSHE,0.0019769345028743
2021-07-01,000999.XSHE,0.0029927787989311
2021-07-01,002252.XSHE,0.0040796819588388
2021-07-01,002966.XSHE,0.0013065654650667
2021-07-01,003816.XSHE,0.0028340614497074
2021-07-01,300070.XSHE,0.0019449332085012
2021-07-01,600000.XSHG,0.0320361526230538
2021-07-01,600008.XSHG,0.0023963578613569
2021-07-01,600015.XSHG,0.0086371227191439
2021-07-01,600016.XSHG,0.017017773362324
2021-07-01,600028.XSHG,0.0450249582696746
2021-07-01,600036.XSHG,0.1257084422107021
2021-07-01,600050.XSHG,0.0144579922207283
2021-07-01,600068.XSHG,0.0038082166353743
2021-07-01,600208.XSHG,0.0028349680238396
2021-07-01,600332.XSHG,0.0054417039638323
2021-07-01,600390.XSHG,0.0029025511131996
2021-07-01,600535.XSHG,0.0024476735310341
2021-07-01,600583.XSHG,0.0021554243889557
2021-07-01,600606.XSHG,0.0072693648609129
2021-07-01,600637.XSHG,0.0030579219012951
2021-07-01,600642.XSHG,0.003046354473359
2021-07-01,600688.XSHG,0.002966716326685
2021-07-01,600795.XSHG,0.0051105619859016
2021-07-01,600837.XSHG,0.0107998632854973
2021-07-01,600867.XSHG,0.0027130509771956
2021-07-01,600886.XSHG,0.0073072172496977
2021-07-01,600900.XSHG,0.0516968187161757
2021-07-01,601006.XSHG,0.0106773386913179
2021-07-01,601077.XSHG,0.0025441974069936
2021-07-01,601088.XSHG,0.03484950617841
2021-07-01,601169.XSHG,0.0112505708125149
2021-07-01,601186.XSHG,0.0093005496163453
2021-07-01,601211.XSHG,0.0137669520177968
2021-07-01,601229.XSHG,0.0122727532501868
2021-07-01,601288.XSHG,0.0972751698344907
2021-07-01,601319.XSHG,0.0036024372849405
2021-07-01,601328.XSHG,0.0209288185549283
2021-07-01,601390.XSHG,0.0116557015493122
2021-07-01,601398.XSHG,0.1543208889034768
2021-07-01,601668.XSHG,0.0206547033917729
2021-07-01,601669.XSHG,0.0047416874143797
2021-07-01,601818.XSHG,0.0170098355988238
2021-07-01,601857.XSHG,0.092328709803943
2021-07-01,601916.XSHG,0.003028642190101
2021-07-01,601939.XSHG,0.0070467262282395
2021-07-01,601985.XSHG,0.0086214335598095
2021-07-01,601988.XSHG,0.0706398359303682
2021-07-01,601989.XSHG,0.008157409709071
2021-08-02,000166.XSHE,0.0143037832516524
2021-08-02,000581.XSHE,0.0024624418680478
2021-08-02,000623.XSHE,0.0025688215549562
2021-08-02,000728.XSHE,0.0045458450881032
2021-08-02,000776.XSHE,0.0143250341818551
2021-08-02,000778.XSHE,0.0022464113860708
2021-08-02,000783.XSHE,0.005649619013583
2021-08-02,002203.XSHE,0.0030464767885849
2021-08-02,002252.XSHE,0.0053536975780065
2021-08-02,002266.XSHE,0.0022782728168607
2021-08-02,002465.XSHE,0.0033414635148008
2021-08-02,002736.XSHE,0.0138662082022596
2021-08-02,002926.XSHE,0.0024443024351483
2021-08-02,003816.XSHE,0.003632797446089
2021-08-02,300070.XSHE,0.0024866285065303
2021-08-02,600000.XSHG,0.0388347271022437
2021-08-02,600008.XSHG,0.0035103823182712
2021-08-02,600015.XSHG,0.0103129160726546
2021-08-02,600016.XSHG,0.0206071806264906
2021-08-02,600028.XSHG,0.0553905239256951
2021-08-02,600050.XSHG,0.0185853333023235
2021-08-02,600068.XSHG,0.005551897493264
2021-08-02,600273.XSHG,0.0019071017224925
2021-08-02,600487.XSHG,0.0043939163257582
2021-08-02,600498.XSHG,0.0033910274390237
2021-08-02,600598.XSHG,0.0039388597777871
2021-08-02,600705.XSHG,0.0052158102439413
2021-08-02,600837.XSHG,0.0139520594045222
2021-08-02,600871.XSHG,0.0039327779363786
2021-08-02,600900.XSHG,0.0622869753242337
2021-08-02,601006.XSHG,0.0127325861538796
2021-08-02,601077.XSHG,0.0032519297537838
2021-08-02,601088.XSHG,0.0411997635415501
2021-08-02,601169.XSHG,0.0132973618498173
2021-08-02,601179.XSHG,0.0034020726445081
2021-08-02,601186.XSHG,0.0124689951825986
2021-08-02,601211.XSHG,0.0178809233911823
2021-08-02,601229.XSHG,0.0143380279970549
2021-08-02,601288.XSHG,0.1252811708726073
2021-08-02,601328.XSHG,0.0245721093153273
2021-08-02,601390.XSHG,0.0156695763404244
2021-08-02,601398.XSHG,0.1797243256921194
2021-08-02,601668.XSHG,0.0266815062594038
2021-08-02,601766.XSHG,0.0213641144996969
2021-08-02,601800.XSHG,0.0113716008092502
2021-08-02,601818.XSHG,0.0199555005896505
2021-08-02,601939.XSHG,0.0080495619873178
2021-08-02,601985.XSHG,0.0121018230124493
2021-08-02,601988.XSHG,0.0919338652869538
2021-08-02,601989.XSHG,0.0103598921727937
2021-09-01,000166.XSHE,0.0146380818343662
2021-09-01,000581.XSHE,0.0025272313557834
2021-09-01,000623.XSHE,0.0025589647897312
2021-09-01,000686.XSHE,0.0027554640874422
2021-09-01,000728.XSHE,0.0046631450380623
2021-09-01,000750.XSHE,0.0031091958716666
2021-09-01,000778.XSHE,0.0023343474048046
2021-09-01,000783.XSHE,0.0057846310187559
2021-09-01,002252.XSHE,0.0047302758692762
2021-09-01,002500.XSHE,0.0032498889620051
2021-09-01,002736.XSHE,0.015110717400776
2021-09-01,002926.XSHE,0.0035380522333569
2021-09-01,003816.XSHE,0.0035772020784018
2021-09-01,300070.XSHE,0.0025019820544778
2021-09-01,600000.XSHG,0.036463494286096
2021-09-01,600008.XSHG,0.0037648338263628
2021-09-01,600018.XSHG,0.0181885673678719
2021-09-01,600023.XSHG,0.0064233555573193
2021-09-01,600027.XSHG,0.0043761964303152
2021-09-01,600028.XSHG,0.0552165769779904
2021-09-01,600030.XSHG,0.0357142661593048
2021-09-01,600050.XSHG,0.0177716723359813
2021-09-01,600208.XSHG,0.0035255294527615
2021-09-01,600390.XSHG,0.0037374013364
2021-09-01,600482.XSHG,0.0052732122575013
2021-09-01,600642.XSHG,0.0038493751629438
2021-09-01,600705.XSHG,0.0048466083826578
2021-09-01,600795.XSHG,0.0067543048509084
2021-09-01,600837.XSHG,0.0150950421946654
2021-09-01,600900.XSHG,0.0609965414932746
2021-09-01,601006.XSHG,0.0124533419946834
2021-09-01,601077.XSHG,0.0031480317360585
2021-09-01,601088.XSHG,0.0435838738234324
2021-09-01,601108.XSHG,0.0052987685932667
2021-09-01,601169.XSHG,0.0125604847634806
2021-09-01,601186.XSHG,0.0128736439090223
2021-09-01,601198.XSHG,0.0042397670170194
2021-09-01,601288.XSHG,0.1210963527801154
2021-09-01,601328.XSHG,0.0237428220960153
2021-09-01,601390.XSHG,0.0170301052459145
2021-09-01,601398.XSHG,0.1707501160654878
2021-09-01,601668.XSHG,0.0281610099205757
2021-09-01,601688.XSHG,0.0168315068879193
2021-09-01,601766.XSHG,0.0225511642182622
2021-09-01,601800.XSHG,0.0127651761413552
2021-09-01,601818.XSHG,0.0191945812700003
2021-09-01,601881.XSHG,0.0094125177557122
2021-09-01,601985.XSHG,0.0128200767007297
2021-09-01,601988.XSHG,0.0872763498023274
2021-09-01,601989.XSHG,0.0111341512073587
2021-10-08,000686.XSHE,0.0028711596773487
2021-10-08,000728.XSHE,0.0047095781935577
2021-10-08,000750.XSHE,0.003029691561263
2021-10-08,000999.XSHE,0.0040365803937406
2021-10-08,002065.XSHE,0.0030603686356191
2021-10-08,002252.XSHE,0.0048141316915664
2021-10-08,002500.XSHE,0.0033393965511348
2021-10-08,002736.XSHE,0.0149840458100464
2021-10-08,002926.XSHE,0.0035780321283499
2021-10-08,600000.XSHG,0.0374514977988889
2021-10-08,600016.XSHG,0.019733454300332
2021-10-08,600018.XSHG,0.0198966201802521
2021-10-08,600028.XSHG,0.0616342180406803
2021-10-08,600030.XSHG,0.0355136869307278
2021-10-08,600050.XSHG,0.018065263640634
2021-10-08,600104.XSHG,0.0320967812524648
2021-10-08,600153.XSHG,0.0034581728789684
2021-10-08,600271.XSHG,0.0031348593580299
2021-10-08,600390.XSHG,0.0035712266430888
2021-10-08,600528.XSHG,0.0025130172916592
2021-10-08,600598.XSHG,0.0040368081919577
2021-10-08,600606.XSHG,0.0084383019571824
2021-10-08,600705.XSHG,0.004870405148479
2021-10-08,600820.XSHG,0.002478573866511
2021-10-08,600887.XSHG,0.0330164003180287
2021-10-08,600900.XSHG,0.070146125105153
2021-10-08,600908.XSHG,0.0014795919953191
2021-10-08,600909.XSHG,0.0035712632686477
2021-10-08,601006.XSHG,0.013203242562332
2021-10-08,601077.XSHG,0.0032276636650884
2021-10-08,601099.XSHG,0.0031417149378487
2021-10-08,601108.XSHG,0.0054871538817237
2021-10-08,601169.XSHG,0.0132508683543691
2021-10-08,601198.XSHG,0.0045149940860225
2021-10-08,601200.XSHG,0.0021250599458958
2021-10-08,601229.XSHG,0.0143464691554036
2021-10-08,601288.XSHG,0.1244856197237779
2021-10-08,601319.XSHG,0.0041010064620245
2021-10-08,601328.XSHG,0.0250959598991485
2021-10-08,601398.XSHG,0.1784447032810449
2021-10-08,601607.XSHG,0.0052259382286815
2021-10-08,601658.XSHG,0.0081116454448177
2021-10-08,601668.XSHG,0.027700499667944
2021-10-08,601766.XSHG,0.0214686946768441
2021-10-08,601818.XSHG,0.0200480076899045
2021-10-08,601880.XSHG,0.0044665895596204
2021-10-08,601881.XSHG,0.0096200311957649
2021-10-08,601939.XSHG,0.0081426233661577
2021-10-08,601988.XSHG,0.0909245422039586
2021-10-08,601992.XSHG,0.003337719201993
2021-11-01,000686.XSHE,0.0025646109142078
2021-11-01,000703.XSHE,0.0046132633402366
2021-11-01,000728.XSHE,0.0040136246624878
2021-11-01,000750.XSHE,0.0026689899577939
2021-11-01,002252.XSHE,0.0041393654917175
2021-11-01,002736.XSHE,0.0127159595463752
2021-11-01,002926.XSHE,0.0030245095777811
2021-11-01,600000.XSHG,0.032089782879387
2021-11-01,600016.XSHG,0.0174285375493113
2021-11-01,600029.XSHG,0.0082260120942634
2021-11-01,600030.XSHG,0.031968674249171
2021-11-01,600036.XSHG,0.139973215320156
2021-11-01,600050.XSHG,0.0158095253023064
2021-11-01,600104.XSHG,0.0292522810002774
2021-11-01,600153.XSHG,0.0027832722427806
2021-11-01,600390.XSHG,0.0029212294891781
2021-11-01,600498.XSHG,0.0024486259784279
2021-11-01,600535.XSHG,0.0025868284365594
2021-11-01,600820.XSHG,0.0020064287327208
2021-11-01,600837.XSHG,0.0133470981846786
2021-11-01,600867.XSHG,0.0030978991931398
2021-11-01,600887.XSHG,0.031803790555811
2021-11-01,600900.XSHG,0.0609598392132726
2021-11-01,600909.XSHG,0.0030390738568997
2021-11-01,600967.XSHG,0.0021776863990845
2021-11-01,601006.XSHG,0.0117427826965492
2021-11-01,601009.XSHG,0.0106132794727999
2021-11-01,601077.XSHG,0.0028355623188994
2021-11-01,601099.XSHG,0.002700517320258
2021-11-01,601111.XSHG,0.0105290697754318
2021-11-01,601138.XSHG,0.0043612311122714
2021-11-01,601169.XSHG,0.0118490615352301
2021-11-01,601198.XSHG,0.0039315035871536
2021-11-01,601229.XSHG,0.0126454276633157
2021-11-01,601288.XSHG,0.1110672801288698
2021-11-01,601319.XSHG,0.0034904069927502
2021-11-01,601328.XSHG,0.023079808916953
2021-11-01,601360.XSHG,0.0107233036545152
2021-11-01,601398.XSHG,0.1598861504283749
2021-11-01,601607.XSHG,0.0044360106110028
2021-11-01,601658.XSHG,0.0079440554215064
2021-11-01,601668.XSHG,0.0243069906864907
2021-11-01,601766.XSHG,0.0181785486459926
2021-11-01,601818.XSHG,0.0179907202741747
2021-11-01,601880.XSHG,0.0036785858096142
2021-11-01,601881.XSHG,0.0086396593649774
2021-11-01,601901.XSHG,0.0084219181192052
2021-11-01,601939.XSHG,0.0072047875972362
2021-11-01,601988.XSHG,0.0811237604951037
2021-11-01,601997.XSHG,0.0029594532032962
2021-12-01,000623.XSHE,0.0027065672060541
2021-12-01,000686.XSHE,0.0029337982990557
2021-12-01,000977.XSHE,0.0068775054951825
2021-12-01,000997.XSHE,0.0025619758462779
2021-12-01,002152.XSHE,0.0038936176324045
2021-12-01,002180.XSHE,0.0063201914083064
2021-12-01,002203.XSHE,0.0034044178382173
2021-12-01,002252.XSHE,0.0045515199758244
2021-12-01,002422.XSHE,0.0029459888329442
2021-12-01,002673.XSHE,0.0045812031333044
2021-12-01,002736.XSHE,0.0139623136407372
2021-12-01,002859.XSHE,0.0019515400702401
2021-12-01,300059.XSHE,0.0419427357809474
2021-12-01,300253.XSHE,0.004020063716159
2021-12-01,300451.XSHE,0.0017920372629879
2021-12-01,600000.XSHG,0.0355476205281296
2021-12-01,600016.XSHG,0.0196172494187282
2021-12-01,600030.XSHG,0.0336453748120029
2021-12-01,600036.XSHG,0.1459004947987228
2021-12-01,600050.XSHG,0.0170136779440499
2021-12-01,600066.XSHG,0.0034799770151147
2021-12-01,600271.XSHG,0.003483934517893
2021-12-01,600332.XSHG,0.0058458523634686
2021-12-01,600372.XSHG,0.005456094819532
2021-12-01,600486.XSHG,0.0058971062254993
2021-12-01,600511.XSHG,0.0023995190858133
2021-12-01,600718.XSHG,0.0019073453217509
2021-12-01,600918.XSHG,0.0039017304376202
2021-12-01,600967.XSHG,0.0025028532286697
2021-12-01,600999.XSHG,0.0180821899720009
2021-12-01,601099.XSHG,0.0030860029699305
2021-12-01,601108.XSHG,0.0053367196445494
2021-12-01,601138.XSHG,0.0048440424984854
2021-12-01,601169.XSHG,0.0131917222352403
2021-12-01,601198.XSHG,0.0047409018740877
2021-12-01,601211.XSHG,0.0177595984164974
2021-12-01,601288.XSHG,0.1240647838116124
2021-12-01,601328.XSHG,0.0255448687065822
2021-12-01,601360.XSHG,0.0122625765545306
2021-12-01,601398.XSHG,0.1754664194992777
2021-12-01,601658.XSHG,0.0082946061693596
2021-12-01,601668.XSHG,0.0269694528254814
2021-12-01,601766.XSHG,0.0209612277438018
2021-12-01,601818.XSHG,0.0198922761302417
2021-12-01,601881.XSHG,0.0096127135873494
2021-12-01,601901.XSHG,0.0090845189613949
2021-12-01,601939.XSHG,0.0078588572527
2021-12-01,601988.XSHG,0.091246791473399
2021-12-01,601990.XSHG,0.0049166364390996
2021-12-01,603019.XSHG,0.0057387865787376
2022-01-04,000623.XSHE,0.0027318894613134
2022-01-04,000728.XSHE,0.0042109964528291
2022-01-04,000750.XSHE,0.0028683076523461
2022-01-04,000977.XSHE,0.0066264847401191
2022-01-04,002152.XSHE,0.0037442439238576
2022-01-04,002352.XSHE,0.0408309320945077
2022-01-04,002422.XSHE,0.0026488239704461
2022-01-04,002673.XSHE,0.0042096679596767
2022-01-04,002736.XSHE,0.0128192490782827
2022-01-04,002773.XSHE,0.0018594441400426
2022-01-04,002926.XSHE,0.0032823367542201
2022-01-04,600000.XSHG,0.0319329178753249
2022-01-04,600016.XSHG,0.0176018813584004
2022-01-04,600030.XSHG,0.0329423352753307
2022-01-04,600050.XSHG,0.0155781299216483
2022-01-04,600109.XSHG,0.0043806305588858
2022-01-04,600155.XSHG,0.0022104986352064
2022-01-04,600332.XSHG,0.0061554871203543
2022-01-04,600369.XSHG,0.0037837624383099
2022-01-04,600380.XSHG,0.003252445613859
2022-01-04,600511.XSHG,0.0022351922374473
2022-01-04,600535.XSHG,0.0031089057603349
2022-01-04,600572.XSHG,0.0016497731308943
2022-01-04,600637.XSHG,0.0042998807598516
2022-01-04,600705.XSHG,0.0045126835292498
2022-01-04,600837.XSHG,0.0132774189381932
2022-01-04,600900.XSHG,0.0659385912091776
2022-01-04,600909.XSHG,0.0032262375736521
2022-01-04,600977.XSHG,0.003066875823001
2022-01-04,601006.XSHG,0.0121918825490253
2022-01-04,601077.XSHG,0.002886003706793
2022-01-04,601138.XSHG,0.0301750113916213
2022-01-04,601166.XSHG,0.047635028290039
2022-01-04,601169.XSHG,0.0119706778391856
2022-01-04,601211.XSHG,0.0168402628807159
2022-01-04,601229.XSHG,0.0125713844501967
2022-01-04,601288.XSHG,0.1116989803650407
2022-01-04,601328.XSHG,0.0230201841950883
2022-01-04,601360.XSHG,0.0116377376524314
2022-01-04,601398.XSHG,0.1598357924450451
2022-01-04,601607.XSHG,0.0050042162284642
2022-01-04,601628.XSHG,0.0801231263577813
2022-01-04,601658.XSHG,0.0073852143349228
2022-01-04,601668.XSHG,0.0259530410211559
2022-01-04,601816.XSHG,0.016999360095812
2022-01-04,601818.XSHG,0.0174811810668642
2022-01-04,601881.XSHG,0.0091325185253009
2022-01-04,601939.XSHG,0.0071976262781181
2022-01-04,601988.XSHG,0.0821401566517067
2022-01-04,603858.XSHG,0.0031345896879262
2022-02-07,000333.XSHE,0.0473708507809686
2022-02-07,000728.XSHE,0.0028812263548128
2022-02-07,000750.XSHE,0.0019971396325853
2022-02-07,002673.XSHE,0.0029497655601569
2022-02-07,002736.XSHE,0.0090416100686716
2022-02-07,002839.XSHE,0.0010325380024581
2022-02-07,002926.XSHE,0.002228059583575
2022-02-07,600000.XSHG,0.0232236820252167
2022-02-07,600015.XSHG,0.006870781537474
2022-02-07,600016.XSHG,0.0129092823184424
2022-02-07,600028.XSHG,0.0386904514735133
2022-02-07,600030.XSHG,0.0266846879390045
2022-02-07,600036.XSHG,0.0983713771014443
2022-02-07,600050.XSHG,0.0107390031663295
2022-02-07,600115.XSHG,0.0052283560111755
2022-02-07,600820.XSHG,0.0016613432626096
2022-02-07,600900.XSHG,0.0472858671549295
2022-02-07,600908.XSHG,0.000995817118674
2022-02-07,600909.XSHG,0.0022030490039309
2022-02-07,600919.XSHG,0.0092700553955797
2022-02-07,600926.XSHG,0.0068939912199942
2022-02-07,600999.XSHG,0.0115861799431101
2022-02-07,601006.XSHG,0.0093329437394211
2022-02-07,601009.XSHG,0.0078849326710293
2022-02-07,601021.XSHG,0.0049099392646574
2022-02-07,601077.XSHG,0.0021384824290565
2022-02-07,601138.XSHG,0.0204639692417659
2022-02-07,601166.XSHG,0.04009269033705
2022-02-07,601169.XSHG,0.0089729197583092
2022-02-07,601211.XSHG,0.0124019736846063
2022-02-07,601229.XSHG,0.0091322469196235
2022-02-07,601288.XSHG,0.0833790288998571
2022-02-07,601318.XSHG,0.0522905084918935
2022-02-07,601319.XSHG,0.0139471464935044
2022-02-07,601328.XSHG,0.0177512720378919
2022-02-07,601336.XSHG,0.0074250771011561
2022-02-07,601398.XSHG,0.1186777214017735
2022-02-07,601577.XSHG,0.0015435489205099
2022-02-07,601601.XSHG,0.0170993522872492
2022-02-07,601607.XSHG,0.0034339596663559
2022-02-07,601628.XSHG,0.0545324184376874
2022-02-07,601658.XSHG,0.0060621358670883
2022-02-07,601668.XSHG,0.0207810897093938
2022-02-07,601766.XSHG,0.0135099979520091
2022-02-07,601816.XSHG,0.0131715702067515
2022-02-07,601818.XSHG,0.0130568722327417
2022-02-07,601838.XSHG,0.0048835834682117
2022-02-07,601881.XSHG,0.006285638004335
2022-02-07,601939.XSHG,0.0054612994024399
2022-02-07,601988.XSHG,0.0612625667189721
2022-03-01,000089.XSHE,0.001542554566587
2022-03-01,000617.XSHE,0.0069387750503954
2022-03-01,000750.XSHE,0.0021376167871262
2022-03-01,002673.XSHE,0.0031526025783065
2022-03-01,002966.XSHE,0.0012026772144403
2022-03-01,600000.XSHG,0.0248122631423399
2022-03-01,600015.XSHG,0.0072690759734082
2022-03-01,600016.XSHG,0.0138875373181551
2022-03-01,600028.XSHG,0.0413460004419119
2022-03-01,600030.XSHG,0.0266057938103089
2022-03-01,600036.XSHG,0.1038031144025414
2022-03-01,600050.XSHG,0.0118595798883532
2022-03-01,600299.XSHG,0.0031696297966294
2022-03-01,600498.XSHG,0.001951590120774
2022-03-01,600598.XSHG,0.0026493555315621
2022-03-01,600655.XSHG,0.0040378234902143
2022-03-01,600705.XSHG,0.0035693193692106
2022-03-01,600887.XSHG,0.023580226003413
2022-03-01,600900.XSHG,0.0530036890395216
2022-03-01,600908.XSHG,0.0010740191814
2022-03-01,600919.XSHG,0.0100568499004987
2022-03-01,601006.XSHG,0.0101403165768772
2022-03-01,601009.XSHG,0.0084446712289374
2022-03-01,601077.XSHG,0.0023123023442428
2022-03-01,601128.XSHG,0.0020125975053778
2022-03-01,601138.XSHG,0.0220907928296028
2022-03-01,601166.XSHG,0.0435555297370076
2022-03-01,601169.XSHG,0.0096140391589661
2022-03-01,601211.XSHG,0.0124608704069229
2022-03-01,601229.XSHG,0.0097110728913224
2022-03-01,601288.XSHG,0.0899268296212846
2022-03-01,601318.XSHG,0.0557567764786565
2022-03-01,601319.XSHG,0.0152377796813141
2022-03-01,601328.XSHG,0.0191059764266689
2022-03-01,601336.XSHG,0.0080186160904368
2022-03-01,601398.XSHG,0.1263773256194862
2022-03-01,601577.XSHG,0.0016502704415273
2022-03-01,601601.XSHG,0.0182982014095631
2022-03-01,601607.XSHG,0.0035842205750026
2022-03-01,601628.XSHG,0.06108822013998
2022-03-01,601658.XSHG,0.0064026920017825
2022-03-01,601816.XSHG,0.0139595950215382
2022-03-01,601818.XSHG,0.0139165621885522
2022-03-01,601838.XSHG,0.005393359897685
2022-03-01,601880.XSHG,0.0030961249416636
2022-03-01,601881.XSHG,0.0065920160934706
2022-03-01,601939.XSHG,0.0058613519100664
2022-03-01,601988.XSHG,0.0658624519720059
2022-03-01,601997.XSHG,0.0023463751167336
2022-03-01,688981.XSHG,0.009532968086225
2022-04-01,000402.XSHE,0.0025863745677918
2022-04-01,000725.XSHE,0.0216663235180469
2022-04-01,000728.XSHE,0.0043890216513937
2022-04-01,000750.XSHE,0.0028442992133837
2022-04-01,002078.XSHE,0.0041665303430327
2022-04-01,002673.XSHE,0.0041291463099635
2022-04-01,002736.XSHE,0.0122403258264816
2022-04-01,002807.XSHE,0.0013725739817052
2022-04-01,002926.XSHE,0.0030755604487659
2022-04-01,002966.XSHE,0.0016932508230182
2022-04-01,600000.XSHG,0.0326504980353688
2022-04-01,600015.XSHG,0.0099685999436303
2022-04-01,600016.XSHG,0.0188680958128545
2022-04-01,600028.XSHG,0.057560357389202
2022-04-01,600050.XSHG,0.0151769285215901
2022-04-01,600064.XSHG,0.0017854210008212
2022-04-01,600208.XSHG,0.0036977432454433
2022-04-01,600390.XSHG,0.0032736762496153
2022-04-01,600705.XSHG,0.005169467076665
2022-04-01,600755.XSHG,0.0021799613688869
2022-04-01,600837.XSHG,0.0126224851770527
2022-04-01,600900.XSHG,0.0696539990118434
2022-04-01,600909.XSHG,0.0032376334875831
2022-04-01,600919.XSHG,0.0148118524802532
2022-04-01,601006.XSHG,0.0140989066699601
2022-04-01,601009.XSHG,0.0128504265963166
2022-04-01,601077.XSHG,0.0032713402778888
2022-04-01,601099.XSHG,0.0027717100031478
2022-04-01,601118.XSHG,0.0029257917675915
2022-04-01,601128.XSHG,0.0029041207215095
2022-04-01,601138.XSHG,0.027707554386429
2022-04-01,601169.XSHG,0.0134643160127788
2022-04-01,601211.XSHG,0.0162788221725058
2022-04-01,601229.XSHG,0.0128316544118959
2022-04-01,601288.XSHG,0.1270606378153206
2022-04-01,601319.XSHG,0.0207915134789873
2022-04-01,601328.XSHG,0.0277009852470717
2022-04-01,601398.XSHG,0.17801274930594
2022-04-01,601658.XSHG,0.0087649802655486
2022-04-01,601766.XSHG,0.0181080879688616
2022-04-01,601816.XSHG,0.0184959405984455
2022-04-01,601818.XSHG,0.0190384447220408
2022-04-01,601881.XSHG,0.0090455000740581
2022-04-01,601901.XSHG,0.0081018641473803
2022-04-01,601939.XSHG,0.0083310702756959
2022-04-01,601988.XSHG,0.095580981417374
2022-04-01,601989.XSHG,0.0116891014548676
2022-04-01,601992.XSHG,0.0035727132959865
2022-04-01,601997.XSHG,0.0031849933817465
2022-04-01,601998.XSHG,0.0245956680462558
2022-05-05,000425.XSHE,0.0048679380698034
2022-05-05,000581.XSHE,0.002048104862302
2022-05-05,000651.XSHE,0.0249065273741653
2022-05-05,002078.XSHE,0.0040296375229022
2022-05-05,002142.XSHE,0.0293830143496474
2022-05-05,002736.XSHE,0.0101231312786181
2022-05-05,002966.XSHE,0.0015028535310644
2022-05-05,003816.XSHE,0.0034466534749929
2022-05-05,600000.XSHG,0.0290764373850537
2022-05-05,600015.XSHG,0.0085529410249091
2022-05-05,600016.XSHG,0.0161795606865934
2022-05-05,600025.XSHG,0.0138139323981442
2022-05-05,600028.XSHG,0.0515358496109958
2022-05-05,600050.XSHG,0.013550760265919
2022-05-05,600177.XSHG,0.0041142777667111
2022-05-05,600221.XSHG,0.0070507504410986
2022-05-05,600332.XSHG,0.0052186431777551
2022-05-05,600585.XSHG,0.0200238777378756
2022-05-05,600674.XSHG,0.006167483444008
2022-05-05,600886.XSHG,0.008506795185755
2022-05-05,600887.XSHG,0.0286125550537935
2022-05-05,600900.XSHG,0.06507526475286
2022-05-05,600919.XSHG,0.0132679541989102
2022-05-05,601006.XSHG,0.0121467627908628
2022-05-05,601009.XSHG,0.012221529579182
2022-05-05,601077.XSHG,0.0028477328925988
2022-05-05,601128.XSHG,0.0026121180726983
2022-05-05,601138.XSHG,0.0235017675329515
2022-05-05,601169.XSHG,0.0118483778006126
2022-05-05,601186.XSHG,0.0120654888816221
2022-05-05,601211.XSHG,0.0131962394279849
2022-05-05,601229.XSHG,0.0110962415516612
2022-05-05,601288.XSHG,0.1142849833713057
2022-05-05,601319.XSHG,0.0184994555689289
2022-05-05,601328.XSHG,0.0242830894136788
2022-05-05,601390.XSHG,0.0179757669344173
2022-05-05,601398.XSHG,0.1587769087166022
2022-05-05,601577.XSHG,0.0019197692992854
2022-05-05,601658.XSHG,0.0078277690537594
2022-05-05,601766.XSHG,0.0151713755597102
2022-05-05,601816.XSHG,0.0153825707442026
2022-05-05,601818.XSHG,0.016252583429373
2022-05-05,601881.XSHG,0.0072328843514417
2022-05-05,601916.XSHG,0.0029117697430224
2022-05-05,601939.XSHG,0.0072079374793212
2022-05-05,601988.XSHG,0.0844026822276012
2022-05-05,601989.XSHG,0.0097745384253218
2022-05-05,601992.XSHG,0.0029138354577932
2022-05-05,601997.XSHG,0.0027058421040439
2022-05-05,601998.XSHG,0.0198850359961365
2022-06-01,000425.XSHE,0.0036085329516233
2022-06-01,000581.XSHE,0.0014920431765495
2022-06-01,000651.XSHE,0.0162456436498286
2022-06-01,000830.XSHE,0.0024363002077821
2022-06-01,002078.XSHE,0.0027593951696571
2022-06-01,003816.XSHE,0.0023905220714556
2022-06-01,600000.XSHG,0.0202490463029141
2022-06-01,600008.XSHG,0.00186939771571
2022-06-01,600015.XSHG,0.0059942060493673
2022-06-01,600016.XSHG,0.0116908040848683
2022-06-01,600022.XSHG,0.0015752483832008
2022-06-01,600025.XSHG,0.0111145942042243
2022-06-01,600028.XSHG,0.0366696306670886
2022-06-01,600050.XSHG,0.0093702700532006
2022-06-01,600104.XSHG,0.017994926386406
2022-06-01,600157.XSHG,0.0031584630820261
2022-06-01,600176.XSHG,0.0057850988020732
2022-06-01,600177.XSHG,0.0028117248516796
2022-06-01,600208.XSHG,0.0020921758092181
2022-06-01,600332.XSHG,0.0037397220296025
2022-06-01,600519.XSHG,0.1959178970792588
2022-06-01,600585.XSHG,0.0129660624049678
2022-06-01,600674.XSHG,0.0045614030171566
2022-06-01,600867.XSHG,0.0017853336214655
2022-06-01,600886.XSHG,0.0062149702767832
2022-06-01,600887.XSHG,0.0190254989105634
2022-06-01,600900.XSHG,0.0480581700126706
2022-06-01,600919.XSHG,0.0081938891708157
2022-06-01,600959.XSHG,0.0015003017927449
2022-06-01,601006.XSHG,0.0086743098190944
2022-06-01,601009.XSHG,0.0080937014668713
2022-06-01,601077.XSHG,0.0019776228664142
2022-06-01,601166.XSHG,0.0354389473816936
2022-06-01,601169.XSHG,0.0081687924406504
2022-06-01,601186.XSHG,0.0079156255220816
2022-06-01,601229.XSHG,0.0077213386747691
2022-06-01,601288.XSHG,0.0785667203711641
2022-06-01,601318.XSHG,0.0417302071246006
2022-06-01,601319.XSHG,0.0130701587778374
2022-06-01,601328.XSHG,0.0168423299934242
2022-06-01,601398.XSHG,0.1093403253076347
2022-06-01,601658.XSHG,0.0050836330700719
2022-06-01,601766.XSHG,0.0107571843072415
2022-06-01,601816.XSHG,0.0112022330202361
2022-06-01,601818.XSHG,0.0111804301284952
2022-06-01,601857.XSHG,0.0783766866091428
2022-06-01,601939.XSHG,0.0049951253847868
2022-06-01,601988.XSHG,0.0586378563366375
2022-06-01,601989.XSHG,0.0071455494305826
2022-06-01,601998.XSHG,0.0138099500316653
2022-07-01,000425.XSHE,0.0035991126997453
2022-07-01,000581.XSHE,0.0013015594036785
2022-07-01,000883.XSHE,0.0028044643594742
2022-07-01,000895.XSHE,0.0036221062873089
2022-07-01,002078.XSHE,0.0026127980035173
2022-07-01,002142.XSHE,0.019425153678933
2022-07-01,002294.XSHE,0.0025808569729008
2022-07-01,002304.XSHE,0.0191909296344005
2022-07-01,002966.XSHE,0.0009070430808871
2022-07-01,003816.XSHE,0.002268585474893
2022-07-01,600000.XSHG,0.0194798475847447
2022-07-01,600016.XSHG,0.010927911526356
2022-07-01,600022.XSHG,0.0015547905287702
2022-07-01,600025.XSHG,0.010689984441311
2022-07-01,600028.XSHG,0.0323835682190788
2022-07-01,600050.XSHG,0.0089240662430532
2022-07-01,600176.XSHG,0.0057922473648981
2022-07-01,600309.XSHG,0.0251898333722333
2022-07-01,600332.XSHG,0.0036130208728547
2022-07-01,600380.XSHG,0.0019650739764183
2022-07-01,600507.XSHG,0.0012553223860889
2022-07-01,600519.XSHG,0.2117138665450205
2022-07-01,600585.XSHG,0.0118137554510996
2022-07-01,600867.XSHG,0.0017119636556263
2022-07-01,600886.XSHG,0.0061909582855822
2022-07-01,600887.XSHG,0.0200456336577238
2022-07-01,600900.XSHG,0.0459396903716644
2022-07-01,600919.XSHG,0.0087547877919361
2022-07-01,600926.XSHG,0.0062460913412706
2022-07-01,601006.XSHG,0.0081624578056563
2022-07-01,601077.XSHG,0.0017956209629221
2022-07-01,601128.XSHG,0.0017084339963618
2022-07-01,601166.XSHG,0.0343380570360299
2022-07-01,601169.XSHG,0.0079729798365329
2022-07-01,601186.XSHG,0.0075864642768568
2022-07-01,601229.XSHG,0.0075142696380386
2022-07-01,601288.XSHG,0.0748254439958453
2022-07-01,601318.XSHG,0.0416685703334755
2022-07-01,601319.XSHG,0.0135548380495602
2022-07-01,601328.XSHG,0.016268529268327
2022-07-01,601398.XSHG,0.1068209572958272
2022-07-01,601628.XSHG,0.0536184892238411
2022-07-01,601658.XSHG,0.0050101198271356
2022-07-01,601816.XSHG,0.0111227839681245
2022-07-01,601818.XSHG,0.0103388918270717
2022-07-01,601939.XSHG,0.0048449167618959
2022-07-01,601988.XSHG,0.057071025973501
2022-07-01,601989.XSHG,0.0067685986384634
2022-07-01,601997.XSHG,0.0017092837670636
2022-07-01,603288.XSHG,0.0347942443059981
2022-08-01,000166.XSHE,0.0097833761068077
2022-08-01,000651.XSHE,0.019529890216019
2022-08-01,002004.XSHE,0.0011492574740703
2022-08-01,002304.XSHE,0.0224328016371247
2022-08-01,002465.XSHE,0.0021633339499853
2022-08-01,002839.XSHE,0.0011723991328049
2022-08-01,002966.XSHE,0.0012110031205524
2022-08-01,003816.XSHE,0.0028300017625773
2022-08-01,600000.XSHG,0.0224706740389869
2022-08-01,600008.XSHG,0.0022696109228756
2022-08-01,600016.XSHG,0.0135553111207193
2022-08-01,600025.XSHG,0.0135703188599334
2022-08-01,600028.XSHG,0.0415858312036357
2022-08-01,600050.XSHG,0.0111796116348962
2022-08-01,600332.XSHG,0.0042902555822505
2022-08-01,600519.XSHG,0.2514353384754739
2022-08-01,600528.XSHG,0.0020159268918569
2022-08-01,600582.XSHG,0.002234909890554
2022-08-01,600597.XSHG,0.0017093125436774
2022-08-01,600674.XSHG,0.0059624991259082
2022-08-01,600704.XSHG,0.002556781947753
2022-08-01,600839.XSHG,0.0014513154383937
2022-08-01,600867.XSHG,0.0020237835971664
2022-08-01,600886.XSHG,0.0076413990994433
2022-08-01,600887.XSHG,0.023825577631815
2022-08-01,600900.XSHG,0.0572631679727815
2022-08-01,600908.XSHG,0.0011111679661658
2022-08-01,600919.XSHG,0.0111916156630214
2022-08-01,600926.XSHG,0.0076409626086972
2022-08-01,600977.XSHG,0.0022279517826198
2022-08-01,601006.XSHG,0.0094766588853192
2022-08-01,601138.XSHG,0.0210846652222069
2022-08-01,601169.XSHG,0.0093131622891792
2022-08-01,601186.XSHG,0.0089525196149905
2022-08-01,601211.XSHG,0.0113017098143432
2022-08-01,601229.XSHG,0.0086723979027459
2022-08-01,601288.XSHG,0.0899995160954957
2022-08-01,601319.XSHG,0.016315785420267
2022-08-01,601328.XSHG,0.0190765335329751
2022-08-01,601398.XSHG,0.1247551696090937
2022-08-01,601766.XSHG,0.0131889528762112
2022-08-01,601816.XSHG,0.013195361487882
2022-08-01,601818.XSHG,0.0108389296291213
2022-08-01,601866.XSHG,0.0024270676619121
2022-08-01,601939.XSHG,0.0056277077079647
2022-08-01,601988.XSHG,0.0678438821241831
2022-08-01,601989.XSHG,0.0087922346143911
2022-08-01,603444.XSHG,0.0027375592871623
2022-08-01,603599.XSHG,0.0018369741250197
2022-08-01,603613.XSHG,0.005077824700967
2022-09-01,000166.XSHE,0.0087034938351006
2022-09-01,000425.XSHE,0.0037399646303052
2022-09-01,000568.XSHE,0.0310654512073711
2022-09-01,000651.XSHE,0.0168783152493293
2022-09-01,002030.XSHE,0.0022569921877032
2022-09-01,002078.XSHE,0.0029208871063389
2022-09-01,002966.XSHE,0.0021242518995225
2022-09-01,003816.XSHE,0.0100916040096926
2022-09-01,600000.XSHG,0.0195144152701297
2022-09-01,600016.XSHG,0.0117719641994971
2022-09-01,600025.XSHG,0.0121160367651362
2022-09-01,600028.XSHG,0.0371692137685863
2022-09-01,600030.XSHG,0.0201728875137965
2022-09-01,600039.XSHG,0.0046923923528554
2022-09-01,600050.XSHG,0.0100789442446279
2022-09-01,600057.XSHG,0.0018128845971713
2022-09-01,600061.XSHG,0.0038936427891161
2022-09-01,600183.XSHG,0.0033916700313766
2022-09-01,600332.XSHG,0.003530614752005
2022-09-01,600489.XSHG,0.0029365646454904
2022-09-01,600519.XSHG,0.2172693285831904
2022-09-01,600598.XSHG,0.0024323915820026
2022-09-01,600690.XSHG,0.0152045562452793
2022-09-01,600837.XSHG,0.0076618161535079
2022-09-01,600845.XSHG,0.0050771243111824
2022-09-01,600886.XSHG,0.0072894511900473
2022-09-01,600887.XSHG,0.0199463268815943
2022-09-01,600900.XSHG,0.0500014431746936
2022-09-01,600919.XSHG,0.0097921730155381
2022-09-01,600926.XSHG,0.0065798713313198
2022-09-01,601006.XSHG,0.0089407911076273
2022-09-01,601009.XSHG,0.0085266999333381
2022-09-01,601128.XSHG,0.0018937925085769
2022-09-01,601138.XSHG,0.0167818213237701
2022-09-01,601186.XSHG,0.0079228092978106
2022-09-01,601211.XSHG,0.0100607318422606
2022-09-01,601288.XSHG,0.0778839039600137
2022-09-01,601318.XSHG,0.0434807009846682
2022-09-01,601328.XSHG,0.0164946239027881
2022-09-01,601398.XSHG,0.1080943628598309
2022-09-01,601601.XSHG,0.0131049028015813
2022-09-01,601668.XSHG,0.0193384065796888
2022-09-01,601688.XSHG,0.0087410466919622
2022-09-01,601766.XSHG,0.0110958729358118
2022-09-01,601816.XSHG,0.0113337188268235
2022-09-01,601818.XSHG,0.009412953875089
2022-09-01,601901.XSHG,0.005185352426162
2022-09-01,601939.XSHG,0.0048432128447157
2022-09-01,601988.XSHG,0.0591121001549956
2022-09-01,601989.XSHG,0.0076355216189755
2022-10-10,000166.XSHE,0.0077354985224723
2022-10-10,000651.XSHE,0.0161670283929533
2022-10-10,000783.XSHE,0.0025789728219612
2022-10-10,002078.XSHE,0.0027264560689968
2022-10-10,002966.XSHE,0.0021898136014308
2022-10-10,003816.XSHE,0.009401956618401
2022-10-10,600000.XSHG,0.0185418557672058
2022-10-10,600015.XSHG,0.005807205187003
2022-10-10,600016.XSHG,0.0108343099734019
2022-10-10,600018.XSHG,0.0114320694749032
2022-10-10,600025.XSHG,0.0110471643237993
2022-10-10,600028.XSHG,0.0372660485794974
2022-10-10,600039.XSHG,0.0043609759879673
2022-10-10,600050.XSHG,0.0094039235527997
2022-10-10,600061.XSHG,0.0034757449632252
2022-10-10,600115.XSHG,0.0049426860039797
2022-10-10,600519.XSHG,0.2016030454396809
2022-10-10,600583.XSHG,0.001811664670124
2022-10-10,600837.XSHG,0.0069050151459305
2022-10-10,600886.XSHG,0.0067163435243705
2022-10-10,600887.XSHG,0.0182220826275213
2022-10-10,600900.XSHG,0.0477371415876559
2022-10-10,600919.XSHG,0.0098988102291918
2022-10-10,600926.XSHG,0.0063888865319668
2022-10-10,601006.XSHG,0.0089639987357196
2022-10-10,601009.XSHG,0.008332239252395
2022-10-10,601077.XSHG,0.0019108847648166
2022-10-10,601128.XSHG,0.001866955715883
2022-10-10,601169.XSHG,0.0078274645255562
2022-10-10,601186.XSHG,0.0072459613271248
2022-10-10,601211.XSHG,0.0090770841241985
2022-10-10,601229.XSHG,0.007260400877565
2022-10-10,601288.XSHG,0.0771833781418998
2022-10-10,601318.XSHG,0.0403281064939232
2022-10-10,601319.XSHG,0.0160764090817932
2022-10-10,601328.XSHG,0.0162595211707317
2022-10-10,601398.XSHG,0.1056291183675705
2022-10-10,601601.XSHG,0.0123693181054559
2022-10-10,601668.XSHG,0.0191542243410918
2022-10-10,601688.XSHG,0.0078846413413153
2022-10-10,601728.XSHG,0.0068301964831975
2022-10-10,601766.XSHG,0.0101870004165692
2022-10-10,601816.XSHG,0.0111489085760286
2022-10-10,601818.XSHG,0.0089747092185259
2022-10-10,601857.XSHG,0.0766786200819557
2022-10-10,601880.XSHG,0.0027070099156493
2022-10-10,601916.XSHG,0.0018709927481581
2022-10-10,601939.XSHG,0.0047586185986117
2022-10-10,601988.XSHG,0.0581427453900529
2022-10-10,601998.XSHG,0.0141367926077687
2022-11-01,000157.XSHE,0.0060613334438082
2022-11-01,000166.XSHE,0.0139834614546797
2022-11-01,000513.XSHE,0.0034920968006184
2022-11-01,000538.XSHE,0.0072792396546231
2022-11-01,000783.XSHE,0.0045866723027153
2022-11-01,002030.XSHE,0.0038139033928031
2022-11-01,002065.XSHE,0.0027710269386918
2022-11-01,002152.XSHE,0.0036530953540355
2022-11-01,002252.XSHE,0.0042636595381781
2022-11-01,002311.XSHE,0.0155257498754875
2022-11-01,002966.XSHE,0.0038270013755183
2022-11-01,003816.XSHE,0.0163126649401226
2022-11-01,600000.XSHG,0.0308435560153274
2022-11-01,600008.XSHG,0.0032044486566079
2022-11-01,600015.XSHG,0.0096758398044153
2022-11-01,600016.XSHG,0.0185214003647955
2022-11-01,600028.XSHG,0.0612311069929263
2022-11-01,600050.XSHG,0.0164608948851753
2022-11-01,600271.XSHG,0.0032614190287661
2022-11-01,600489.XSHG,0.0051692716933571
2022-11-01,600547.XSHG,0.0098840580930041
2022-11-01,600583.XSHG,0.0033500856813468
2022-11-01,600837.XSHG,0.0118973946458284
2022-11-01,600845.XSHG,0.0095582812929519
2022-11-01,600919.XSHG,0.0158694414962124
2022-11-01,600999.XSHG,0.0147535224382744
2022-11-01,601006.XSHG,0.0149733321100387
2022-11-01,601009.XSHG,0.0141554938461702
2022-11-01,601077.XSHG,0.0032325300105003
2022-11-01,601108.XSHG,0.0052923527614369
2022-11-01,601138.XSHG,0.0264182737207973
2022-11-01,601169.XSHG,0.0133830961621551
2022-11-01,601211.XSHG,0.0155637194523114
2022-11-01,601229.XSHG,0.0121878707142869
2022-11-01,601288.XSHG,0.1273829217594529
2022-11-01,601319.XSHG,0.0275609718813231
2022-11-01,601328.XSHG,0.0274152059904908
2022-11-01,601398.XSHG,0.1714999515724866
2022-11-01,601555.XSHG,0.0052150914518993
2022-11-01,601607.XSHG,0.0053711253305602
2022-11-01,601688.XSHG,0.0139992811785891
2022-11-01,601728.XSHG,0.0120949291984666
2022-11-01,601766.XSHG,0.0185470968291211
2022-11-01,601816.XSHG,0.0199401778395935
2022-11-01,601818.XSHG,0.0152388934731175
2022-11-01,601901.XSHG,0.0083680176012698
2022-11-01,601939.XSHG,0.0079123258608117
2022-11-01,601988.XSHG,0.0992363483421808
2022-11-01,601989.XSHG,0.0121882515845613
2022-11-01,601998.XSHG,0.023572115168106
2022-12-01,000166.XSHE,0.0143410255810347
2022-12-01,000425.XSHE,0.0039201461857388
2022-12-01,000538.XSHE,0.0074898516069292
2022-12-01,000623.XSHE,0.0028151228779543
2022-12-01,000783.XSHE,0.0047802155792688
2022-12-01,002673.XSHE,0.0040586122200483
2022-12-01,002966.XSHE,0.0041152409720681
2022-12-01,003816.XSHE,0.0166070457986102
2022-12-01,600000.XSHG,0.032654292999803
2022-12-01,600008.XSHG,0.0032688249951125
2022-12-01,600015.XSHG,0.0102543752717304
2022-12-01,600016.XSHG,0.019179384704333
2022-12-01,600028.XSHG,0.0664057020318661
2022-12-01,600061.XSHG,0.0064749194993218
2022-12-01,600208.XSHG,0.0036963505143993
2022-12-01,600271.XSHG,0.0031805072586022
2022-12-01,600352.XSHG,0.0049427438081382
2022-12-01,600390.XSHG,0.0035763358194544
2022-12-01,600489.XSHG,0.0055055182891079
2022-12-01,600598.XSHG,0.004018338307319
2022-12-01,600704.XSHG,0.0036894507632454
2022-12-01,600705.XSHG,0.0045684077255695
2022-12-01,600755.XSHG,0.0024304817495497
2022-12-01,600837.XSHG,0.0122370009297972
2022-12-01,600845.XSHG,0.0090656940368954
2022-12-01,600886.XSHG,0.0118175027589914
2022-12-01,600919.XSHG,0.0166573059874058
2022-12-01,600999.XSHG,0.0154732618343648
2022-12-01,601006.XSHG,0.0155315276624829
2022-12-01,601077.XSHG,0.0032673897638018
2022-12-01,601108.XSHG,0.0054022776410168
2022-12-01,601138.XSHG,0.0280313957980667
2022-12-01,601169.XSHG,0.0139761128418314
2022-12-01,601211.XSHG,0.0161602235031391
2022-12-01,601229.XSHG,0.0127383160867017
2022-12-01,601288.XSHG,0.1318903841962378
2022-12-01,601319.XSHG,0.0290441216841324
2022-12-01,601328.XSHG,0.0284860969340556
2022-12-01,601398.XSHG,0.176559589317629
2022-12-01,601555.XSHG,0.0053162234814321
2022-12-01,601688.XSHG,0.014838557567688
2022-12-01,601728.XSHG,0.0132215020377057
2022-12-01,601766.XSHG,0.0199423922300504
2022-12-01,601816.XSHG,0.0205074035062805
2022-12-01,601818.XSHG,0.0163205783477069
2022-12-01,601825.XSHG,0.0041518254573088
2022-12-01,601939.XSHG,0.0081303590202648
2022-12-01,601988.XSHG,0.1006755630228098
2022-12-01,601989.XSHG,0.0124542556065771
2022-12-01,601998.XSHG,0.0261302441864192
2023-01-03,000166.XSHE,0.0120028164316015
2023-01-03,000425.XSHE,0.0033269752540992
2023-01-03,000538.XSHE,0.0123134534641876
2023-01-03,000651.XSHE,0.0243014863878144
2023-01-03,000895.XSHE,0.0119186818388896
2023-01-03,000930.XSHE,0.0021018212306657
2023-01-03,002311.XSHE,0.0136084980126681
2023-01-03,002673.XSHE,0.0033599334273287
2023-01-03,002966.XSHE,0.0037447365744746
2023-01-03,003816.XSHE,0.0142653044459683
2023-01-03,600000.XSHG,0.0283995408229846
2023-01-03,600008.XSHG,0.0028291517862791
2023-01-03,600015.XSHG,0.0089402467537898
2023-01-03,600016.XSHG,0.0163251029890415
2023-01-03,600019.XSHG,0.0164053164267577
2023-01-03,600028.XSHG,0.0560062625886951
2023-01-03,600030.XSHG,0.0302704997301075
2023-01-03,600170.XSHG,0.0031089653383606
2023-01-03,600352.XSHG,0.0043493725304319
2023-01-03,600362.XSHG,0.0048600493695863
2023-01-03,600489.XSHG,0.0049099858102447
2023-01-03,600598.XSHG,0.0032877164898332
2023-01-03,600674.XSHG,0.0072944980134635
2023-01-03,600704.XSHG,0.00321783759272
2023-01-03,600837.XSHG,0.0102003495552931
2023-01-03,600867.XSHG,0.0024791506354491
2023-01-03,600886.XSHG,0.0101050300384874
2023-01-03,600919.XSHG,0.014388254698241
2023-01-03,600999.XSHG,0.013160424242683
2023-01-03,601006.XSHG,0.0131708105676716
2023-01-03,601009.XSHG,0.012368268495532
2023-01-03,601077.XSHG,0.0027825506730274
2023-01-03,601108.XSHG,0.0044308741167819
2023-01-03,601138.XSHG,0.0246631660229604
2023-01-03,601169.XSHG,0.0121382570907744
2023-01-03,601211.XSHG,0.013414003025602
2023-01-03,601229.XSHG,0.0109520427051121
2023-01-03,601288.XSHG,0.1161488813479599
2023-01-03,601328.XSHG,0.0248977622541606
2023-01-03,601333.XSHG,0.0016867781997647
2023-01-03,601398.XSHG,0.155506871160983
2023-01-03,601555.XSHG,0.0043892997530154
2023-01-03,601728.XSHG,0.0114042275953888
2023-01-03,601766.XSHG,0.0167014016268088
2023-01-03,601818.XSHG,0.0144598170268249
2023-01-03,601857.XSHG,0.1085616778377621
2023-01-03,601880.XSHG,0.0040818780522164
2023-01-03,601939.XSHG,0.0072281201361258
2023-01-03,601988.XSHG,0.0891290728956627
2023-01-03,601989.XSHG,0.010402776935716
2023-02-01,000060.XSHE,0.0023353120652768
2023-02-01,000157.XSHE,0.0056514781614547
2023-02-01,000166.XSHE,0.0130056162771256
2023-02-01,000338.XSHE,0.0079213998756895
2023-02-01,000425.XSHE,0.0038933992434044
2023-02-01,000538.XSHE,0.0132385718812958
2023-02-01,000651.XSHE,0.0266432459404467
2023-02-01,000750.XSHE,0.0026815782158425
2023-02-01,000783.XSHE,0.0044287700658632
2023-02-01,000895.XSHE,0.0122031757163813
2023-02-01,002673.XSHE,0.0037954966102893
2023-02-01,002736.XSHE,0.0116578255130352
2023-02-01,003816.XSHE,0.0145972529782862
2023-02-01,300017.XSHE,0.0018487222601681
2023-02-01,600000.XSHG,0.0294741520556049
2023-02-01,600008.XSHG,0.002944432263053
2023-02-01,600015.XSHG,0.0091321442341738
2023-02-01,600016.XSHG,0.0169338616936777
2023-02-01,600018.XSHG,0.0169466134978833
2023-02-01,600028.XSHG,0.0586560518828538
2023-02-01,600098.XSHG,0.002546346406846
2023-02-01,600104.XSHG,0.0242132190065324
2023-02-01,600352.XSHG,0.0044741663582402
2023-02-01,600369.XSHG,0.0031423585270771
2023-02-01,600637.XSHG,0.0031445184345387
2023-02-01,600674.XSHG,0.007661969367616
2023-02-01,600837.XSHG,0.0116099667239837
2023-02-01,600839.XSHG,0.001819654285245
2023-02-01,600867.XSHG,0.0026768289865727
2023-02-01,600901.XSHG,0.002509986081556
2023-02-01,600919.XSHG,0.0148092120312564
2023-02-01,600999.XSHG,0.0147436788718148
2023-02-01,601006.XSHG,0.0135900105400321
2023-02-01,601077.XSHG,0.0028930860700184
2023-02-01,601108.XSHG,0.0050431679857674
2023-02-01,601138.XSHG,0.0258734970290817
2023-02-01,601169.XSHG,0.0122885068362565
2023-02-01,601211.XSHG,0.0147941353952068
2023-02-01,601229.XSHG,0.0113546197909335
2023-02-01,601288.XSHG,0.1192313226694811
2023-02-01,601328.XSHG,0.0260260775782489
2023-02-01,601375.XSHG,0.0018626239031095
2023-02-01,601398.XSHG,0.1585404403605424
2023-02-01,601555.XSHG,0.004953160763986
2023-02-01,601818.XSHG,0.0148389006194055
2023-02-01,601857.XSHG,0.1148768825228028
2023-02-01,601939.XSHG,0.0073560345400527
2023-02-01,601988.XSHG,0.0925931065120302
2023-02-01,601989.XSHG,0.0109371388208088
2023-02-01,688981.XSHG,0.0116062825491486
2023-03-01,000166.XSHE,0.0124331843383652
2023-03-01,000538.XSHE,0.012570087120054
2023-03-01,000651.XSHE,0.0264169557587417
2023-03-01,000709.XSHE,0.0033944875121929
2023-03-01,000750.XSHE,0.0024878764216418
2023-03-01,000778.XSHE,0.00207879070894
2023-03-01,000783.XSHE,0.0040703425929031
2023-03-01,000895.XSHE,0.0120698538715515
2023-03-01,000932.XSHE,0.0042086871455917
2023-03-01,002465.XSHE,0.0028521825093507
2023-03-01,003816.XSHE,0.0140933483439513
2023-03-01,300296.XSHE,0.0017534972686733
2023-03-01,600000.XSHG,0.0276632371479598
2023-03-01,600008.XSHG,0.0028397059752595
2023-03-01,600015.XSHG,0.0087557000869085
2023-03-01,600016.XSHG,0.0157901028135995
2023-03-01,600028.XSHG,0.0586503861757318
2023-03-01,600104.XSHG,0.0230385638980463
2023-03-01,600170.XSHG,0.0031313961575244
2023-03-01,600352.XSHG,0.0044049276342234
2023-03-01,600369.XSHG,0.0029972416086826
2023-03-01,600516.XSHG,0.0033201735010285
2023-03-01,600637.XSHG,0.003195865626871
2023-03-01,600741.XSHG,0.0078007246835896
2023-03-01,600837.XSHG,0.0106666053792017
2023-03-01,600919.XSHG,0.013766628222423
2023-03-01,600967.XSHG,0.0021319864848207
2023-03-01,600999.XSHG,0.0137104674466985
2023-03-01,601006.XSHG,0.0132974108247363
2023-03-01,601108.XSHG,0.0047020565000646
2023-03-01,601138.XSHG,0.0255948055520739
2023-03-01,601166.XSHG,0.0462773840932255
2023-03-01,601169.XSHG,0.0119393764844608
2023-03-01,601179.XSHG,0.0033204372949401
2023-03-01,601211.XSHG,0.0139893572951057
2023-03-01,601288.XSHG,0.1138355746999961
2023-03-01,601328.XSHG,0.0250691972380867
2023-03-01,601375.XSHG,0.0017498854391016
2023-03-01,601398.XSHG,0.1504991750376433
2023-03-01,601555.XSHG,0.0045828580782417
2023-03-01,601718.XSHG,0.0018243231357507
2023-03-01,601766.XSHG,0.0182855264760614
2023-03-01,601818.XSHG,0.0138421780719807
2023-03-01,601857.XSHG,0.1109854619551634
2023-03-01,601901.XSHG,0.0075019458748271
2023-03-01,601939.XSHG,0.0070240795582136
2023-03-01,601985.XSHG,0.0152207866601416
2023-03-01,601988.XSHG,0.0886483521893413
2023-03-01,601989.XSHG,0.0107505638023243
2023-03-01,688981.XSHG,0.010766257303991
2023-04-03,000166.XSHE,0.0141194866869771
2023-04-03,000895.XSHE,0.0132989776582913
2023-04-03,002797.XSHE,0.0037066088327677
2023-04-03,003816.XSHE,0.0166238168912093
2023-04-03,300070.XSHE,0.0021356153843229
2023-04-03,600000.XSHG,0.03118565623302
2023-04-03,600008.XSHG,0.0032433058723792
2023-04-03,600015.XSHG,0.0102509002394785
2023-04-03,600016.XSHG,0.0180787975658318
2023-04-03,600018.XSHG,0.018799788445361
2023-04-03,600025.XSHG,0.0184328059915099
2023-04-03,600098.XSHG,0.0028147733342702
2023-04-03,600104.XSHG,0.0248092712406343
2023-04-03,600157.XSHG,0.0050888278883261
2023-04-03,600170.XSHG,0.0036184531697103
2023-04-03,600352.XSHG,0.004918013452819
2023-04-03,600482.XSHG,0.0050511430080119
2023-04-03,600674.XSHG,0.0087072820865143
2023-04-03,600704.XSHG,0.0036803453558534
2023-04-03,600737.XSHG,0.0025474209873717
2023-04-03,600820.XSHG,0.0026482341349832
2023-04-03,600886.XSHG,0.0110860539965764
2023-04-03,600905.XSHG,0.0110512947028413
2023-04-03,600919.XSHG,0.0152582948783563
2023-04-03,600959.XSHG,0.0025198368842847
2023-04-03,600999.XSHG,0.0153873786838427
2023-04-03,601006.XSHG,0.0158615328467909
2023-04-03,601077.XSHG,0.0031856819994406
2023-04-03,601098.XSHG,0.0031900428180233
2023-04-03,601166.XSHG,0.0518490735940054
2023-04-03,601169.XSHG,0.0138093827965229
2023-04-03,601211.XSHG,0.0160893834673171
2023-04-03,601229.XSHG,0.012298017844082
2023-04-03,601288.XSHG,0.1370981791856284
2023-04-03,601328.XSHG,0.0295804726883233
2023-04-03,601398.XSHG,0.1772904260840322
2023-04-03,601555.XSHG,0.0052019027087139
2023-04-03,601598.XSHG,0.0032464631841845
2023-04-03,601607.XSHG,0.005791016855046
2023-04-03,601816.XSHG,0.038168957813889
2023-04-03,601818.XSHG,0.0206411540970331
2023-04-03,601880.XSHG,0.0044516186544723
2023-04-03,601901.XSHG,0.0086976607705984
2023-04-03,601916.XSHG,0.0070886920756421
2023-04-03,601939.XSHG,0.0084350350730437
2023-04-03,601985.XSHG,0.0178457485438015
2023-04-03,601988.XSHG,0.1046464604671511
2023-04-03,601989.XSHG,0.0123679805108603
2023-04-03,601998.XSHG,0.0271725738726602
2023-04-03,688009.XSHG,0.0069301584431909
2023-05-04,000166.XSHE,0.014140339340214
2023-05-04,000623.XSHE,0.0027181285281107
2023-05-04,000750.XSHE,0.0026262139139121
2023-05-04,000895.XSHE,0.0116780322580645
2023-05-04,002202.XSHE,0.0050017358736453
2023-05-04,002736.XSHE,0.0113621386586765
2023-05-04,002797.XSHE,0.0033536281269197
2023-05-04,003816.XSHE,0.0170180770122637
2023-05-04,600000.XSHG,0.0302884547004393
2023-05-04,600008.XSHG,0.0030279241737782
2023-05-04,600015.XSHG,0.0103544995477549
2023-05-04,600018.XSHG,0.0180280635772587
2023-05-04,600025.XSHG,0.0173165407542388
2023-05-04,600039.XSHG,0.0099083232355157
2023-05-04,600098.XSHG,0.0027575719748075
2023-05-04,600104.XSHG,0.0218988518894489
2023-05-04,600157.XSHG,0.0045972347928436
2023-05-04,600170.XSHG,0.0034097695021814
2023-05-04,600674.XSHG,0.0088162189846506
2023-05-04,600739.XSHG,0.0026925015445842
2023-05-04,600837.XSHG,0.0113501525463397
2023-05-04,600886.XSHG,0.0116525382510062
2023-05-04,600900.XSHG,0.0689351419466137
2023-05-04,600905.XSHG,0.0099573575869705
2023-05-04,600919.XSHG,0.015294746411357
2023-05-04,600999.XSHG,0.0143103010909764
2023-05-04,601006.XSHG,0.0159005052531621
2023-05-04,601016.XSHG,0.0030866961073256
2023-05-04,601077.XSHG,0.0048667479457582
2023-05-04,601099.XSHG,0.0025277518293941
2023-05-04,601106.XSHG,0.0032434111800516
2023-05-04,601166.XSHG,0.0467816209109021
2023-05-04,601169.XSHG,0.013777919318386
2023-05-04,601211.XSHG,0.0153204386100401
2023-05-04,601229.XSHG,0.011907772268794
2023-05-04,601288.XSHG,0.1439603584292677
2023-05-04,601328.XSHG,0.0312209806272609
2023-05-04,601375.XSHG,0.0018435946563152
2023-05-04,601398.XSHG,0.1793165486350142
2023-05-04,601555.XSHG,0.0049384750017766
2023-05-04,601598.XSHG,0.0033049885033778
2023-05-04,601607.XSHG,0.0059800630067712
2023-05-04,601818.XSHG,0.0207011972602851
2023-05-04,601866.XSHG,0.0028868286759009
2023-05-04,601901.XSHG,0.0078199816992697
2023-05-04,601916.XSHG,0.0071416939386573
2023-05-04,601939.XSHG,0.0084430843196405
2023-05-04,601985.XSHG,0.018153389128005
2023-05-04,601988.XSHG,0.1115761540345617
2023-05-04,601997.XSHG,0.0028053124375081
2023-06-01,000027.XSHE,0.0096716331805016
2023-06-01,000166.XSHE,0.0313252528340653
2023-06-01,000598.XSHE,0.0048686682514306
2023-06-01,000623.XSHE,0.0057661476722027
2023-06-01,000728.XSHE,0.0086895662342711
2023-06-01,000750.XSHE,0.0055261768775795
2023-06-01,000883.XSHE,0.0090817209948805
2023-06-01,000895.XSHE,0.0250868348809906
2023-06-01,002128.XSHE,0.0074984228787982
2023-06-01,002202.XSHE,0.0109591940772886
2023-06-01,002673.XSHE,0.0079135500835998
2023-06-01,002736.XSHE,0.0241197060231292
2023-06-01,002797.XSHE,0.0071956260281855
2023-06-01,002936.XSHE,0.004183681939952
2023-06-01,002958.XSHE,0.004017066571487
2023-06-01,003816.XSHE,0.0364124377493504
2023-06-01,300185.XSHE,0.002900498614948
2023-06-01,600000.XSHG,0.0636036485137067
2023-06-01,600008.XSHG,0.0066640955006803
2023-06-01,600018.XSHG,0.0362819829247333
2023-06-01,600104.XSHG,0.0469130686333143
2023-06-01,600157.XSHG,0.0097875148185768
2023-06-01,600177.XSHG,0.0093908502061839
2023-06-01,600369.XSHG,0.0062506566912425
2023-06-01,600578.XSHG,0.0073918973756011
2023-06-01,600597.XSHG,0.0042676838181139
2023-06-01,600598.XSHG,0.0071009498436458
2023-06-01,600674.XSHG,0.0193713434600837
2023-06-01,600739.XSHG,0.0060239209331874
2023-06-01,600900.XSHG,0.1514943423916385
2023-06-01,600905.XSHG,0.0218566440377292
2023-06-01,600909.XSHG,0.0068095931756408
2023-06-01,600919.XSHG,0.032396160312704
2023-06-01,601006.XSHG,0.0334544893804219
2023-06-01,601016.XSHG,0.0067494175803359
2023-06-01,601018.XSHG,0.0135664474899206
2023-06-01,601099.XSHG,0.0052751334691472
2023-06-01,601166.XSHG,0.1023373112476519
2023-06-01,601169.XSHG,0.0295783885581602
2023-06-01,601198.XSHG,0.0078799866342177
2023-06-01,601211.XSHG,0.0328304047293799
2023-06-01,601228.XSHG,0.0062984871165715
2023-06-01,601229.XSHG,0.0253901935636776
2023-06-01,601555.XSHG,0.0109253542481021
2023-06-01,601825.XSHG,0.0080202264939266
2023-06-01,601866.XSHG,0.0061501963039044
2023-06-01,601880.XSHG,0.0087987762943119
2023-06-01,601901.XSHG,0.0166376065725913
2023-06-01,601985.XSHG,0.0393167388643986
2023-06-01,601997.XSHG,0.0059703039238354
2023-07-03,000027.XSHE,0.0046754690079007
2023-07-03,000157.XSHE,0.0070410251290329
2023-07-03,000166.XSHE,0.0154865643610398
2023-07-03,000513.XSHE,0.0035098891567111
2023-07-03,000623.XSHE,0.0027481418683311
2023-07-03,000725.XSHE,0.022924831608109
2023-07-03,000728.XSHE,0.0042757266524884
2023-07-03,000783.XSHE,0.0047972758646753
2023-07-03,000895.XSHE,0.0126247055920844
2023-07-03,000937.XSHE,0.0027792288919716
2023-07-03,002128.XSHE,0.0037826476289221
2023-07-03,002179.XSHE,0.0136830224149546
2023-07-03,002202.XSHE,0.0054011844365531
2023-07-03,002223.XSHE,0.0050014895708575
2023-07-03,002249.XSHE,0.0014932266746228
2023-07-03,002797.XSHE,0.0035115995697813
2023-07-03,003816.XSHE,0.0182533860361831
2023-07-03,300185.XSHE,0.0015113008286763
2023-07-03,600000.XSHG,0.0317531024718111
2023-07-03,600008.XSHG,0.00313518837543
2023-07-03,600025.XSHG,0.0190201236729835
2023-07-03,600039.XSHG,0.0097825515308571
2023-07-03,600104.XSHG,0.0246566757393561
2023-07-03,600170.XSHG,0.0035588316517524
2023-07-03,600406.XSHG,0.0271931080574647
2023-07-03,600519.XSHG,0.3200775911221565
2023-07-03,600598.XSHG,0.0035466809494452
2023-07-03,600660.XSHG,0.0105558719718682
2023-07-03,600674.XSHG,0.0099151070910559
2023-07-03,600741.XSHG,0.0086989144173675
2023-07-03,600760.XSHG,0.0188214672922508
2023-07-03,600879.XSHG,0.0033958150989535
2023-07-03,600900.XSHG,0.0743439923033303
2023-07-03,600905.XSHG,0.0108118348650058
2023-07-03,600919.XSHG,0.0169283811665313
2023-07-03,600999.XSHG,0.0152026493419322
2023-07-03,601006.XSHG,0.016766282811311
2023-07-03,601016.XSHG,0.0032455812515548
2023-07-03,601088.XSHG,0.0759416851318162
2023-07-03,601108.XSHG,0.0050441718737252
2023-07-03,601166.XSHG,0.0486006075039554
2023-07-03,601169.XSHG,0.0146545983214575
2023-07-03,601211.XSHG,0.0156617085097253
2023-07-03,601229.XSHG,0.0118901115667457
2023-07-03,601238.XSHG,0.0115677122446916
2023-07-03,601555.XSHG,0.0054837062860325
2023-07-03,601878.XSHG,0.0057314400834996
2023-07-03,601919.XSHG,0.0179133682198727
2023-07-03,601985.XSHG,0.0198418396275212
2023-07-03,601997.XSHG,0.0027585841556418
2023-08-01,000157.XSHE,0.007848333127325
2023-08-01,000538.XSHE,0.0154905895680603
2023-08-01,000623.XSHE,0.0032460724083313
2023-08-01,000709.XSHE,0.0041317748589678
2023-08-01,000728.XSHE,0.0052264336290416
2023-08-01,000776.XSHE,0.0155393439582942
2023-08-01,000783.XSHE,0.0059250483210426
2023-08-01,000895.XSHE,0.0141400382536789
2023-08-01,000937.XSHE,0.0031001504104849
2023-08-01,002007.XSHE,0.0058297324982296
2023-08-01,002078.XSHE,0.0052848865563993
2023-08-01,002202.XSHE,0.0061458323065622
2023-08-01,002673.XSHE,0.0048816301690347
2023-08-01,002736.XSHE,0.0138009249818823
2023-08-01,002797.XSHE,0.0042938758735678
2023-08-01,002936.XSHE,0.0025348704406905
2023-08-01,002939.XSHE,0.0050350812954925
2023-08-01,003816.XSHE,0.0199903663836378
2023-08-01,600000.XSHG,0.0361048871099714
2023-08-01,600008.XSHG,0.0036355032656797
2023-08-01,600022.XSHG,0.0028225184517864
2023-08-01,600064.XSHG,0.0019379811900631
2023-08-01,600104.XSHG,0.0290263221789626
2023-08-01,600109.XSHG,0.0050624368502023
2023-08-01,600170.XSHG,0.0043001802185597
2023-08-01,600196.XSHG,0.0108069596296137
2023-08-01,600282.XSHG,0.0036919288352186
2023-08-01,600406.XSHG,0.0309415794337719
2023-08-01,600516.XSHG,0.0040855470829406
2023-08-01,600519.XSHG,0.3840626650933844
2023-08-01,600598.XSHG,0.0041460033609397
2023-08-01,600655.XSHG,0.0047818820560954
2023-08-01,600660.XSHG,0.0121860348647293
2023-08-01,600674.XSHG,0.0105770489189949
2023-08-01,600887.XSHG,0.0286932877517193
2023-08-01,600900.XSHG,0.0799462123389836
2023-08-01,600905.XSHG,0.0119505213922941
2023-08-01,600919.XSHG,0.0179396218159198
2023-08-01,601006.XSHG,0.017649865298764
2023-08-01,601108.XSHG,0.0063133394176963
2023-08-01,601166.XSHG,0.0559152598599401
2023-08-01,601211.XSHG,0.0186961721245479
2023-08-01,601216.XSHG,0.0061182967166346
2023-08-01,601229.XSHG,0.0138284109276279
2023-08-01,601878.XSHG,0.0067915410919587
2023-08-01,601880.XSHG,0.0050890982393119
2023-08-01,601901.XSHG,0.0095264009795378
2023-08-01,601933.XSHG,0.0053317175433076
2023-08-01,601985.XSHG,0.0222801021660148
2023-08-01,601997.XSHG,0.0033156887541022
2023-09-01,000538.XSHE,0.0105373557917918
2023-09-01,000709.XSHE,0.0025721414805514
2023-09-01,000895.XSHE,0.0100790526664288
2023-09-01,000937.XSHE,0.0019719322812282
2023-09-01,002001.XSHE,0.0053740857856013
2023-09-01,002064.XSHE,0.0038471884798789
2023-09-01,002078.XSHE,0.0035553540820834
2023-09-01,002128.XSHE,0.0028297908281219
2023-09-01,002966.XSHE,0.0026222194760265
2023-09-01,003816.XSHE,0.0134920354439496
2023-09-01,600000.XSHG,0.0222637092835119
2023-09-01,600008.XSHG,0.0022716229682544
2023-09-01,600010.XSHG,0.0061345481093314
2023-09-01,600015.XSHG,0.0077281124882885
2023-09-01,600016.XSHG,0.0146577499093225
2023-09-01,600025.XSHG,0.0141594415843224
2023-09-01,600104.XSHG,0.0183812543003588
2023-09-01,600170.XSHG,0.0026729286746506
2023-09-01,600309.XSHG,0.0328111168613696
2023-09-01,600352.XSHG,0.0032702675909126
2023-09-01,600362.XSHG,0.0043607211401289
2023-09-01,600519.XSHG,0.2516027528819071
2023-09-01,600655.XSHG,0.0031506066910983
2023-09-01,600660.XSHG,0.0082638799817261
2023-09-01,600674.XSHG,0.0071484033903832
2023-09-01,600873.XSHG,0.0029077905747889
2023-09-01,600885.XSHG,0.003931798187359
2023-09-01,600886.XSHG,0.009414065645984
2023-09-01,600900.XSHG,0.0536686712147451
2023-09-01,600901.XSHG,0.0020741787212352
2023-09-01,600905.XSHG,0.0072257039207559
2023-09-01,600919.XSHG,0.0122321483395891
2023-09-01,600938.XSHG,0.0058885643129961
2023-09-01,601006.XSHG,0.0117503995042444
2023-09-01,601077.XSHG,0.0036229121711276
2023-09-01,601088.XSHG,0.0513009078173411
2023-09-01,601118.XSHG,0.0022365161790666
2023-09-01,601166.XSHG,0.03583055380097
2023-09-01,601169.XSHG,0.0103634343093404
2023-09-01,601229.XSHG,0.0090350701740198
2023-09-01,601288.XSHG,0.1188285186645772
2023-09-01,601328.XSHG,0.0234862436825082
2023-09-01,601398.XSHG,0.1333198973599372
2023-09-01,601727.XSHG,0.0061209679821584
2023-09-01,601825.XSHG,0.0029305189866768
2023-09-01,601919.XSHG,0.0136739237785159
2023-09-01,601939.XSHG,0.0062283738863634
2023-09-01,601952.XSHG,0.0017877533924294
2023-09-01,601985.XSHG,0.0147521035621526
2023-09-01,688538.XSHG,0.0016307116598872
2023-10-09,000538.XSHE,0.0104734385911405
2023-10-09,000895.XSHE,0.0100719925495439
2023-10-09,000937.XSHE,0.0021621945046285
2023-10-09,002001.XSHE,0.0054132723008654
2023-10-09,002078.XSHE,0.0036779824092201
2023-10-09,002128.XSHE,0.0029137001878467
2023-10-09,002223.XSHE,0.0036047451266191
2023-10-09,002966.XSHE,0.0026706107970518
2023-10-09,003816.XSHE,0.0137241653156408
2023-10-09,600000.XSHG,0.0226399494816527
2023-10-09,600008.XSHG,0.0022712238280828
2023-10-09,600010.XSHG,0.0059440044793305
2023-10-09,600015.XSHG,0.0079911114005054
2023-10-09,600018.XSHG,0.0130180125545134
2023-10-09,600025.XSHG,0.0148909933846797
2023-10-09,600098.XSHG,0.0023326558291238
2023-10-09,600104.XSHG,0.0191899192308314
2023-10-09,600170.XSHG,0.0027006167236468
2023-10-09,600177.XSHG,0.0035601355429054
2023-10-09,600282.XSHG,0.0025230632837699
2023-10-09,600350.XSHG,0.0037812975443718
2023-10-09,600377.XSHG,0.0043635958504751
2023-10-09,600519.XSHG,0.2449205781858736
2023-10-09,600660.XSHG,0.0084191831548917
2023-10-09,600674.XSHG,0.0072632095414975
2023-10-09,600740.XSHG,0.0014617827261559
2023-10-09,600873.XSHG,0.0031067623153572
2023-10-09,600885.XSHG,0.0038301387815067
2023-10-09,600888.XSHG,0.0011650707869911
2023-10-09,600900.XSHG,0.0562917670785213
2023-10-09,600901.XSHG,0.0022008454691889
2023-10-09,600919.XSHG,0.0141156034192373
2023-10-09,600938.XSHG,0.0065416414686568
2023-10-09,600989.XSHG,0.0113690712160832
2023-10-09,601006.XSHG,0.012261044843511
2023-10-09,601077.XSHG,0.0039062879280831
2023-10-09,601088.XSHG,0.0570856794527324
2023-10-09,601128.XSHG,0.0021287965519356
2023-10-09,601166.XSHG,0.0369706305831185
2023-10-09,601169.XSHG,0.0107173664890331
2023-10-09,601229.XSHG,0.0093439387150675
2023-10-09,601288.XSHG,0.1260971732304828
2023-10-09,601328.XSHG,0.0248487675834333
2023-10-09,601398.XSHG,0.1381453467033142
2023-10-09,601577.XSHG,0.003568772315777
2023-10-09,601818.XSHG,0.0156314751059646
2023-10-09,601825.XSHG,0.0030526992801678
2023-10-09,601919.XSHG,0.0137680391502053
2023-10-09,601939.XSHG,0.0066208641932902
2023-10-09,601985.XSHG,0.0152487828134744
2023-11-01,000050.XSHE,0.0027456158376545
2023-11-01,000538.XSHE,0.0107877141168505
2023-11-01,000596.XSHE,0.0135800921218063
2023-11-01,000651.XSHE,0.0223947185499184
2023-11-01,000776.XSHE,0.0103557707318868
2023-11-01,000895.XSHE,0.0108192377928694
2023-11-01,002001.XSHE,0.0058121317747863
2023-11-01,002007.XSHE,0.0043961920519519
2023-11-01,002078.XSHE,0.0040618591450729
2023-11-01,002128.XSHE,0.0033945561227171
2023-11-01,003816.XSHE,0.0139404416773414
2023-11-01,300009.XSHE,0.0015221483275264
2023-11-01,300498.XSHE,0.0120736553070468
2023-11-01,600000.XSHG,0.0238666117817704
2023-11-01,600008.XSHG,0.0024014106609569
2023-11-01,600015.XSHG,0.0085568470433032
2023-11-01,600025.XSHG,0.0166628729680236
2023-11-01,600104.XSHG,0.0201077967894122
2023-11-01,600177.XSHG,0.0037033845681176
2023-11-01,600219.XSHG,0.004329962738348
2023-11-01,600282.XSHG,0.0027914457979318
2023-11-01,600660.XSHG,0.008784277648208
2023-11-01,600674.XSHG,0.0077988975937423
2023-11-01,600690.XSHG,0.0166598567639957
2023-11-01,600873.XSHG,0.0033039195239757
2023-11-01,600886.XSHG,0.0101143506755543
2023-11-01,600887.XSHG,0.0204173143841191
2023-11-01,600900.XSHG,0.0632424718493703
2023-11-01,600901.XSHG,0.0023976491329506
2023-11-01,600919.XSHG,0.0147903686768056
2023-11-01,600938.XSHG,0.0066122319267385
2023-11-01,600989.XSHG,0.0124906810256313
2023-11-01,600999.XSHG,0.0123689525537321
2023-11-01,601006.XSHG,0.0131363544855829
2023-11-01,601077.XSHG,0.004398807620443
2023-11-01,601088.XSHG,0.0592070753817215
2023-11-01,601128.XSHG,0.0023248156915014
2023-11-01,601166.XSHG,0.0372063440139435
2023-11-01,601169.XSHG,0.0113274216256421
2023-11-01,601211.XSHG,0.0131796556136798
2023-11-01,601229.XSHG,0.0099794123833758
2023-11-01,601288.XSHG,0.1369802471360665
2023-11-01,601328.XSHG,0.0265651133816667
2023-11-01,601398.XSHG,0.1524348556674532
2023-11-01,601818.XSHG,0.0162817028220178
2023-11-01,601825.XSHG,0.0032266313752119
2023-11-01,601919.XSHG,0.0146762495325941
2023-11-01,601939.XSHG,0.0071411836636323
2023-11-01,601985.XSHG,0.0167195464072658
2023-11-01,601988.XSHG,0.0979291455380835
2023-12-01,000538.XSHE,0.0107088791324123
2023-12-01,000895.XSHE,0.0107074521796135
2023-12-01,000937.XSHE,0.0024417479527733
2023-12-01,002001.XSHE,0.0061241517200955
2023-12-01,002007.XSHE,0.0045826680618101
2023-12-01,002128.XSHE,0.0036795443267938
2023-12-01,002252.XSHE,0.0064590674944852
2023-12-01,002432.XSHE,0.002094673825489
2023-12-01,002736.XSHE,0.0103343660812727
2023-12-01,003816.XSHE,0.0141550827824483
2023-12-01,300498.XSHE,0.0123838932429515
2023-12-01,600000.XSHG,0.0239583745315458
2023-12-01,600015.XSHG,0.008907873764863
2023-12-01,600016.XSHG,0.0163531781906246
2023-12-01,600025.XSHG,0.0179310306178587
2023-12-01,600157.XSHG,0.0037593708204313
2023-12-01,600161.XSHG,0.0062164778770271
2023-12-01,600282.XSHG,0.0027548453866165
2023-12-01,600298.XSHG,0.0037397326360631
2023-12-01,600332.XSHG,0.0050357838518784
2023-12-01,600637.XSHG,0.0033525929232699
2023-12-01,600660.XSHG,0.0089359410564723
2023-12-01,600674.XSHG,0.0075639077347223
2023-12-01,600795.XSHG,0.0084585852393643
2023-12-01,600863.XSHG,0.0030176185656007
2023-12-01,600886.XSHG,0.0104253749378045
2023-12-01,600887.XSHG,0.0203228829410449
2023-12-01,600900.XSHG,0.0637747098553696
2023-12-01,600919.XSHG,0.0144552797382201
2023-12-01,600938.XSHG,0.0067590932916108
2023-12-01,600999.XSHG,0.0124611671397497
2023-12-01,601006.XSHG,0.0133709597024547
2023-12-01,601077.XSHG,0.0043168768572981
2023-12-01,601088.XSHG,0.0619188474714678
2023-12-01,601166.XSHG,0.036166199534019
2023-12-01,601168.XSHG,0.0036573487506323
2023-12-01,601169.XSHG,0.0114631546880871
2023-12-01,601211.XSHG,0.013382850194493
2023-12-01,601229.XSHG,0.0098343978832937
2023-12-01,601288.XSHG,0.1388488747397075
2023-12-01,601328.XSHG,0.0270335779430272
2023-12-01,601398.XSHG,0.1545293957380619
2023-12-01,601816.XSHG,0.0296669755917922
2023-12-01,601818.XSHG,0.0160916740383884
2023-12-01,601916.XSHG,0.0064693722163653
2023-12-01,601918.XSHG,0.0016576443576423
2023-12-01,601919.XSHG,0.0150043619156036
2023-12-01,601939.XSHG,0.0072934223393946
2023-12-01,601985.XSHG,0.0159757907349825
2023-12-01,601988.XSHG,0.1014629274030035
2024-01-02,000157.XSHE,0.005968394847423
2024-01-02,000408.XSHE,0.0052248542440501
2024-01-02,000895.XSHE,0.0117214803923523
2024-01-02,000937.XSHE,0.0027142754134155
2024-01-02,001965.XSHE,0.0080075325425441
2024-01-02,002001.XSHE,0.0066478296915603
2024-01-02,002064.XSHE,0.0042521090927249
2024-01-02,002078.XSHE,0.0043466662437717
2024-01-02,002128.XSHE,0.0039582150068823
2024-01-02,002432.XSHE,0.0022726028462825
2024-01-02,003816.XSHE,0.01603591228037
2024-01-02,600015.XSHG,0.0093114770626354
2024-01-02,600016.XSHG,0.0169870228862447
2024-01-02,600018.XSHG,0.0147024239166778
2024-01-02,600025.XSHG,0.0202716669611687
2024-01-02,600282.XSHG,0.0029217773939769
2024-01-02,600295.XSHG,0.0024942049942421
2024-01-02,600298.XSHG,0.0039092350655893
2024-01-02,600332.XSHG,0.0051619085243316
2024-01-02,600350.XSHG,0.0044214517253634
2024-01-02,600406.XSHG,0.0224366024169803
2024-01-02,600642.XSHG,0.0041091836971712
2024-01-02,600660.XSHG,0.0096150948423565
2024-01-02,600674.XSHG,0.0086154654832561
2024-01-02,600795.XSHG,0.0097251576464822
2024-01-02,600863.XSHG,0.0033593264196963
2024-01-02,600873.XSHG,0.0036223879116042
2024-01-02,600886.XSHG,0.0119361028073998
2024-01-02,600887.XSHG,0.0211016464327568
2024-01-02,600900.XSHG,0.0710344425676669
2024-01-02,600901.XSHG,0.0026882148363856
2024-01-02,600919.XSHG,0.0155712243452028
2024-01-02,600938.XSHG,0.0075740437067312
2024-01-02,601006.XSHG,0.0146050341479714
2024-01-02,601077.XSHG,0.004694183704394
2024-01-02,601088.XSHG,0.0680282858951173
2024-01-02,601168.XSHG,0.0044688578963286
2024-01-02,601169.XSHG,0.0122558200578649
2024-01-02,601211.XSHG,0.0141183698861823
2024-01-02,601225.XSHG,0.0263700155158065
2024-01-02,601229.XSHG,0.0105850045528689
2024-01-02,601288.XSHG,0.1488568444675762
2024-01-02,601328.XSHG,0.0289029220842953
2024-01-02,601398.XSHG,0.1645279802675474
2024-01-02,601718.XSHG,0.0016225137077826
2024-01-02,601818.XSHG,0.017145275128379
2024-01-02,601916.XSHG,0.0069441699708699
2024-01-02,601939.XSHG,0.0080055321715978
2024-01-02,601985.XSHG,0.0184758087220755
2024-01-02,601988.XSHG,0.1076734475780431
2024-02-01,000157.XSHE,0.0049185248479657
2024-02-01,000333.XSHE,0.0391926369692809
2024-02-01,000725.XSHE,0.013042856529759
2024-02-01,000895.XSHE,0.0095278523924813
2024-02-01,002078.XSHE,0.0032396799598721
2024-02-01,600000.XSHG,0.0192962214930097
2024-02-01,600015.XSHG,0.0089701692042596
2024-02-01,600016.XSHG,0.0134392133620558
2024-02-01,600018.XSHG,0.0123443876570326
2024-02-01,600019.XSHG,0.012932523656946
2024-02-01,600025.XSHG,0.0152092215137498
2024-02-01,600036.XSHG,0.0606679420311254
2024-02-01,600177.XSHG,0.002993766059643
2024-02-01,600350.XSHG,0.0035470988575195
2024-02-01,600377.XSHG,0.0042051557691042
2024-02-01,600398.XSHG,0.0032697457417344
2024-02-01,600642.XSHG,0.0034192810055988
2024-02-01,600660.XSHG,0.007544317919523
2024-02-01,600674.XSHG,0.0072904267980782
2024-02-01,600690.XSHG,0.0137286639556664
2024-02-01,600873.XSHG,0.0028228503581944
2024-02-01,600886.XSHG,0.0093608098122944
2024-02-01,600887.XSHG,0.0164336681146231
2024-02-01,600900.XSHG,0.0549746874204657
2024-02-01,600919.XSHG,0.0128760462314699
2024-02-01,600926.XSHG,0.0055319032163653
2024-02-01,600941.XSHG,0.007397209874167
2024-02-01,600999.XSHG,0.0095862944400467
2024-02-01,601006.XSHG,0.0118359715235283
2024-02-01,601009.XSHG,0.0073567584765542
2024-02-01,601077.XSHG,0.0036647105087511
2024-02-01,601088.XSHG,0.0578732222718092
2024-02-01,601169.XSHG,0.0103224006660364
2024-02-01,601211.XSHG,0.0105480703789547
2024-02-01,601225.XSHG,0.0224291884289282
2024-02-01,601229.XSHG,0.0085278113805864
2024-02-01,601288.XSHG,0.1200592647067389
2024-02-01,601298.XSHG,0.0035864717142449
2024-02-01,601328.XSHG,0.0226920354103584
2024-02-01,601398.XSHG,0.1339756049926692
2024-02-01,601658.XSHG,0.03043430128891
2024-02-01,601816.XSHG,0.0234050089808199
2024-02-01,601818.XSHG,0.0139529232259786
2024-02-01,601825.XSHG,0.0028104858701687
2024-02-01,601838.XSHG,0.0046037587980767
2024-02-01,601916.XSHG,0.005540383315428
2024-02-01,601939.XSHG,0.0063440027681631
2024-02-01,601985.XSHG,0.0149697464536902
2024-02-01,601988.XSHG,0.0870062550833693
2024-02-01,601998.XSHG,0.0202984685642011
2024-03-01,000157.XSHE,0.0049752750140824
2024-03-01,000166.XSHE,0.0090444041575276
2024-03-01,000333.XSHE,0.0387440421740219
2024-03-01,000651.XSHE,0.0196609835727475
2024-03-01,000725.XSHE,0.0132975982029838
2024-03-01,000895.XSHE,0.0088843780121143
2024-03-01,002001.XSHE,0.0048083006811961
2024-03-01,600000.XSHG,0.018367823399168
2024-03-01,600015.XSHG,0.0085861270892146
2024-03-01,600016.XSHG,0.0126718069209349
2024-03-01,600018.XSHG,0.0110137811907331
2024-03-01,600019.XSHG,0.012850885479479
2024-03-01,600025.XSHG,0.0146066695812181
2024-03-01,600036.XSHG,0.0579908796826993
2024-03-01,600089.XSHG,0.0066839183235229
2024-03-01,600104.XSHG,0.0152613104544626
2024-03-01,600406.XSHG,0.0163419480655069
2024-03-01,600660.XSHG,0.0076474265139747
2024-03-01,600674.XSHG,0.0067743791779417
2024-03-01,600690.XSHG,0.0135477551058134
2024-03-01,600873.XSHG,0.0027823079537773
2024-03-01,600886.XSHG,0.0087916927940971
2024-03-01,600887.XSHG,0.0156823633926128
2024-03-01,600900.XSHG,0.0528238827569583
2024-03-01,600919.XSHG,0.0122367020999676
2024-03-01,600941.XSHG,0.006805745937668
2024-03-01,600989.XSHG,0.0098492989146556
2024-03-01,600999.XSHG,0.0091844754614935
2024-03-01,601006.XSHG,0.0107463938015648
2024-03-01,601009.XSHG,0.0070623516393508
2024-03-01,601077.XSHG,0.0034840560000407
2024-03-01,601169.XSHG,0.0096764801343101
2024-03-01,601211.XSHG,0.0099413432470022
2024-03-01,601225.XSHG,0.0220404267225076
2024-03-01,601229.XSHG,0.0080073397283869
2024-03-01,601288.XSHG,0.1191342584881227
2024-03-01,601328.XSHG,0.0218330333638146
2024-03-01,601398.XSHG,0.1267151658794122
2024-03-01,601607.XSHG,0.0030956861478178
2024-03-01,601658.XSHG,0.0285930567441016
2024-03-01,601766.XSHG,0.0140246451285811
2024-03-01,601816.XSHG,0.021610092643488
2024-03-01,601818.XSHG,0.0131518067508315
2024-03-01,601899.XSHG,0.0239722311857183
2024-03-01,601916.XSHG,0.0052903829613378
2024-03-01,601939.XSHG,0.0059359101511353
2024-03-01,601985.XSHG,0.0142099136400566
2024-03-01,601988.XSHG,0.0831046541963618
2024-03-01,601989.XSHG,0.0091352304348043
2024-03-01,601998.XSHG,0.0193193789006778
2024-04-01,000027.XSHE,0.0025510552427566
2024-04-01,000157.XSHE,0.0044874800413081
2024-04-01,000166.XSHE,0.0076135598572908
2024-04-01,000333.XSHE,0.0337625392528405
2024-04-01,000338.XSHE,0.0063663646637154
2024-04-01,000651.XSHE,0.0167059839360191
2024-04-01,000725.XSHE,0.0118985916481999
2024-04-01,002601.XSHE,0.0021560905525653
2024-04-01,002714.XSHE,0.0121878993372985
2024-04-01,600000.XSHG,0.0158270814690256
2024-04-01,600015.XSHG,0.007528116653508
2024-04-01,600016.XSHG,0.0106319521339547
2024-04-01,600019.XSHG,0.0108079808247323
2024-04-01,600028.XSHG,0.0450479251021356
2024-04-01,600036.XSHG,0.0502168401000442
2024-04-01,600104.XSHG,0.0131823699946289
2024-04-01,600219.XSHG,0.0030126212894951
2024-04-01,600406.XSHG,0.0145476413598592
2024-04-01,600519.XSHG,0.1612665858011516
2024-04-01,600660.XSHG,0.0066923435137654
2024-04-01,600674.XSHG,0.0059803653969701
2024-04-01,600690.XSHG,0.0120539971050708
2024-04-01,600886.XSHG,0.0076940119693673
2024-04-01,600887.XSHG,0.0132370802262176
2024-04-01,600900.XSHG,0.044278089543751
2024-04-01,600905.XSHG,0.0047628953234539
2024-04-01,600919.XSHG,0.0108459411721238
2024-04-01,600926.XSHG,0.004515474136315
2024-04-01,600989.XSHG,0.0092101630288287
2024-04-01,600999.XSHG,0.0078214206836422
2024-04-01,601006.XSHG,0.0096553479184884
2024-04-01,601009.XSHG,0.006245533434748
2024-04-01,601021.XSHG,0.0041598682097847
2024-04-01,601077.XSHG,0.0030511429130892
2024-04-01,601169.XSHG,0.0090037747199169
2024-04-01,601229.XSHG,0.0070020800209499
2024-04-01,601288.XSHG,0.1007130209282927
2024-04-01,601328.XSHG,0.0189690880404783
2024-04-01,601398.XSHG,0.1063695832310888
2024-04-01,601668.XSHG,0.016240420017864
2024-04-01,601728.XSHG,0.0087955415127742
2024-04-01,601766.XSHG,0.0124646981003283
2024-04-01,601816.XSHG,0.0185681668476715
2024-04-01,601825.XSHG,0.0023887085994041
2024-04-01,601838.XSHG,0.0038950109236369
2024-04-01,601899.XSHG,0.0258631910436709
2024-04-01,601916.XSHG,0.0047882147255447
2024-04-01,601919.XSHG,0.0098858449429478
2024-04-01,601939.XSHG,0.004944068590032
2024-04-01,601988.XSHG,0.0701062339192513
2024-05-06,000166.XSHE,0.0081953938512353
2024-05-06,000333.XSHE,0.0377224464210325
2024-05-06,000538.XSHE,0.007910435219408
2024-05-06,000651.XSHE,0.0188332681284388
2024-05-06,000725.XSHE,0.0129448919583979
2024-05-06,002001.XSHE,0.0046758724107275
2024-05-06,002311.XSHE,0.0064854156005896
2024-05-06,002493.XSHE,0.0085247891606278
2024-05-06,300760.XSHE,0.0295041649604015
2024-05-06,600000.XSHG,0.0179046821186498
2024-05-06,600008.XSHG,0.001671303279159
2024-05-06,600009.XSHG,0.0056091462027654
2024-05-06,600015.XSHG,0.0079752213706818
2024-05-06,600018.XSHG,0.0101741934357316
2024-05-06,600021.XSHG,0.0019096474618147
2024-05-06,600036.XSHG,0.055912655551665
2024-05-06,600104.XSHG,0.0133122230993674
2024-05-06,600177.XSHG,0.0028271436664462
2024-05-06,600309.XSHG,0.0224313669019506
2024-05-06,600332.XSHG,0.0035472398996865
2024-05-06,600519.XSHG,0.1718211740928949
2024-05-06,600598.XSHG,0.0018579434262819
2024-05-06,600690.XSHG,0.0155447095399051
2024-05-06,600704.XSHG,0.0019077655673246
2024-05-06,600809.XSHG,0.0255009295512422
2024-05-06,600873.XSHG,0.0025471016613587
2024-05-06,600886.XSHG,0.0088068330598257
2024-05-06,600887.XSHG,0.0141104447175769
2024-05-06,600900.XSHG,0.0475147134883528
2024-05-06,600905.XSHG,0.005004790845435
2024-05-06,600926.XSHG,0.0053631800374539
2024-05-06,600989.XSHG,0.0097330176046731
2024-05-06,601009.XSHG,0.0066934754883887
2024-05-06,601166.XSHG,0.0271524476891231
2024-05-06,601169.XSHG,0.0091512015200499
2024-05-06,601229.XSHG,0.0078336320223588
2024-05-06,601288.XSHG,0.107911796980464
2024-05-06,601319.XSHG,0.0146471141207297
2024-05-06,601328.XSHG,0.02070978702069
2024-05-06,601398.XSHG,0.1125046526931106
2024-05-06,601658.XSHG,0.0252968136371834
2024-05-06,601668.XSHG,0.0174028485352548
2024-05-06,601669.XSHG,0.0052716950659361
2024-05-06,601816.XSHG,0.0200715645631044
2024-05-06,601838.XSHG,0.0043747894345759
2024-05-06,601868.XSHG,0.0024424455055013
2024-05-06,601916.XSHG,0.0050224199169425
2024-05-06,601919.XSHG,0.0119161819664348
2024-05-06,601939.XSHG,0.0052706025228825
2024-05-06,603195.XSHG,0.0085424270261655
2024-06-03,000001.XSHE,0.0169058010270494
2024-06-03,000166.XSHE,0.008153417987448
2024-06-03,002223.XSHE,0.0030513225276862
2024-06-03,002415.XSHE,0.0236027119120203
2024-06-03,600000.XSHG,0.0192831590293641
2024-06-03,600015.XSHG,0.008314093661332
2024-06-03,600016.XSHG,0.0108607436816141
2024-06-03,600018.XSHG,0.0105723194024441
2024-06-03,600019.XSHG,0.0120531661070412
2024-06-03,600025.XSHG,0.0146387466863741
2024-06-03,600028.XSHG,0.0482261897517785
2024-06-03,600029.XSHG,0.0058622877690136
2024-06-03,600050.XSHG,0.0112771782187905
2024-06-03,600104.XSHG,0.0132252001089807
2024-06-03,600177.XSHG,0.0028976986848092
2024-06-03,600332.XSHG,0.0034791610682547
2024-06-03,600352.XSHG,0.0022534614614278
2024-06-03,600519.XSHG,0.16339841343254
2024-06-03,600598.XSHG,0.0018251365637742
2024-06-03,600674.XSHG,0.006988842771293
2024-06-03,600886.XSHG,0.0098379158034922
2024-06-03,600887.XSHG,0.0142975401979162
2024-06-03,600900.XSHG,0.0522487452617351
2024-06-03,600905.XSHG,0.0049915964823308
2024-06-03,600926.XSHG,0.0056888715051368
2024-06-03,600989.XSHG,0.0095190548627849
2024-06-03,601009.XSHG,0.0073753412698528
2024-06-03,601077.XSHG,0.0035264265631049
2024-06-03,601166.XSHG,0.0293395794544952
2024-06-03,601169.XSHG,0.0096794264704611
2024-06-03,601216.XSHG,0.0028855274587525
2024-06-03,601229.XSHG,0.0084600591784222
2024-06-03,601288.XSHG,0.1117041080491215
2024-06-03,601319.XSHG,0.0149837343416785
2024-06-03,601328.XSHG,0.0220801989149598
2024-06-03,601398.XSHG,0.1163713266287578
2024-06-03,601577.XSHG,0.0026924055161862
2024-06-03,601607.XSHG,0.0028183080001675
2024-06-03,601658.XSHG,0.026734907622359
2024-06-03,601668.XSHG,0.0183266780127827
2024-06-03,601669.XSHG,0.0055071680912491
2024-06-03,601728.XSHG,0.0092484373121829
2024-06-03,601816.XSHG,0.0195591549713391
2024-06-03,601818.XSHG,0.01181936993075
2024-06-03,601838.XSHG,0.0046753144412962
2024-06-03,601868.XSHG,0.0024374586010949
2024-06-03,601916.XSHG,0.005059811816043
2024-06-03,601939.XSHG,0.0053739848881501
2024-06-03,601988.XSHG,0.0742489042838701
2024-06-03,601997.XSHG,0.0016395922164886
2024-07-01,000001.XSHE,0.0163044981340699
2024-07-01,002001.XSHE,0.0048699272096833
2024-07-01,002252.XSHE,0.0042924718905445
2024-07-01,003816.XSHE,0.0151355616150181
2024-07-01,600000.XSHG,0.0197293082226628
2024-07-01,600015.XSHG,0.0080567741199213
2024-07-01,600016.XSHG,0.0109680875330534
2024-07-01,600018.XSHG,0.0109862366598422
2024-07-01,600019.XSHG,0.0119949020403612
2024-07-01,600025.XSHG,0.0161464101720323
2024-07-01,600028.XSHG,0.0492648888477399
2024-07-01,600029.XSHG,0.0060390740923497
2024-07-01,600036.XSHG,0.0575401988989471
2024-07-01,600050.XSHG,0.0117643323170245
2024-07-01,600104.XSHG,0.0130237683423915
2024-07-01,600115.XSHG,0.0044211264551356
2024-07-01,600177.XSHG,0.0027317710843298
2024-07-01,600332.XSHG,0.0033975954571221
2024-07-01,600674.XSHG,0.0075976978605655
2024-07-01,600886.XSHG,0.0105461903979698
2024-07-01,600887.XSHG,0.0132924404675489
2024-07-01,600900.XSHG,0.0574528013704912
2024-07-01,600905.XSHG,0.0103960993681042
2024-07-01,600926.XSHG,0.0058770883187066
2024-07-01,600941.XSHG,0.0066178049575975
2024-07-01,600989.XSHG,0.0104596213897964
2024-07-01,601006.XSHG,0.0102980529793439
2024-07-01,601009.XSHG,0.0076806482374137
2024-07-01,601021.XSHG,0.0044762837547599
2024-07-01,601077.XSHG,0.0036151895096105
2024-07-01,601088.XSHG,0.0606171630561892
2024-07-01,601166.XSHG,0.0299340831152477
2024-07-01,601169.XSHG,0.0100750123148936
2024-07-01,601229.XSHG,0.0082848352658614
2024-07-01,601288.XSHG,0.1150660482493801
2024-07-01,601298.XSHG,0.004232759528689
2024-07-01,601319.XSHG,0.0150998763746366
2024-07-01,601328.XSHG,0.0240249097380396
2024-07-01,601398.XSHG,0.1273807327276222
2024-07-01,601607.XSHG,0.0030390943327296
2024-07-01,601658.XSHG,0.0276803996037061
2024-07-01,601668.XSHG,0.0182475479683042
2024-07-01,601728.XSHG,0.0097009641344253
2024-07-01,601816.XSHG,0.0216062466518848
2024-07-01,601818.XSHG,0.0120174866639557
2024-07-01,601838.XSHG,0.0048391273680894
2024-07-01,601868.XSHG,0.0024823077856575
2024-07-01,601916.XSHG,0.0048970479638634
2024-07-01,601939.XSHG,0.0058955087977298
2024-07-01,601988.XSHG,0.0799019966549553
2024-08-01,000001.XSHE,0.016771645594628
2024-08-01,000166.XSHE,0.0087806704010927
2024-08-01,000728.XSHE,0.0024567903664136
2024-08-01,600000.XSHG,0.0211690071800334
2024-08-01,600008.XSHG,0.0018161749584922
2024-08-01,600015.XSHG,0.0081708827766
2024-08-01,600018.XSHG,0.0120911035331098
2024-08-01,600019.XSHG,0.0125450539022537
2024-08-01,600025.XSHG,0.0174958011657862
2024-08-01,600028.XSHG,0.0524298524993139
2024-08-01,600050.XSHG,0.0122998998952497
2024-08-01,600104.XSHG,0.0143487585168155
2024-08-01,600115.XSHG,0.0049458453170597
2024-08-01,600177.XSHG,0.0027780685731527
2024-08-01,600820.XSHG,0.00184684555658
2024-08-01,600900.XSHG,0.060852278651884
2024-08-01,600905.XSHG,0.0116192390305361
2024-08-01,600919.XSHG,0.0118693953858432
2024-08-01,600926.XSHG,0.0060609766207056
2024-08-01,600958.XSHG,0.0053493306172296
2024-08-01,600999.XSHG,0.0093127564880672
2024-08-01,601006.XSHG,0.0104680424184336
2024-08-01,601009.XSHG,0.0078614658890764
2024-08-01,601077.XSHG,0.0038667137492232
2024-08-01,601111.XSHG,0.0071300596388238
2024-08-01,601166.XSHG,0.0290910282586337
2024-08-01,601169.XSHG,0.0095547629650965
2024-08-01,601186.XSHG,0.0081510174919003
2024-08-01,601211.XSHG,0.0091593083765172
2024-08-01,601229.XSHG,0.0086002464924465
2024-08-01,601288.XSHG,0.1243893981648709
2024-08-01,601318.XSHG,0.038502592941876
2024-08-01,601319.XSHG,0.0169977923130412
2024-08-01,601328.XSHG,0.0244433252125131
2024-08-01,601377.XSHG,0.0039608449506729
2024-08-01,601398.XSHG,0.1334124106552099
2024-08-01,601607.XSHG,0.0031488949763143
2024-08-01,601618.XSHG,0.0047775848167465
2024-08-01,601628.XSHG,0.0564799109797814
2024-08-01,601658.XSHG,0.0271701394212671
2024-08-01,601668.XSHG,0.0195424980494156
2024-08-01,601669.XSHG,0.006127182644316
2024-08-01,601728.XSHG,0.0099412391966158
2024-08-01,601800.XSHG,0.0085512799611434
2024-08-01,601816.XSHG,0.0241754215995524
2024-08-01,601818.XSHG,0.0124190459283825
2024-08-01,601868.XSHG,0.0026930091878151
2024-08-01,601916.XSHG,0.0051491176362331
2024-08-01,601939.XSHG,0.0060390017791492
2024-08-01,601988.XSHG,0.0831862872740832
2024-09-02,000001.XSHE,0.0163943458374384
2024-09-02,000166.XSHE,0.0079091916445824
2024-09-02,000538.XSHE,0.0080434135867286
2024-09-02,000651.XSHE,0.0185589965172095
2024-09-02,000728.XSHE,0.0022827189285618
2024-09-02,000776.XSHE,0.0059801419797139
2024-09-02,600000.XSHG,0.0205786913394961
2024-09-02,600008.XSHG,0.0017604689661632
2024-09-02,600015.XSHG,0.0081520156110439
2024-09-02,600016.XSHG,0.0103123928137932
2024-09-02,600028.XSHG,0.0553150996008619
2024-09-02,600029.XSHG,0.0058881835819256
2024-09-02,600036.XSHG,0.0550416435719222
2024-09-02,600050.XSHG,0.011980548271661
2024-09-02,600115.XSHG,0.0045690109903107
2024-09-02,600177.XSHG,0.002746948229524
2024-09-02,600196.XSHG,0.0039618837547443
2024-09-02,600298.XSHG,0.0022649759552454
2024-09-02,600406.XSHG,0.0164934242192785
2024-09-02,600598.XSHG,0.0019237064525405
2024-09-02,600871.XSHG,0.0020750402120558
2024-09-02,600900.XSHG,0.0596019753684659
2024-09-02,600919.XSHG,0.0120226151615425
2024-09-02,600941.XSHG,0.0065231411093767
2024-09-02,600958.XSHG,0.0051681646504588
2024-09-02,600999.XSHG,0.0090240131815705
2024-09-02,601009.XSHG,0.0078061997203356
2024-09-02,601018.XSHG,0.0044514991049907
2024-09-02,601088.XSHG,0.0566100965196743
2024-09-02,601111.XSHG,0.0066325767149958
2024-09-02,601166.XSHG,0.0286434824851631
2024-09-02,601169.XSHG,0.009469925133681
2024-09-02,601211.XSHG,0.0090449119413085
2024-09-02,601229.XSHG,0.0082852131033314
2024-09-02,601288.XSHG,0.1251155652581763
2024-09-02,601318.XSHG,0.0390773205846604
2024-09-02,601319.XSHG,0.0181834736153623
2024-09-02,601377.XSHG,0.0036659891572377
2024-09-02,601398.XSHG,0.133826301149491
2024-09-02,601607.XSHG,0.0030121480837374
2024-09-02,601658.XSHG,0.0265865054049184
2024-09-02,601668.XSHG,0.0182311392532409
2024-09-02,601688.XSHG,0.0075765596709941
2024-09-02,601728.XSHG,0.0104758318756884
2024-09-02,601816.XSHG,0.0219126837840771
2024-09-02,601818.XSHG,0.0119051703148625
2024-09-02,601868.XSHG,0.0024720359140876
2024-09-02,601916.XSHG,0.0046088286634197
2024-09-02,601988.XSHG,0.0863000610472515
2024-09-02,601997.XSHG,0.0015337299630965
2024-10-08,000001.XSHE,0.0376475696179564
2024-10-08,000513.XSHE,0.0037469196425433
2024-10-08,000538.XSHE,0.0167050828494646
2024-10-08,002252.XSHE,0.0081247745014459
2024-10-08,002294.XSHE,0.0060050723275673
2024-10-08,002966.XSHE,0.004425144854846
2024-10-08,600000.XSHG,0.0464219351197671
2024-10-08,600004.XSHG,0.00374308318946
2024-10-08,600008.XSHG,0.0037039867926211
2024-10-08,600009.XSHG,0.011299269524939
2024-10-08,600010.XSHG,0.0086819157221493
2024-10-08,600015.XSHG,0.018031567716394
2024-10-08,600016.XSHG,0.0220601469276398
2024-10-08,600018.XSHG,0.0234626425102206
2024-10-08,600019.XSHG,0.0231450301854961
2024-10-08,600028.XSHG,0.1004213783672312
2024-10-08,600031.XSHG,0.0247587987347668
2024-10-08,600036.XSHG,0.1242884041751889
2024-10-08,600050.XSHG,0.0258394706519514
2024-10-08,600056.XSHG,0.0027366116840947
2024-10-08,600089.XSHG,0.011400841163572
2024-10-08,600177.XSHG,0.0058636914664441
2024-10-08,600352.XSHG,0.0052776147410055
2024-10-08,600406.XSHG,0.0335540317880678
2024-10-08,600415.XSHG,0.0084526130151999
2024-10-08,600598.XSHG,0.0041261956555313
2024-10-08,600637.XSHG,0.0039497807125543
2024-10-08,600660.XSHG,0.0175799088283741
2024-10-08,600741.XSHG,0.0087329564511686
2024-10-08,600871.XSHG,0.0045169558600374
2024-10-08,600893.XSHG,0.0176629742087591
2024-10-08,600905.XSHG,0.0211410384914399
2024-10-08,600919.XSHG,0.0236610924867883
2024-10-08,600926.XSHG,0.011591320592297
2024-10-08,601009.XSHG,0.01607483386763
2024-10-08,601018.XSHG,0.0094524642096983
2024-10-08,601166.XSHG,0.0626133785000436
2024-10-08,601169.XSHG,0.0192033595511463
2024-10-08,601222.XSHG,0.0024452468768674
2024-10-08,601229.XSHG,0.0171868402944742
2024-10-08,601319.XSHG,0.0433091380589845
2024-10-08,601577.XSHG,0.0051598028798601
2024-10-08,601607.XSHG,0.0063757507819618
2024-10-08,601658.XSHG,0.0548985519964137
2024-10-08,601818.XSHG,0.0255133946641586
2024-10-08,601825.XSHG,0.0106931404632053
2024-10-08,601838.XSHG,0.0091050010589563
2024-10-08,601868.XSHG,0.0119671189576865
2024-10-08,601916.XSHG,0.0098002168669248
2024-10-08,601997.XSHG,0.0034419404150037
2024-11-01,000060.XSHE,0.0019286716697484
2024-11-01,000408.XSHE,0.0047714465802401
2024-11-01,000425.XSHE,0.0068251663743441
2024-11-01,002028.XSHE,0.0047704745001225
2024-11-01,002262.XSHE,0.0024115322452443
2024-11-01,002352.XSHE,0.0223587153488351
2024-11-01,600000.XSHG,0.0300530693636251
2024-11-01,600008.XSHG,0.0025935059609179
2024-11-01,600016.XSHG,0.0138441426978111
2024-11-01,600029.XSHG,0.0079631167536263
2024-11-01,600031.XSHG,0.0163387353625843
2024-11-01,600036.XSHG,0.0807675665621489
2024-11-01,600096.XSHG,0.0044119052790181
2024-11-01,600115.XSHG,0.005782670923565
2024-11-01,600143.XSHG,0.0023569355144355
2024-11-01,600298.XSHG,0.0032337857816754
2024-11-01,600323.XSHG,0.0018762376509239
2024-11-01,600352.XSHG,0.0034013907885277
2024-11-01,600406.XSHG,0.0218277984508899
2024-11-01,600497.XSHG,0.0031728202328342
2024-11-01,600598.XSHG,0.0028125930709131
2024-11-01,600637.XSHG,0.0026976422065045
2024-11-01,600660.XSHG,0.0117519541690163
2024-11-01,600820.XSHG,0.0022540688289904
2024-11-01,600863.XSHG,0.0030253859401813
2024-11-01,600905.XSHG,0.0140158772608432
2024-11-01,600919.XSHG,0.0168992353937353
2024-11-01,600926.XSHG,0.007890253955788
2024-11-01,600941.XSHG,0.0080799484667204
2024-11-01,601006.XSHG,0.0123743781149198
2024-11-01,601088.XSHG,0.0697645531390982
2024-11-01,601111.XSHG,0.0088351117829344
2024-11-01,601118.XSHG,0.0025699009258052
2024-11-01,601169.XSHG,0.0124137577236193
2024-11-01,601229.XSHG,0.0113112480185549
2024-11-01,601288.XSHG,0.1571857058967798
2024-11-01,601398.XSHG,0.170795647428135
2024-11-01,601577.XSHG,0.0035948580751163
2024-11-01,601658.XSHG,0.0363676561611247
2024-11-01,601718.XSHG,0.0013254258216394
2024-11-01,601728.XSHG,0.0133721904703305
2024-11-01,601816.XSHG,0.0280227487401218
2024-11-01,601818.XSHG,0.0164916073431497
2024-11-01,601825.XSHG,0.0074949690255604
2024-11-01,601838.XSHG,0.0061050134241491
2024-11-01,601868.XSHG,0.0079500340529294
2024-11-01,601916.XSHG,0.0063025397202331
2024-11-01,601939.XSHG,0.007964919284862
2024-11-01,601958.XSHG,0.0036958354911432
2024-11-01,601988.XSHG,0.1059452520259813
2024-12-02,000425.XSHE,0.0080838077868395
2024-12-02,000538.XSHE,0.012296250859139
2024-12-02,000895.XSHE,0.0104463791433624
2024-12-02,000963.XSHE,0.0082128409790061
2024-12-02,002028.XSHE,0.0057548011490359
2024-12-02,002078.XSHE,0.0049122480705269
2024-12-02,002091.XSHE,0.0015090462459799
2024-12-02,002221.XSHE,0.0018179523919908
2024-12-02,002249.XSHE,0.0012607191139438
2024-12-02,002262.XSHE,0.0028487585006459
2024-12-02,002966.XSHE,0.0034019227066838
2024-12-02,600004.XSHG,0.0028136460928546
2024-12-02,600015.XSHG,0.0138126464341752
2024-12-02,600016.XSHG,0.0170520113230722
2024-12-02,600019.XSHG,0.0179046696156167
2024-12-02,600029.XSHG,0.0101668652223508
2024-12-02,600115.XSHG,0.0084363125582433
2024-12-02,600143.XSHG,0.0028178236620939
2024-12-02,600177.XSHG,0.0044798923557621
2024-12-02,600352.XSHG,0.0040288401602455
2024-12-02,600820.XSHG,0.0026210343200215
2024-12-02,600873.XSHG,0.003618984459538
2024-12-02,600905.XSHG,0.0159213519030334
2024-12-02,600919.XSHG,0.0194222404264927
2024-12-02,600926.XSHG,0.0093608008051019
2024-12-02,600941.XSHG,0.0096667988392147
2024-12-02,601006.XSHG,0.0150213956008194
2024-12-02,601009.XSHG,0.0118193100003987
2024-12-02,601111.XSHG,0.0113892535865099
2024-12-02,601118.XSHG,0.0032572722441872
2024-12-02,601128.XSHG,0.0027465272438119
2024-12-02,601169.XSHG,0.0143814437653491
2024-12-02,601229.XSHG,0.0139200609923479
2024-12-02,601238.XSHG,0.0086457879984195
2024-12-02,601288.XSHG,0.1859079125834453
2024-12-02,601398.XSHG,0.1996769069802699
2024-12-02,601607.XSHG,0.0049739453901945
2024-12-02,601658.XSHG,0.0435481326403679
2024-12-02,601718.XSHG,0.0016448079022753
2024-12-02,601728.XSHG,0.0158801611168244
2024-12-02,601816.XSHG,0.035775355938626
2024-12-02,601818.XSHG,0.0201842248136149
2024-12-02,601825.XSHG,0.0087909442428825
2024-12-02,601838.XSHG,0.0072618257531985
2024-12-02,601916.XSHG,0.0075745340721161
2024-12-02,601939.XSHG,0.0092030657093099
2024-12-02,601988.XSHG,0.1275748555987397
2024-12-02,601998.XSHG,0.032217841105956
2024-12-02,605090.XSHG,0.0022145091531195
2024-12-02,605499.XSHG,0.0137212804422434
2025-01-02,000001.XSHE,0.0166001091925614
2025-01-02,000333.XSHE,0.0388402160178505
2025-01-02,000538.XSHE,0.0076871526002393
2025-01-02,000651.XSHE,0.0191281924853566
2025-01-02,000729.XSHE,0.0022425763254463
2025-01-02,000895.XSHE,0.0066940180971087
2025-01-02,002078.XSHE,0.0030138089610082
2025-01-02,002966.XSHE,0.0022180725565687
2025-01-02,600000.XSHG,0.0222529206275289
2025-01-02,600015.XSHG,0.0089248150513393
2025-01-02,600016.XSHG,0.010642566043622
2025-01-02,600018.XSHG,0.0103896093806522
2025-01-02,600019.XSHG,0.011320149261545
2025-01-02,600028.XSHG,0.0465630036745313
2025-01-02,600036.XSHG,0.0594549162183612
2025-01-02,600096.XSHG,0.003013345600416
2025-01-02,600115.XSHG,0.0049825485689881
2025-01-02,600298.XSHG,0.00229008467506
2025-01-02,600332.XSHG,0.0028966437998547
2025-01-02,600352.XSHG,0.0023909863733769
2025-01-02,600377.XSHG,0.0043025116399539
2025-01-02,600642.XSHG,0.0033776403430914
2025-01-02,600660.XSHG,0.0090617387611753
2025-01-02,600803.XSHG,0.0044763778497682
2025-01-02,600887.XSHG,0.0140136718535609
2025-01-02,600900.XSHG,0.05246414879017
2025-01-02,600901.XSHG,0.0022272812527936
2025-01-02,600919.XSHG,0.0133496821571602
2025-01-02,600926.XSHG,0.0059594576769521
2025-01-02,600941.XSHG,0.0065292157063421
2025-01-02,601006.XSHG,0.0092898142446113
2025-01-02,601009.XSHG,0.0077785988079765
2025-01-02,601088.XSHG,0.0525645412109429
2025-01-02,601166.XSHG,0.0294160901185089
2025-01-02,601169.XSHG,0.0095257685442725
2025-01-02,601229.XSHG,0.0095585047414699
2025-01-02,601288.XSHG,0.1242406231392039
2025-01-02,601298.XSHG,0.0036319150395427
2025-01-02,601328.XSHG,0.0221198126483501
2025-01-02,601398.XSHG,0.1372099859940143
2025-01-02,601607.XSHG,0.0029850568439019
2025-01-02,601658.XSHG,0.0277296105469888
2025-01-02,601728.XSHG,0.0107767857619169
2025-01-02,601816.XSHG,0.0221612066962638
2025-01-02,601818.XSHG,0.012954714514937
2025-01-02,601838.XSHG,0.0052306025209511
2025-01-02,601916.XSHG,0.0045953356198589
2025-01-02,601939.XSHG,0.0061675776409819
2025-01-02,601988.XSHG,0.0847053977859223
2025-01-02,601998.XSHG,0.020050596036999
2025-02-05,000001.XSHE,0.0188363675660965
2025-02-05,000333.XSHE,0.0424792563309192
2025-02-05,000538.XSHE,0.0086735811091925
2025-02-05,000582.XSHE,0.0012720463215847
2025-02-05,000725.XSHE,0.0141886668807902
2025-02-05,000895.XSHE,0.007635875866311
2025-02-05,002001.XSHE,0.0057739888256292
2025-02-05,002032.XSHE,0.0035544719080921
2025-02-05,002142.XSHE,0.0143296708028587
2025-02-05,002223.XSHE,0.0029033018085059
2025-02-05,002648.XSHE,0.0057163704666324
2025-02-05,002966.XSHE,0.0024661038423055
2025-02-05,600000.XSHG,0.0260855675844157
2025-02-05,600015.XSHG,0.0097339185509113
2025-02-05,600016.XSHG,0.0123821843829474
2025-02-05,600019.XSHG,0.0124961992359912
2025-02-05,600036.XSHG,0.0704443589955784
2025-02-05,600346.XSHG,0.0086348232955089
2025-02-05,600352.XSHG,0.0026662988400096
2025-02-05,600377.XSHG,0.0046319750701044
2025-02-05,600660.XSHG,0.01014864201517
2025-02-05,600887.XSHG,0.0145199052225793
2025-02-05,600900.XSHG,0.0581038379958867
2025-02-05,600901.XSHG,0.002550548707297
2025-02-05,600919.XSHG,0.015275001232021
2025-02-05,600926.XSHG,0.0069021088076508
2025-02-05,600941.XSHG,0.0083466801901281
2025-02-05,601006.XSHG,0.0104202891152061
2025-02-05,601009.XSHG,0.0089833356290771
2025-02-05,601077.XSHG,0.0045117982970849
2025-02-05,601166.XSHG,0.0357009331349384
2025-02-05,601169.XSHG,0.0106855582918388
2025-02-05,601229.XSHG,0.0110974536485518
2025-02-05,601288.XSHG,0.137633334846997
2025-02-05,601298.XSHG,0.004165946879229
2025-02-05,601328.XSHG,0.0240257858197324
2025-02-05,601398.XSHG,0.1539837537781257
2025-02-05,601577.XSHG,0.0031235647845434
2025-02-05,601598.XSHG,0.0023063267245935
2025-02-05,601607.XSHG,0.0034100173675916
2025-02-05,601658.XSHG,0.0302559359688997
2025-02-05,601728.XSHG,0.0120510365649133
2025-02-05,601818.XSHG,0.0149755503739222
2025-02-05,601838.XSHG,0.0059736629309881
2025-02-05,601877.XSHG,0.0039663867600753
2025-02-05,601916.XSHG,0.0052970837662655
2025-02-05,601939.XSHG,0.0068633707197385
2025-02-05,601988.XSHG,0.095723905723396
2025-02-05,601997.XSHG,0.0018228535869619
2025-02-05,601998.XSHG,0.0222703634322096
2025-03-03,000001.XSHE,0.0196397393355823
2025-03-03,000538.XSHE,0.008574116316525
2025-03-03,000725.XSHE,0.0140630164287223
2025-03-03,000729.XSHE,0.0025862243682556
2025-03-03,000895.XSHE,0.0083002817043781
2025-03-03,002001.XSHE,0.0057253785549833
2025-03-03,002064.XSHE,0.0036532105091371
2025-03-03,002074.XSHE,0.0036685474334277
2025-03-03,002078.XSHE,0.0034481500049041
2025-03-03,002340.XSHE,0.0031029999184282
2025-03-03,002352.XSHE,0.0177355763282695
2025-03-03,002648.XSHE,0.0062961748104312
2025-03-03,002966.XSHE,0.0024641375140668
2025-03-03,600000.XSHG,0.0261962609216918
2025-03-03,600015.XSHG,0.0098226761243593
2025-03-03,600016.XSHG,0.012940342148476
2025-03-03,600019.XSHG,0.0139240887459274
2025-03-03,600031.XSHG,0.0139919262350582
2025-03-03,600036.XSHG,0.0762738967141601
2025-03-03,600153.XSHG,0.0026209270325044
2025-03-03,600298.XSHG,0.0027830042835767
2025-03-03,600346.XSHG,0.009356366362403
2025-03-03,600380.XSHG,0.0018720924444594
2025-03-03,600642.XSHG,0.0038181884412266
2025-03-03,600660.XSHG,0.0098557259718624
2025-03-03,600885.XSHG,0.0030676676251132
2025-03-03,600887.XSHG,0.0155398706217014
2025-03-03,600900.XSHG,0.0571853081896482
2025-03-03,600919.XSHG,0.0148936808464782
2025-03-03,600926.XSHG,0.0071040749232864
2025-03-03,601006.XSHG,0.0118692136762595
2025-03-03,601009.XSHG,0.0088244316455313
2025-03-03,601077.XSHG,0.0043672546057703
2025-03-03,601166.XSHG,0.0379033501720051
2025-03-03,601169.XSHG,0.0108756464546091
2025-03-03,601229.XSHG,0.01164238245785
2025-03-03,601288.XSHG,0.143442174045329
2025-03-03,601328.XSHG,0.0248493278442724
2025-03-03,601398.XSHG,0.1623914128094883
2025-03-03,601577.XSHG,0.0030474746054041
2025-03-03,601658.XSHG,0.0310446035364415
2025-03-03,601665.XSHG,0.0025465719939278
2025-03-03,601818.XSHG,0.0153019213051891
2025-03-03,601838.XSHG,0.0060120596905057
2025-03-03,601868.XSHG,0.0065297765487235
2025-03-03,601916.XSHG,0.0053989948964949
2025-03-03,601939.XSHG,0.007170279230253
2025-03-03,601988.XSHG,0.1004457968769752
2025-03-03,601997.XSHG,0.0018453321003651
2025-03-03,601998.XSHG,0.0239883446455588
2025-04-01,000001.XSHE,0.016548116942091
2025-04-01,000060.XSHE,0.0014054461633797
2025-04-01,000333.XSHE,0.0393434448704741
2025-04-01,000423.XSHE,0.0030118074380329
2025-04-01,000538.XSHE,0.007654911469432
2025-04-01,000582.XSHE,0.0011501054867572
2025-04-01,000830.XSHE,0.0017500123816516
2025-04-01,000895.XSHE,0.0071819467408436
2025-04-01,002001.XSHE,0.0051589469619087
2025-04-01,002078.XSHE,0.0030995285282686
2025-04-01,002352.XSHE,0.0158589707344163
2025-04-01,002648.XSHE,0.0057644666814927
2025-04-01,002966.XSHE,0.0026401391762741
2025-04-01,600000.XSHG,0.02298682061924
2025-04-01,600015.XSHG,0.009116334618211
2025-04-01,600016.XSHG,0.0105988818298738
2025-04-01,600036.XSHG,0.0669158054007655
2025-04-01,600380.XSHG,0.0016472766016144
2025-04-01,600535.XSHG,0.0017521286148011
2025-04-01,600582.XSHG,0.0020166771387035
2025-04-01,600642.XSHG,0.003400104569681
2025-04-01,600660.XSHG,0.0087751544577237
2025-04-01,600873.XSHG,0.002251397303682
2025-04-01,600900.XSHG,0.0506809743868269
2025-04-01,600901.XSHG,0.0023131662027888
2025-04-01,600905.XSHG,0.0093013317405079
2025-04-01,600919.XSHG,0.0133024349243526
2025-04-01,600926.XSHG,0.0064165023009609
2025-04-01,600941.XSHG,0.0073090021595685
2025-04-01,601006.XSHG,0.0100156192663681
2025-04-01,601009.XSHG,0.0077799138168292
2025-04-01,601077.XSHG,0.0040390053298482
2025-04-01,601166.XSHG,0.0334185894284824
2025-04-01,601169.XSHG,0.009662765619323
2025-04-01,601229.XSHG,0.0107173341839908
2025-04-01,601288.XSHG,0.1239192041595257
2025-04-01,601328.XSHG,0.0220072435222213
2025-04-01,601398.XSHG,0.1387224317365497
2025-04-01,601658.XSHG,0.026206882840848
2025-04-01,601816.XSHG,0.020956375394368
2025-04-01,601818.XSHG,0.0131326264257811
2025-04-01,601838.XSHG,0.0055065002852748
2025-04-01,601857.XSHG,0.1010783716127463
2025-04-01,601868.XSHG,0.0056190592506088
2025-04-01,601916.XSHG,0.0047764030728166
2025-04-01,601919.XSHG,0.0140307013776927
2025-04-01,601939.XSHG,0.0062936347066144
2025-04-01,601988.XSHG,0.0880312465184395
2025-04-01,601991.XSHG,0.0028044913045801
2025-04-01,601998.XSHG,0.0219297637027649
2025-05-06,000001.XSHE,0.0162242888000579
2025-05-06,000538.XSHE,0.0076795295782205
2025-05-06,000651.XSHE,0.0191291286490673
2025-05-06,000729.XSHE,0.002486815006726
2025-05-06,000895.XSHE,0.0065429365184629
2025-05-06,002352.XSHE,0.0160066320445805
2025-05-06,002966.XSHE,0.0026215123248749
2025-05-06,600000.XSHG,0.025010489360563
2025-05-06,600011.XSHG,0.0061745987925948
2025-05-06,600016.XSHG,0.0107394962380971
2025-05-06,600025.XSHG,0.0130306892047628
2025-05-06,600039.XSHG,0.0045563494056865
2025-05-06,600346.XSHG,0.0080450777258469
2025-05-06,600483.XSHG,0.0020571536277758
2025-05-06,600519.XSHG,0.1485506067641839
2025-05-06,600535.XSHG,0.0017447769847026
2025-05-06,600660.XSHG,0.0088620592303334
2025-05-06,600674.XSHG,0.0063140199156087
2025-05-06,600757.XSHG,0.0009034772696301
2025-05-06,600795.XSHG,0.0061225081410688
2025-05-06,600873.XSHG,0.0023981695081697
2025-05-06,600887.XSHG,0.0143514368876772
2025-05-06,600900.XSHG,0.0534387744060286
2025-05-06,600901.XSHG,0.0023806312478678
2025-05-06,600919.XSHG,0.0140129689715873
2025-05-06,600926.XSHG,0.0071014203535159
2025-05-06,600941.XSHG,0.0077859882249675
2025-05-06,601006.XSHG,0.0101127385638919
2025-05-06,601009.XSHG,0.0087947759508845
2025-05-06,601077.XSHG,0.0045034401885699
2025-05-06,601166.XSHG,0.0328514547155064
2025-05-06,601169.XSHG,0.0095964790928058
2025-05-06,601229.XSHG,0.0112057931724227
2025-05-06,601288.XSHG,0.1310189079140142
2025-05-06,601328.XSHG,0.0221868730363497
2025-05-06,601398.XSHG,0.1435567613444105
2025-05-06,601577.XSHG,0.0027603940313642
2025-05-06,601658.XSHG,0.0262159786972477
2025-05-06,601665.XSHG,0.0022646236560797
2025-05-06,601816.XSHG,0.0216144071276049
2025-05-06,601818.XSHG,0.0133460204913911
2025-05-06,601825.XSHG,0.0059627598103732
2025-05-06,601838.XSHG,0.0054578459792814
2025-05-06,601916.XSHG,0.00489756334386
2025-05-06,601928.XSHG,0.0022519429288346
2025-05-06,601939.XSHG,0.0066231022941122
2025-05-06,601988.XSHG,0.0882674473449874
2025-05-06,601991.XSHG,0.0030165049441678
2025-05-06,601998.XSHG,0.0222020467147731
2025-05-06,603195.XSHG,0.0070206034744062
2025-06-03,000001.XSHE,0.0177455261209585
2025-06-03,000538.XSHE,0.0078540646228108
2025-06-03,000651.XSHE,0.0192076198998882
2025-06-03,000729.XSHE,0.0027690644290085
2025-06-03,002223.XSHE,0.0027699257002391
2025-06-03,002352.XSHE,0.0177927609114278
2025-06-03,002714.XSHE,0.0122570625824202
2025-06-03,002958.XSHE,0.0013425028212829
2025-06-03,002966.XSHE,0.002997385451239
2025-06-03,300498.XSHE,0.0069279141910128
2025-06-03,600000.XSHG,0.0285003649174005
2025-06-03,600011.XSHG,0.006190834700978
2025-06-03,600016.XSHG,0.0123014211007834
2025-06-03,600018.XSHG,0.0104795318177654
2025-06-03,600025.XSHG,0.0138260051500003
2025-06-03,600036.XSHG,0.0702337744591955
2025-06-03,600039.XSHG,0.0048273204944033
2025-06-03,600329.XSHG,0.0015192880845115
2025-06-03,600535.XSHG,0.0019352832689016
2025-06-03,600660.XSHG,0.0090062157973674
2025-06-03,600674.XSHG,0.0062806624260105
2025-06-03,600795.XSHG,0.0063112724069749
2025-06-03,600873.XSHG,0.0023260043439816
2025-06-03,600887.XSHG,0.0148980650076996
2025-06-03,600900.XSHG,0.0560457114096426
2025-06-03,600901.XSHG,0.0026674985889822
2025-06-03,600919.XSHG,0.0157441678562087
2025-06-03,600926.XSHG,0.0085441721535263
2025-06-03,600941.XSHG,0.0082260489451929
2025-06-03,601006.XSHG,0.0104676519653125
2025-06-03,601009.XSHG,0.0098274883198949
2025-06-03,601128.XSHG,0.0018676173045129
2025-06-03,601166.XSHG,0.038139125036594
2025-06-03,601169.XSHG,0.0105593829008144
2025-06-03,601229.XSHG,0.0121223697401343
2025-06-03,601288.XSHG,0.1376863105393097
2025-06-03,601318.XSHG,0.0448763754187052
2025-06-03,601328.XSHG,0.0234019735089887
2025-06-03,601398.XSHG,0.1484300036723571
2025-06-03,601577.XSHG,0.0031101255884902
2025-06-03,601658.XSHG,0.028117535209753
2025-06-03,601665.XSHG,0.002508339627083
2025-06-03,601818.XSHG,0.0144810266010459
2025-06-03,601838.XSHG,0.006326212994415
2025-06-03,601916.XSHG,0.0054716903162835
2025-06-03,601939.XSHG,0.0067301531853391
2025-06-03,601988.XSHG,0.0900847273591124
2025-06-03,601997.XSHG,0.0017637226792649
2025-06-03,601998.XSHG,0.0259763725095252
2025-06-03,688271.XSHG,0.0065243258632476
2025-07-01,000001.XSHE,0.0162796821804783
2025-07-01,000538.XSHE,0.006742936808962
2025-07-01,000651.XSHE,0.0170958153245582
2025-07-01,000792.XSHE,0.0061390503180758
2025-07-01,002966.XSHE,0.0027629787153223
2025-07-01,600000.XSHG,0.0292700920300667
2025-07-01,600011.XSHG,0.0053781855496973
2025-07-01,600016.XSHG,0.0117306165415797
2025-07-01,600018.XSHG,0.0090883919146446
2025-07-01,600021.XSHG,0.0015886760285896
2025-07-01,600025.XSHG,0.0118594349420564
2025-07-01,600036.XSHG,0.0653547397770914
2025-07-01,600096.XSHG,0.0027453511078106
2025-07-01,600115.XSHG,0.004657490243217
2025-07-01,600329.XSHG,0.0013100294474617
2025-07-01,600549.XSHG,0.0022320542038906
2025-07-01,600795.XSHG,0.006070201386816
2025-07-01,600873.XSHG,0.0021111238731691
2025-07-01,600900.XSHG,0.0497280798414922
2025-07-01,600901.XSHG,0.0024641869360188
2025-07-01,600905.XSHG,0.0083256988719583
2025-07-01,600919.XSHG,0.0151949916622051
2025-07-01,600926.XSHG,0.008559307209573
2025-07-01,600941.XSHG,0.0069306591758124
2025-07-01,601006.XSHG,0.009028049931082
2025-07-01,601009.XSHG,0.0099245367393602
2025-07-01,601088.XSHG,0.0460479387994513
2025-07-01,601128.XSHG,0.001698767804281
2025-07-01,601166.XSHG,0.0333681332740525
2025-07-01,601169.XSHG,0.0100366757032882
2025-07-01,601229.XSHG,0.0103889538411016
2025-07-01,601288.XSHG,0.1297727941803748
2025-07-01,601318.XSHG,0.0408873617302716
2025-07-01,601328.XSHG,0.0216844596989069
2025-07-01,601398.XSHG,0.1408583820192759
2025-07-01,601577.XSHG,0.0027697185546956
2025-07-01,601628.XSHG,0.0586710571315855
2025-07-01,601658.XSHG,0.0252709104451051
2025-07-01,601665.XSHG,0.002255406958395
2025-07-01,601668.XSHG,0.0162330925799175
2025-07-01,601818.XSHG,0.013293686232474
2025-07-01,601838.XSHG,0.0058812216088483
2025-07-01,601868.XSHG,0.004910178146575
2025-07-01,601916.XSHG,0.0051136233700524
2025-07-01,601939.XSHG,0.0063535698666242
2025-07-01,601958.XSHG,0.0024317692654092
2025-07-01,601988.XSHG,0.0812198843978688
2025-07-01,601991.XSHG,0.0027816017623892
2025-07-01,601997.XSHG,0.0015884864460962
2025-07-01,601998.XSHG,0.0239099654219684
2025-08-01,000166.XSHE,0.0115281385757308
2025-08-01,000333.XSHE,0.0475807949154958
2025-08-01,000538.XSHE,0.0096860467810663
2025-08-01,000543.XSHE,0.0015623017522955
2025-08-01,000651.XSHE,0.0245663625134821
2025-08-01,000728.XSHE,0.0036047351125265
2025-08-01,002001.XSHE,0.0065593038102499
2025-08-01,002007.XSHE,0.0025418931757286
2025-08-01,002252.XSHE,0.0044500695604668
2025-08-01,003816.XSHE,0.0140128443848948
2025-08-01,600008.XSHG,0.0022017637693372
2025-08-01,600009.XSHG,0.0059859524774112
2025-08-01,600018.XSHG,0.01268675103807
2025-08-01,600021.XSHG,0.0026494292949121
2025-08-01,600023.XSHG,0.0067681864215464
2025-08-01,600036.XSHG,0.08894812423478
2025-08-01,600038.XSHG,0.0025499179038462
2025-08-01,600056.XSHG,0.0016082896926928
2025-08-01,600085.XSHG,0.0048964277868579
2025-08-01,600332.XSHG,0.0037092176798444
2025-08-01,600352.XSHG,0.0033379865882923
2025-08-01,600372.XSHG,0.0057961916668034
2025-08-01,600436.XSHG,0.0117548636560963
2025-08-01,600535.XSHG,0.0024159742151574
2025-08-01,600582.XSHG,0.0025108082039343
2025-08-01,600637.XSHG,0.0025323732807913
2025-08-01,600703.XSHG,0.0061406680559744
2025-08-01,600863.XSHG,0.0025595802283497
2025-08-01,600873.XSHG,0.0030904024654854
2025-08-01,600886.XSHG,0.0112804704677232
2025-08-01,600887.XSHG,0.0168071359648713
2025-08-01,600905.XSHG,0.0119601592545321
2025-08-01,600918.XSHG,0.0025722006478858
2025-08-01,600938.XSHG,0.0075287416392912
2025-08-01,600941.XSHG,0.0094711488546283
2025-08-01,600999.XSHG,0.0128095610824142
2025-08-01,601006.XSHG,0.0127314081060402
2025-08-01,601016.XSHG,0.0017375893757343
2025-08-01,601108.XSHG,0.0036331733288849
2025-08-01,601128.XSHG,0.002388717868137
2025-08-01,601288.XSHG,0.1961588805012609
2025-08-01,601398.XSHG,0.199423238931498
2025-08-01,601607.XSHG,0.0052253979187658
2025-08-01,601658.XSHG,0.0368778089860569
2025-08-01,601668.XSHG,0.0226216747758819
2025-08-01,601717.XSHG,0.0025074200440255
2025-08-01,601766.XSHG,0.0172624094191579
2025-08-01,601901.XSHG,0.0064486006032383
2025-08-01,601939.XSHG,0.0087723580867101
2025-08-01,601988.XSHG,0.1135465049011401
2025-09-01,000060.XSHE,0.002086050736055
2025-09-01,000333.XSHE,0.0531860626512696
2025-09-01,000538.XSHE,0.0109042513343319
2025-09-01,000725.XSHE,0.0159934827493259
2025-09-01,000895.XSHE,0.0092038633655687
2025-09-01,002001.XSHE,0.0078227214848397
2025-09-01,002007.XSHE,0.0028048006567136
2025-09-01,002157.XSHE,0.0022266437841018
2025-09-01,002179.XSHE,0.0092128038941545
2025-09-01,002223.XSHE,0.0037023990606942
2025-09-01,002230.XSHE,0.0120681961430913
2025-09-01,002252.XSHE,0.0047284669414947
2025-09-01,002340.XSHE,0.0038821508193626
2025-09-01,002415.XSHE,0.0294550258620032
2025-09-01,003816.XSHE,0.0154250614379481
2025-09-01,300124.XSHE,0.0185947722278128
2025-09-01,300760.XSHE,0.0310017155670967
2025-09-01,300999.XSHE,0.0019061652119944
2025-09-01,600009.XSHG,0.0064412591585006
2025-09-01,600018.XSHG,0.0134625924365108
2025-09-01,600029.XSHG,0.0078491354720721
2025-09-01,600038.XSHG,0.0027654670644923
2025-09-01,600085.XSHG,0.0051334463267283
2025-09-01,600115.XSHG,0.007084246918221
2025-09-01,600298.XSHG,0.003577364577273
2025-09-01,600332.XSHG,0.0038810801453524
2025-09-01,600352.XSHG,0.0035303369032226
2025-09-01,600372.XSHG,0.00646574107924
2025-09-01,600436.XSHG,0.0129766909987426
2025-09-01,600497.XSHG,0.0032524438488263
2025-09-01,600690.XSHG,0.0168378306310433
2025-09-01,600741.XSHG,0.0063975089585697
2025-09-01,600795.XSHG,0.0090850177931237
2025-09-01,600885.XSHG,0.0039494922164739
2025-09-01,600887.XSHG,0.0184588142398269
2025-09-01,600905.XSHG,0.0125747806101047
2025-09-01,600938.XSHG,0.0080463192837385
2025-09-01,600941.XSHG,0.0100201767339268
2025-09-01,600989.XSHG,0.0133669052149445
2025-09-01,601108.XSHG,0.0041430902576779
2025-09-01,601288.XSHG,0.2334899805863445
2025-09-01,601607.XSHG,0.0053502470707425
2025-09-01,601658.XSHG,0.0424073212079991
2025-09-01,601766.XSHG,0.019155816999223
2025-09-01,601857.XSHG,0.1463121273051076
2025-09-01,601988.XSHG,0.1206965157311597
2025-09-01,601990.XSHG,0.003291783229871
2025-09-01,601995.XSHG,0.0118103141953069
2025-09-01,603000.XSHG,0.0024891417666366
2025-09-01,603888.XSHG,0.0014923771111362
2025-10-09,000039.XSHE,0.0024119199501071
2025-10-09,000155.XSHE,0.0025212699784572
2025-10-09,000333.XSHE,0.0629499364950579
2025-10-09,000538.XSHE,0.0127128055604445
2025-10-09,000543.XSHE,0.0021177337304794
2025-10-09,000625.XSHE,0.0127268921453922
2025-10-09,000725.XSHE,0.0196474792197314
2025-10-09,000858.XSHE,0.0588136403552545
2025-10-09,000895.XSHE,0.010709726100967
2025-10-09,002001.XSHE,0.0095176894136388
2025-10-09,002157.XSHE,0.0027021269315971
2025-10-09,002252.XSHE,0.0056255194057617
2025-10-09,002608.XSHE,0.003931152186257
2025-10-09,003816.XSHE,0.018791773916303
2025-10-09,600008.XSHG,0.0030019549825227
2025-10-09,600009.XSHG,0.0081763831385225
2025-10-09,600018.XSHG,0.0160550378935067
2025-10-09,600019.XSHG,0.0195591196109013
2025-10-09,600023.XSHG,0.0086529232448067
2025-10-09,600025.XSHG,0.0215431823620395
2025-10-09,600029.XSHG,0.0097791699396325
2025-10-09,600085.XSHG,0.005886526305654
2025-10-09,600115.XSHG,0.0090323874464647
2025-10-09,600332.XSHG,0.0045063576415563
2025-10-09,600352.XSHG,0.0041500559602222
2025-10-09,600372.XSHG,0.0076734561043157
2025-10-09,600406.XSHG,0.0233808526908053
2025-10-09,600436.XSHG,0.0148044496279026
2025-10-09,600795.XSHG,0.0115319870607458
2025-10-09,600863.XSHG,0.0034609666884571
2025-10-09,600871.XSHG,0.0035917392656022
2025-10-09,600887.XSHG,0.0217484439163992
2025-10-09,600900.XSHG,0.0831063164423506
2025-10-09,600905.XSHG,0.0155164941822311
2025-10-09,600916.XSHG,0.0018384115913269
2025-10-09,600938.XSHG,0.0098980705387108
2025-10-09,600941.XSHG,0.0119043833727333
2025-10-09,601088.XSHG,0.0813411507893674
2025-10-09,601108.XSHG,0.0049422529162705
2025-10-09,601111.XSHG,0.0115856637717792
2025-10-09,601238.XSHG,0.0070918662507607
2025-10-09,601398.XSHG,0.2464803785061434
2025-10-09,601607.XSHG,0.0063799892282542
2025-10-09,601668.XSHG,0.0287319183139287
2025-10-09,601766.XSHG,0.0237009456552529
2025-10-09,601966.XSHG,0.0028643974585066
2025-10-09,601985.XSHG,0.021514008538462
2025-10-09,601990.XSHG,0.0039362248190632
2025-10-09,601995.XSHG,0.0137109038505925
2025-10-09,603885.XSHG,0.0037419645047578
2025-11-03,000157.XSHE,0.0050604137790344
2025-11-03,000166.XSHE,0.0106552908217299
2025-11-03,000333.XSHE,0.0451713523015365
2025-11-03,000338.XSHE,0.0066619254558028
2025-11-03,000538.XSHE,0.008636542761124
2025-11-03,000725.XSHE,0.0128817340857587
2025-11-03,000895.XSHE,0.0077915240762854
2025-11-03,002142.XSHE,0.016395849748055
2025-11-03,002252.XSHE,0.0038881933608083
2025-11-03,002304.XSHE,0.0092320878828818
2025-11-03,003816.XSHE,0.0136343367319549
2025-11-03,600009.XSHG,0.0057025700888758
2025-11-03,600018.XSHG,0.0112372348611412
2025-11-03,600019.XSHG,0.0142529894938189
2025-11-03,600023.XSHG,0.0060501881404438
2025-11-03,600025.XSHG,0.0152945486409199
2025-11-03,600028.XSHG,0.0456631364971748
2025-11-03,600039.XSHG,0.0056539538558269
2025-11-03,600098.XSHG,0.0021091869136309
2025-11-03,600332.XSHG,0.0032410467294894
2025-11-03,600352.XSHG,0.003037125679389
2025-11-03,600406.XSHG,0.0169204722308133
2025-11-03,600483.XSHG,0.0024776253165336
2025-11-03,600583.XSHG,0.0021440201885176
2025-11-03,600598.XSHG,0.0022296239389021
2025-11-03,600690.XSHG,0.0144457391606234
2025-11-03,600795.XSHG,0.00830974306501
2025-11-03,600863.XSHG,0.0024654615094445
2025-11-03,600873.XSHG,0.0027560465089554
2025-11-03,600886.XSHG,0.0092783980050277
2025-11-03,600887.XSHG,0.0149339564339599
2025-11-03,600900.XSHG,0.0587479943042005
2025-11-03,600905.XSHG,0.0105268564253041
2025-11-03,600938.XSHG,0.0073452385351027
2025-11-03,600941.XSHG,0.008320039970775
2025-11-03,600970.XSHG,0.0018452692994827
2025-11-03,601018.XSHG,0.0063565288736075
2025-11-03,601088.XSHG,0.061893986010317
2025-11-03,601118.XSHG,0.0022046649876423
2025-11-03,601318.XSHG,0.0537295916231826
2025-11-03,601398.XSHG,0.1841099642876285
2025-11-03,601577.XSHG,0.0033816089440515
2025-11-03,601607.XSHG,0.004318043896409
2025-11-03,601808.XSHG,0.003738705260971
2025-11-03,601857.XSHG,0.1338056963397849
2025-11-03,601918.XSHG,0.0016548006572023
2025-11-03,601919.XSHG,0.0166258105408473
2025-11-03,601939.XSHG,0.0077453622215374
2025-11-03,601966.XSHG,0.0019570164616617
2025-11-03,601988.XSHG,0.1034805030968198
2025-12-01,000001.XSHE,0.0149930171643399
2025-12-01,000333.XSHE,0.0366724123933697
2025-12-01,000538.XSHE,0.0065121482802917
2025-12-01,000725.XSHE,0.0094612757115686
2025-12-01,000858.XSHE,0.0301809392194216
2025-12-01,000895.XSHE,0.0062344703127882
2025-12-01,002078.XSHE,0.0027718011029865
2025-12-01,002142.XSHE,0.0125799587540982
2025-12-01,002252.XSHE,0.0029159266891028
2025-12-01,002385.XSHE,0.0009479541775237
2025-12-01,600009.XSHG,0.0043128754158726
2025-12-01,600019.XSHG,0.010422825020757
2025-12-01,600023.XSHG,0.0044930694485775
2025-12-01,600025.XSHG,0.0113016940850344
2025-12-01,600028.XSHG,0.0366348036217104
2025-12-01,600036.XSHG,0.0592262533073761
2025-12-01,600050.XSHG,0.011082216665698
2025-12-01,600085.XSHG,0.0030591981605938
2025-12-01,600332.XSHG,0.0024056426932945
2025-12-01,600352.XSHG,0.0022705952326071
2025-12-01,600372.XSHG,0.0039464712339892
2025-12-01,600519.XSHG,0.1198433802850614
2025-12-01,600566.XSHG,0.0016419795817764
2025-12-01,600583.XSHG,0.001598417150374
2025-12-01,600598.XSHG,0.0017541260939069
2025-12-01,600600.XSHG,0.0030018566237919
2025-12-01,600674.XSHG,0.0047069246458815
2025-12-01,600690.XSHG,0.0113553041058107
2025-12-01,600795.XSHG,0.0067073024784739
2025-12-01,600803.XSHG,0.0044599793513104
2025-12-01,600863.XSHG,0.0020015736060218
2025-12-01,600887.XSHG,0.0122422033337059
2025-12-01,600900.XSHG,0.0445381714252997
2025-12-01,600905.XSHG,0.0079166221786026
2025-12-01,600926.XSHG,0.0075458166385381
2025-12-01,600941.XSHG,0.0063871953823877
2025-12-01,600970.XSHG,0.0014213190786319
2025-12-01,601009.XSHG,0.0096829922185717
2025-12-01,601088.XSHG,0.0450573764741385
2025-12-01,601318.XSHG,0.0413073360307701
2025-12-01,601328.XSHG,0.013251207253487
2025-12-01,601398.XSHG,0.1441569281223874
2025-12-01,601607.XSHG,0.0033052822535182
2025-12-01,601816.XSHG,0.0164912842798785
2025-12-01,601825.XSHG,0.0058487738648208
2025-12-01,601857.XSHG,0.1065891119274154
2025-12-01,601919.XSHG,0.0126535865403224
2025-12-01,601939.XSHG,0.0061186972515943
2025-12-01,601966.XSHG,0.0014354063435568
2025-12-01,601988.XSHG,0.0845542967889602
2026-01-05,000001.XSHE,0.0165597316856771
2026-01-05,000157.XSHE,0.0045592477525261
2026-01-05,000166.XSHE,0.0088460904746774
2026-01-05,000333.XSHE,0.039969085901235
2026-01-05,000423.XSHE,0.0023728485107049
2026-01-05,000538.XSHE,0.0075403733246668
2026-01-05,000651.XSHE,0.0166809318195584
2026-01-05,000725.XSHE,0.0115214300423341
2026-01-05,000895.XSHE,0.006830058172845
2026-01-05,000999.XSHE,0.0035557782749537
2026-01-05,002142.XSHE,0.0137861591778734
2026-01-05,002223.XSHE,0.0027277592965015
2026-01-05,002385.XSHE,0.0010512352546074
2026-01-05,003816.XSHE,0.011003952747427
2026-01-05,600018.XSHG,0.0093667698424241
2026-01-05,600019.XSHG,0.0117668221216844
2026-01-05,600023.XSHG,0.0049351206787399
2026-01-05,600028.XSHG,0.0428189706428917
2026-01-05,600030.XSHG,0.026501149964916
2026-01-05,600036.XSHG,0.0648274272032099
2026-01-05,600050.XSHG,0.0117804197295752
2026-01-05,600332.XSHG,0.0027019652834299
2026-01-05,600372.XSHG,0.0048545770881038
2026-01-05,600519.XSHG,0.1325091725843589
2026-01-05,600583.XSHG,0.0018241415017261
2026-01-05,600598.XSHG,0.001969435388286
2026-01-05,600690.XSHG,0.0122125021286014
2026-01-05,600741.XSHG,0.0047163371569306
2026-01-05,600887.XSHG,0.0133618967810779
2026-01-05,600900.XSHG,0.0485976494714541
2026-01-05,600905.XSHG,0.008761064461128
2026-01-05,600926.XSHG,0.008310652089361
2026-01-05,600941.XSHG,0.006737768563746
2026-01-05,600998.XSHG,0.0019905969806324
2026-01-05,601009.XSHG,0.0103852890279859
2026-01-05,601018.XSHG,0.0052691287690873
2026-01-05,601066.XSHG,0.0129852399559786
2026-01-05,601088.XSHG,0.049266320446893
2026-01-05,601108.XSHG,0.0030289167425879
2026-01-05,601211.XSHG,0.0209574328788926
2026-01-05,601390.XSHG,0.0082195213499318
2026-01-05,601398.XSHG,0.156449679939149
2026-01-05,601607.XSHG,0.0036944297350843
2026-01-05,601816.XSHG,0.0186244130814472
2026-01-05,601825.XSHG,0.0065110287503742
2026-01-05,601919.XSHG,0.0139422188724024
2026-01-05,601939.XSHG,0.0065849777658882
2026-01-05,601985.XSHG,0.0122046144773888
2026-01-05,601988.XSHG,0.08867699712491
2026-01-05,603288.XSHG,0.0156506689841311
2026-02-02,000001.XSHE,0.0177342253790692
2026-02-02,000157.XSHE,0.0051406034298841
2026-02-02,000166.XSHE,0.0095387316868608
2026-02-02,000333.XSHE,0.0448660719691023
2026-02-02,000423.XSHE,0.002780719060964
2026-02-02,000538.XSHE,0.0082810391315546
2026-02-02,000651.XSHE,0.0178864760411179
2026-02-02,000895.XSHE,0.0074511042648151
2026-02-02,000998.XSHE,0.0011243239510788
2026-02-02,000999.XSHE,0.0039316419337683
2026-02-02,002142.XSHE,0.0169558137182339
2026-02-02,002415.XSHE,0.0240634118533527
2026-02-02,002966.XSHE,0.0030150355419245
2026-02-02,003816.XSHE,0.0128098862854569
2026-02-02,600019.XSHG,0.0127391237509897
2026-02-02,600023.XSHG,0.0055740388615502
2026-02-02,600027.XSHG,0.0034661467420693
2026-02-02,600028.XSHG,0.0508705638898023
2026-02-02,600036.XSHG,0.0667465247546403
2026-02-02,600332.XSHG,0.0029694817800022
2026-02-02,600406.XSHG,0.0171706668955371
2026-02-02,600519.XSHG,0.1503755859585072
2026-02-02,600585.XSHG,0.0079061677218942
2026-02-02,600674.XSHG,0.0056566481647239
2026-02-02,600690.XSHG,0.0131548445081598
2026-02-02,600863.XSHG,0.0026088857811711
2026-02-02,600873.XSHG,0.0024848439214266
2026-02-02,600887.XSHG,0.0140088625447083
2026-02-02,600900.XSHG,0.052808450461551
2026-02-02,600905.XSHG,0.0098391385233047
2026-02-02,600919.XSHG,0.015550780554892
2026-02-02,600926.XSHG,0.0097112833125694
2026-02-02,601009.XSHG,0.0110490164575026
2026-02-02,601016.XSHG,0.0015129805905868
2026-02-02,601088.XSHG,0.0558004077885343
2026-02-02,601128.XSHG,0.0020150003389506
2026-02-02,601229.XSHG,0.0112275428892457
2026-02-02,601328.XSHG,0.0120416979300607
2026-02-02,601398.XSHG,0.1660756457937931
2026-02-02,601555.XSHG,0.0039177608584914
2026-02-02,601607.XSHG,0.0040159300820004
2026-02-02,601665.XSHG,0.0029672648295648
2026-02-02,601668.XSHG,0.0171769746192368
2026-02-02,601816.XSHG,0.0200914830498849
2026-02-02,601868.XSHG,0.0065493237508485
2026-02-02,601901.XSHG,0.0053894645098452
2026-02-02,601919.XSHG,0.0149509198698974
2026-02-02,601939.XSHG,0.0070962416811926
2026-02-02,601985.XSHG,0.0135862301723339
2026-02-02,601998.XSHG,0.0253149924133457
2026-03-02,000001.XSHE,0.0334949401947357
2026-03-02,000166.XSHE,0.0178174728915712
2026-03-02,000333.XSHE,0.0843819363766349
2026-03-02,000423.XSHE,0.0055305574479689
2026-03-02,000538.XSHE,0.0157959682632072
2026-03-02,000895.XSHE,0.0145489210861771
2026-03-02,000966.XSHE,0.0024697315675746
2026-03-02,000999.XSHE,0.0077156254677675
2026-03-02,002142.XSHE,0.0339126263567095
2026-03-02,002299.XSHE,0.0037735205430822
2026-03-02,002507.XSHE,0.0024107650704777
2026-03-02,002966.XSHE,0.0057837219612702
2026-03-02,003816.XSHE,0.0254055578645401
2026-03-02,600008.XSHG,0.0037134750165031
2026-03-02,600015.XSHG,0.0165963409456803
2026-03-02,600018.XSHG,0.0189714880974064
2026-03-02,600023.XSHG,0.0115827036064982
2026-03-02,600027.XSHG,0.0076088145078841
2026-03-02,600036.XSHG,0.1269034873194565
2026-03-02,600132.XSHG,0.0043122851227753
2026-03-02,600332.XSHG,0.0056830133818216
2026-03-02,600406.XSHG,0.0360912051583652
2026-03-02,600483.XSHG,0.0045244348088706
2026-03-02,600674.XSHG,0.0114691212797685
2026-03-02,600690.XSHG,0.0251870023083906
2026-03-02,600704.XSHG,0.0048042419564035
2026-03-02,600863.XSHG,0.0053992305210708
2026-03-02,600873.XSHG,0.0051079107551268
2026-03-02,600886.XSHG,0.0159612647915502
2026-03-02,600887.XSHG,0.0260326042281999
2026-03-02,600900.XSHG,0.1034227947273279
2026-03-02,600905.XSHG,0.0191007371254157
2026-03-02,600919.XSHG,0.0304782685390282
2026-03-02,600926.XSHG,0.0189930289530181
2026-03-02,601009.XSHG,0.0222644822782556
2026-03-02,601016.XSHG,0.0030963836786914
2026-03-02,601018.XSHG,0.0132150203375454
2026-03-02,601128.XSHG,0.0038145498388406
2026-03-02,601169.XSHG,0.0182636886542707
2026-03-02,601186.XSHG,0.0134502422470669
2026-03-02,601229.XSHG,0.0220389457783973
2026-03-02,601298.XSHG,0.0080202870812179
2026-03-02,601816.XSHG,0.0390717587511099
2026-03-02,601866.XSHG,0.0045765410979141
2026-03-02,601868.XSHG,0.0132066373728126
2026-03-02,601916.XSHG,0.0103163009488752
2026-03-02,601919.XSHG,0.0308408268611951
2026-03-02,601939.XSHG,0.0132930533673462
2026-03-02,601966.XSHG,0.0035318437533732
2026-03-02,601985.XSHG,0.0260146397108071
2026-04-01,000001.XSHE,0.0202747934060745
2026-04-01,000333.XSHE,0.0493360423393885
2026-04-01,000423.XSHE,0.0033937603331161
2026-04-01,000538.XSHE,0.0092318192219467
2026-04-01,000651.XSHE,0.019648271894468
2026-04-01,000895.XSHE,0.0091214723183461
2026-04-01,000999.XSHE,0.0044262714486016
2026-04-01,002352.XSHE,0.0170249138413176
2026-04-01,002966.XSHE,0.0034479380744342
2026-04-01,003816.XSHE,0.0166599369013516
2026-04-01,600008.XSHG,0.0021529295849326
2026-04-01,600015.XSHG,0.0106407225110282
2026-04-01,600016.XSHG,0.012560618197863
2026-04-01,600018.XSHG,0.0109785926342958
2026-04-01,600023.XSHG,0.0068727340978122
2026-04-01,600025.XSHG,0.0166304461540502
2026-04-01,600036.XSHG,0.0769719948314823
2026-04-01,600132.XSHG,0.0025949073168674
2026-04-01,600177.XSHG,0.0033228845237836
2026-04-01,600600.XSHG,0.0042061190857361
2026-04-01,600642.XSHG,0.0040949945054418
2026-04-01,600674.XSHG,0.0067373032115427
2026-04-01,600886.XSHG,0.0097857131154892
2026-04-01,600887.XSHG,0.0155284185592472
2026-04-01,600900.XSHG,0.0616291362379465
2026-04-01,600901.XSHG,0.0035973318844192
2026-04-01,600905.XSHG,0.0111971944619931
2026-04-01,600919.XSHG,0.0186058345634246
2026-04-01,600926.XSHG,0.0113911034345378
2026-04-01,601006.XSHG,0.0100622686147477
2026-04-01,601009.XSHG,0.0131374576861805
2026-04-01,601018.XSHG,0.0074011310820541
2026-04-01,601077.XSHG,0.0058468922485062
2026-04-01,601128.XSHG,0.0022126732764583
2026-04-01,601166.XSHG,0.0374990540712937
2026-04-01,601169.XSHG,0.0108765988585958
2026-04-01,601229.XSHG,0.01316784883421
2026-04-01,601328.XSHG,0.0171259301304047
2026-04-01,601398.XSHG,0.1914975607617906
2026-04-01,601665.XSHG,0.0033444819204854
2026-04-01,601816.XSHG,0.0232892261194346
2026-04-01,601818.XSHG,0.0139150966399476
2026-04-01,601838.XSHG,0.006807236851003
2026-04-01,601916.XSHG,0.0060361607549843
2026-04-01,601939.XSHG,0.008495139277633
2026-04-01,601985.XSHG,0.0158363488681898
2026-04-01,601988.XSHG,0.1159290121916703
2026-04-01,601997.XSHG,0.0019939174803274
2026-04-01,601998.XSHG,0.0317028790688608
2026-04-01,603288.XSHG,0.0217588865722809
2026-05-06,000001.XSHE,0.0200154944354607
2026-05-06,000333.XSHE,0.0500703226353445
2026-05-06,000538.XSHE,0.0084752338754803
2026-05-06,000651.XSHE,0.0200297178987633
2026-05-06,000895.XSHE,0.0087156859208608
2026-05-06,002142.XSHE,0.0196356177321492
2026-05-06,002352.XSHE,0.0161456775563453
2026-05-06,002415.XSHE,0.0296020355144978
2026-05-06,002966.XSHE,0.0034161822990911
2026-05-06,003816.XSHE,0.0163928420247251
2026-05-06,600008.XSHG,0.0020527810314745
2026-05-06,600015.XSHG,0.0094163170688257
2026-05-06,600018.XSHG,0.010680044747349
2026-05-06,600023.XSHG,0.0070124716724263
2026-05-06,600025.XSHG,0.0162225033216342
2026-05-06,600030.XSHG,0.0303920456320166
2026-05-06,600036.XSHG,0.0711740213335565
2026-05-06,600109.XSHG,0.0030816787221555
2026-05-06,600600.XSHG,0.0040491686941966
2026-05-06,600642.XSHG,0.0040656442994271
2026-05-06,600674.XSHG,0.0067627580233498
2026-05-06,600886.XSHG,0.009245096843713
2026-05-06,600887.XSHG,0.015686466978069
2026-05-06,600900.XSHG,0.0604271542061996
2026-05-06,600905.XSHG,0.0106679551703073
2026-05-06,600919.XSHG,0.0187448011617614
2026-05-06,600926.XSHG,0.0113139702047629
2026-05-06,600941.XSHG,0.0079335485528154
2026-05-06,600999.XSHG,0.0107753310997749
2026-05-06,601006.XSHG,0.0096401931199065
2026-05-06,601009.XSHG,0.0128868444063337
2026-05-06,601077.XSHG,0.0058259054384051
2026-05-06,601128.XSHG,0.002174107007555
2026-05-06,601169.XSHG,0.0101358718464326
2026-05-06,601198.XSHG,0.0039298203075113
2026-05-06,601229.XSHG,0.0119979738332959
2026-05-06,601328.XSHG,0.015931535489709
2026-05-06,601398.XSHG,0.1801682566990762
2026-05-06,601665.XSHG,0.0035870902891118
2026-05-06,601668.XSHG,0.0184582456285879
2026-05-06,601816.XSHG,0.0216334969988275
2026-05-06,601818.XSHG,0.0131039750868039
2026-05-06,601838.XSHG,0.0073809976694003
2026-05-06,601916.XSHG,0.0058292448052024
2026-05-06,601939.XSHG,0.0085363299228639
2026-05-06,601985.XSHG,0.0152933736983753
2026-05-06,601988.XSHG,0.1092688981030034
2026-05-06,601995.XSHG,0.0092002337733815
2026-05-06,601997.XSHG,0.0019851430210358
2026-05-06,601998.XSHG,0.0308298941986454
2026-06-01,000001.XSHE,0.0177711938772612
2026-06-01,000333.XSHE,0.0467122202563168
2026-06-01,000538.XSHE,0.0073601719439475
2026-06-01,000651.XSHE,0.0179868304348778
2026-06-01,000895.XSHE,0.0072253155127037
2026-06-01,002142.XSHE,0.0172729686464649
2026-06-01,002352.XSHE,0.0139633441521184
2026-06-01,003816.XSHE,0.0153725377113893
2026-06-01,600008.XSHG,0.0019573694641165
2026-06-01,600015.XSHG,0.008795817583665
2026-06-01,600016.XSHG,0.0106084273281756
2026-06-01,600018.XSHG,0.0099567269082503
2026-06-01,600025.XSHG,0.015680198615585
2026-06-01,600036.XSHG,0.0656647343307465
2026-06-01,600109.XSHG,0.0026676973016822
2026-06-01,600600.XSHG,0.0036322723933124
2026-06-01,600642.XSHG,0.0043878470241315
2026-06-01,600674.XSHG,0.0063934628079903
2026-06-01,600886.XSHG,0.009012786822804
2026-06-01,600887.XSHG,0.0141604637322047
2026-06-01,600900.XSHG,0.0566200226235505
2026-06-01,600905.XSHG,0.0104338452621252
2026-06-01,600919.XSHG,0.0174173853556754
2026-06-01,600926.XSHG,0.0098882344382099
2026-06-01,600941.XSHG,0.0074398504661347
2026-06-01,600999.XSHG,0.0105880709180484
2026-06-01,601006.XSHG,0.0087634788524371
2026-06-01,601009.XSHG,0.011569520879875
2026-06-01,601077.XSHG,0.0049196498559957
2026-06-01,601088.XSHG,0.0673342293503059
2026-06-01,601128.XSHG,0.0019953166975414
2026-06-01,601166.XSHG,0.0325182408025401
2026-06-01,601169.XSHG,0.0091085375382978
2026-06-01,601198.XSHG,0.0035770178856726
2026-06-01,601229.XSHG,0.0109639455387376
2026-06-01,601328.XSHG,0.0147517405817087
2026-06-01,601398.XSHG,0.1640039254990259
2026-06-01,601658.XSHG,0.0303389151635421
2026-06-01,601665.XSHG,0.0031946717979685
2026-06-01,601668.XSHG,0.0166992888890365
2026-06-01,601816.XSHG,0.0204659733694813
2026-06-01,601818.XSHG,0.0121423637475352
2026-06-01,601838.XSHG,0.0066927807903933
2026-06-01,601916.XSHG,0.0054934905001137
2026-06-01,601939.XSHG,0.0080581726734606
2026-06-01,601985.XSHG,0.0144448171492798
2026-06-01,601988.XSHG,0.1041468334075692
2026-06-01,601995.XSHG,0.008246314582784
2026-06-01,601998.XSHG,0.025237525323717
2026-06-01,603195.XSHG,0.0063634532114912
2026-07-01,000001.XSHE,0.0151298230923805
2026-07-01,000333.XSHE,0.0407586822688121
2026-07-01,000538.XSHE,0.0065264224978351
2026-07-01,000651.XSHE,0.0158736928536868
2026-07-01,000895.XSHE,0.0061727602861428
2026-07-01,002142.XSHE,0.0151524153716701
2026-07-01,002352.XSHE,0.011786595886546
2026-07-01,600015.XSHG,0.0076279150161751
2026-07-01,600016.XSHG,0.0088442527978796
2026-07-01,600018.XSHG,0.0085806419938629
2026-07-01,600025.XSHG,0.0128531953126671
2026-07-01,600030.XSHG,0.0275370541925921
2026-07-01,600036.XSHG,0.0568467267999942
2026-07-01,600600.XSHG,0.0028781272635113
2026-07-01,600674.XSHG,0.0052818655428035
2026-07-01,600795.XSHG,0.0063780388077359
2026-07-01,600886.XSHG,0.0076593778250106
2026-07-01,600887.XSHG,0.0117414004510583
2026-07-01,600900.XSHG,0.0500206820166078
2026-07-01,600905.XSHG,0.0082485831314533
2026-07-01,600919.XSHG,0.0154907751902664
2026-07-01,600926.XSHG,0.0081550245906684
2026-07-01,600941.XSHG,0.0059917687259077
2026-07-01,600999.XSHG,0.0130655508441421
2026-07-01,601006.XSHG,0.0070115394543974
2026-07-01,601009.XSHG,0.0095824866153824
2026-07-01,601128.XSHG,0.0016349409340279
2026-07-01,601166.XSHG,0.0271208859468477
2026-07-01,601169.XSHG,0.0080150509587126
2026-07-01,601198.XSHG,0.0034702597307015
2026-07-01,601229.XSHG,0.0095408222216371
2026-07-01,601288.XSHG,0.1482147607651136
2026-07-01,601328.XSHG,0.012884886257256
2026-07-01,601398.XSHG,0.1460687503226452
2026-07-01,601456.XSHG,0.003090121831106
2026-07-01,601658.XSHG,0.0274387598884523
2026-07-01,601665.XSHG,0.0027531380304692
2026-07-01,601668.XSHG,0.0139835055243807
2026-07-01,601816.XSHG,0.0170453439858376
2026-07-01,601818.XSHG,0.010434278895953
2026-07-01,601838.XSHG,0.0058122350420771
2026-07-01,601901.XSHG,0.0047252562051296
2026-07-01,601916.XSHG,0.0044308084465616
2026-07-01,601919.XSHG,0.0126805713204928
2026-07-01,601939.XSHG,0.0070454575837757
2026-07-01,601985.XSHG,0.0128098151291739
2026-07-01,601988.XSHG,0.0913820830979952
2026-07-01,601995.XSHG,0.0084152983761506
2026-07-01,601998.XSHG,0.0215212564086939
2026-07-01,603288.XSHG,0.0142863142676174
