date,code,weight
2012-08-01,000002.XSHE,0.015559558571485
2012-08-01,000027.XSHE,0.0028101139450961
2012-08-01,000651.XSHE,0.0111450024684582
2012-08-01,000725.XSHE,0.0034403980342687
2012-08-01,000786.XSHE,0.0013301037554959
2012-08-01,000825.XSHE,0.0034901213537365
2012-08-01,000963.XSHE,0.0015379803198672
2012-08-01,002191.XSHE,0.0010715402217792
2012-08-01,002344.XSHE,0.0006981311620685
2012-08-01,300027.XSHE,0.0010025281288964
2012-08-01,600000.XSHG,0.0197041662671507
2012-08-01,600005.XSHG,0.004529749133001
2012-08-01,600009.XSHG,0.0023705331230123
2012-08-01,600016.XSHG,0.0234310408715828
2012-08-01,600019.XSHG,0.0126647884404921
2012-08-01,600028.XSHG,0.0730177998828945
2012-08-01,600036.XSHG,0.0304006995601029
2012-08-01,600098.XSHG,0.0023706712826496
2012-08-01,600276.XSHG,0.0061847285587134
2012-08-01,600377.XSHG,0.0033147056244086
2012-08-01,600535.XSHG,0.0042330491811857
2012-08-01,600570.XSHG,0.0014211232468585
2012-08-01,600600.XSHG,0.0043265927504789
2012-08-01,600642.XSHG,0.0035831093278005
2012-08-01,600660.XSHG,0.0025447817801101
2012-08-01,600718.XSHG,0.001750176573153
2012-08-01,600795.XSHG,0.006455043668626
2012-08-01,600832.XSHG,0.0028818387669437
2012-08-01,600867.XSHG,0.0010811878430568
2012-08-01,600900.XSHG,0.0083635519213774
2012-08-01,600998.XSHG,0.0011010615627489
2012-08-01,601006.XSHG,0.0154475893929555
2012-08-01,601009.XSHG,0.004217423717155
2012-08-01,601018.XSHG,0.001334355080029
2012-08-01,601088.XSHG,0.062838059329867
2012-08-01,601166.XSHG,0.0232161605620524
2012-08-01,601169.XSHG,0.0097256272150176
2012-08-01,601288.XSHG,0.0110338658344314
2012-08-01,601328.XSHG,0.0245586340366522
2012-08-01,601390.XSHG,0.0074607457219804
2012-08-01,601398.XSHG,0.1708294000753737
2012-08-01,601618.XSHG,0.0014525443160665
2012-08-01,601668.XSHG,0.0161555900412268
2012-08-01,601766.XSHG,0.0070134108967305
2012-08-01,601818.XSHG,0.0072490644108669
2012-08-01,601857.XSHG,0.2484028487614715
2012-08-01,601899.XSHG,0.010092768799873
2012-08-01,601939.XSHG,0.0066235555240289
2012-08-01,601988.XSHG,0.0931447741695072
2012-08-01,601998.XSHG,0.0213877047872132
2012-09-03,000001.XSHE,0.0076009804242087
2012-09-03,000651.XSHE,0.0106270118697429
2012-09-03,000725.XSHE,0.003553178601702
2012-09-03,000793.XSHE,0.0014658050219483
2012-09-03,000825.XSHE,0.0031985015602548
2012-09-03,002001.XSHE,0.0023684160465079
2012-09-03,002007.XSHE,0.0025375129904148
2012-09-03,002142.XSHE,0.0041025303652595
2012-09-03,300027.XSHE,0.0010514797713324
2012-09-03,600000.XSHG,0.0194842021084801
2012-09-03,600005.XSHG,0.0043466793421937
2012-09-03,600009.XSHG,0.0022451710605562
2012-09-03,600016.XSHG,0.022488564790967
2012-09-03,600019.XSHG,0.0131216958007047
2012-09-03,600028.XSHG,0.0729901020528418
2012-09-03,600036.XSHG,0.0304606585525993
2012-09-03,600066.XSHG,0.0026642611525032
2012-09-03,600276.XSHG,0.0064740745578416
2012-09-03,600309.XSHG,0.0047452174294616
2012-09-03,600489.XSHG,0.007353586094186
2012-09-03,600535.XSHG,0.0044930919367796
2012-09-03,600600.XSHG,0.0039773653263959
2012-09-03,600642.XSHG,0.0033966311349821
2012-09-03,600649.XSHG,0.0026296382014988
2012-09-03,600660.XSHG,0.0024144911256639
2012-09-03,600718.XSHG,0.0017149026259934
2012-09-03,600795.XSHG,0.0060332997661109
2012-09-03,600811.XSHG,0.0015159419862873
2012-09-03,600832.XSHG,0.0027771906913145
2012-09-03,600886.XSHG,0.001549690227152
2012-09-03,600900.XSHG,0.0080801809750856
2012-09-03,601006.XSHG,0.0153905978245725
2012-09-03,601009.XSHG,0.0040298641884599
2012-09-03,601018.XSHG,0.0013157281441177
2012-09-03,601088.XSHG,0.060743673871042
2012-09-03,601166.XSHG,0.0228345585468634
2012-09-03,601169.XSHG,0.009384056052596
2012-09-03,601186.XSHG,0.0073498474808449
2012-09-03,601288.XSHG,0.0107912204936164
2012-09-03,601328.XSHG,0.0241143472969877
2012-09-03,601390.XSHG,0.0070446722011114
2012-09-03,601398.XSHG,0.1704823438508202
2012-09-03,601668.XSHG,0.0157610396400788
2012-09-03,601766.XSHG,0.0065238095278214
2012-09-03,601818.XSHG,0.0072081258780762
2012-09-03,601857.XSHG,0.2451159478213701
2012-09-03,601899.XSHG,0.0102355983924988
2012-09-03,601939.XSHG,0.0065770486437156
2012-09-03,601988.XSHG,0.0926187462332187
2012-09-03,601998.XSHG,0.0210167203212155
2012-10-08,000027.XSHE,0.0027558606348184
2012-10-08,000100.XSHE,0.0026507105589654
2012-10-08,000423.XSHE,0.0045046170731147
2012-10-08,000651.XSHE,0.0111634918494732
2012-10-08,000793.XSHE,0.0014708178469274
2012-10-08,000999.XSHE,0.0014397934771302
2012-10-08,002007.XSHE,0.0026518249577138
2012-10-08,002142.XSHE,0.0040307092760119
2012-10-08,002152.XSHE,0.001531233769308
2012-10-08,600000.XSHG,0.0195033356838506
2012-10-08,600005.XSHG,0.0043252700766704
2012-10-08,600009.XSHG,0.0023154865566419
2012-10-08,600016.XSHG,0.0226649419691347
2012-10-08,600019.XSHG,0.014288982452372
2012-10-08,600028.XSHG,0.0749065626242235
2012-10-08,600036.XSHG,0.0320782419215976
2012-10-08,600079.XSHG,0.001696343932737
2012-10-08,600161.XSHG,0.0011716278389926
2012-10-08,600219.XSHG,0.0023137377154054
2012-10-08,600276.XSHG,0.0066378855730481
2012-10-08,600309.XSHG,0.0055015611911476
2012-10-08,600315.XSHG,0.0036108359639891
2012-10-08,600535.XSHG,0.0047420797710093
2012-10-08,600583.XSHG,0.0038333132977875
2012-10-08,600600.XSHG,0.0040580713303846
2012-10-08,600642.XSHG,0.003326541513704
2012-10-08,600660.XSHG,0.002457139502629
2012-10-08,600795.XSHG,0.0059298379415691
2012-10-08,600832.XSHG,0.0029184814926016
2012-10-08,600859.XSHG,0.0019559174494871
2012-10-08,600886.XSHG,0.0016326426716811
2012-10-08,600900.XSHG,0.0084148431263526
2012-10-08,601006.XSHG,0.0161387164546372
2012-10-08,601009.XSHG,0.0039809665102993
2012-10-08,601018.XSHG,0.0013528012170652
2012-10-08,601088.XSHG,0.0659626304949035
2012-10-08,601166.XSHG,0.0229562733229051
2012-10-08,601186.XSHG,0.0081191202785902
2012-10-08,601288.XSHG,0.0112767987463917
2012-10-08,601328.XSHG,0.0246449866804634
2012-10-08,601390.XSHG,0.0074504721969593
2012-10-08,601398.XSHG,0.1757736358860603
2012-10-08,601607.XSHG,0.0022745357758057
2012-10-08,601668.XSHG,0.0162297580286177
2012-10-08,601818.XSHG,0.0071454537311824
2012-10-08,601857.XSHG,0.2514759974295807
2012-10-08,601877.XSHG,0.0007717473106244
2012-10-08,601939.XSHG,0.0068173477597089
2012-10-08,601988.XSHG,0.0946062632752971
2012-10-08,601998.XSHG,0.0205397538604262
2012-11-01,000100.XSHE,0.0027507389473117
2012-11-01,000301.XSHE,0.000649047937904
2012-11-01,000423.XSHE,0.0047865731331811
2012-11-01,000608.XSHE,0.0006789505830784
2012-11-01,000651.XSHE,0.0120527448648762
2012-11-01,000786.XSHE,0.0013917854967693
2012-11-01,000793.XSHE,0.0015455214842925
2012-11-01,000999.XSHE,0.0014027910728377
2012-11-01,002142.XSHE,0.0039219357742086
2012-11-01,002191.XSHE,0.0010931950165104
2012-11-01,600000.XSHG,0.0198502861605956
2012-11-01,600004.XSHG,0.0013335086277312
2012-11-01,600009.XSHG,0.002206564411523
2012-11-01,600016.XSHG,0.0237143489818557
2012-11-01,600019.XSHG,0.0142389374449491
2012-11-01,600028.XSHG,0.0778017423928958
2012-11-01,600036.XSHG,0.031681258771367
2012-11-01,600066.XSHG,0.002526449377486
2012-11-01,600276.XSHG,0.0065116795667585
2012-11-01,600309.XSHG,0.0052783075997538
2012-11-01,600583.XSHG,0.0036839161477887
2012-11-01,600587.XSHG,0.0009551945195906
2012-11-01,600642.XSHG,0.0034415065949481
2012-11-01,600660.XSHG,0.0024473744243338
2012-11-01,600690.XSHG,0.0053763374491722
2012-11-01,600717.XSHG,0.0016970775551931
2012-11-01,600795.XSHG,0.0059283152825689
2012-11-01,600832.XSHG,0.0028737232195235
2012-11-01,600886.XSHG,0.0017424913153907
2012-11-01,600887.XSHG,0.006058075316001
2012-11-01,600900.XSHG,0.0082827426303461
2012-11-01,601006.XSHG,0.0158931280289917
2012-11-01,601009.XSHG,0.0039957994212604
2012-11-01,601018.XSHG,0.0013245593728069
2012-11-01,601088.XSHG,0.0660564254967589
2012-11-01,601166.XSHG,0.0237569812927296
2012-11-01,601169.XSHG,0.0090949482826069
2012-11-01,601186.XSHG,0.0088940362890446
2012-11-01,601288.XSHG,0.0112638017073804
2012-11-01,601328.XSHG,0.02431753840945
2012-11-01,601390.XSHG,0.007902205556881
2012-11-01,601398.XSHG,0.1768923421171697
2012-11-01,601588.XSHG,0.0013430846787202
2012-11-01,601668.XSHG,0.0161922316724121
2012-11-01,601818.XSHG,0.0072064033370002
2012-11-01,601857.XSHG,0.2457916277747844
2012-11-01,601877.XSHG,0.0007895222125936
2012-11-01,601939.XSHG,0.006998774454038
2012-11-01,601988.XSHG,0.0942987565559422
2012-11-01,601998.XSHG,0.0200847112386845
2012-12-03,000001.XSHE,0.0067561534907107
2012-12-03,000027.XSHE,0.0024905383976154
2012-12-03,000423.XSHE,0.0041924650608197
2012-12-03,000538.XSHE,0.0075352963412127
2012-12-03,000608.XSHE,0.000657294013816
2012-12-03,000651.XSHE,0.0119449167665653
2012-12-03,000825.XSHE,0.003186880811203
2012-12-03,002250.XSHE,0.0009635902606257
2012-12-03,600000.XSHG,0.0189991902399763
2012-12-03,600009.XSHG,0.0021536145515864
2012-12-03,600015.XSHG,0.0069848323105417
2012-12-03,600016.XSHG,0.0242191491953218
2012-12-03,600019.XSHG,0.0140448152753707
2012-12-03,600028.XSHG,0.0741283261622001
2012-12-03,600036.XSHG,0.0303258650162601
2012-12-03,600050.XSHG,0.0118962269280235
2012-12-03,600066.XSHG,0.0023688375497265
2012-12-03,600098.XSHG,0.0023149484566751
2012-12-03,600276.XSHG,0.0058711782329255
2012-12-03,600535.XSHG,0.0044414167037107
2012-12-03,600583.XSHG,0.0033416953329101
2012-12-03,600638.XSHG,0.0008612348867981
2012-12-03,600642.XSHG,0.0033338117465531
2012-12-03,600660.XSHG,0.002414460375275
2012-12-03,600690.XSHG,0.0051814129854558
2012-12-03,600717.XSHG,0.0015868664215355
2012-12-03,600795.XSHG,0.0055354290351976
2012-12-03,600832.XSHG,0.0027983206384008
2012-12-03,600867.XSHG,0.0011079137564979
2012-12-03,600886.XSHG,0.0018832265771142
2012-12-03,600900.XSHG,0.0107369026214664
2012-12-03,601006.XSHG,0.0163269328901539
2012-12-03,601009.XSHG,0.0038056622692724
2012-12-03,601018.XSHG,0.001307118315883
2012-12-03,601088.XSHG,0.0605200341137137
2012-12-03,601166.XSHG,0.0232992275352168
2012-12-03,601169.XSHG,0.0091779065676547
2012-12-03,601288.XSHG,0.0115605719637219
2012-12-03,601328.XSHG,0.0238532835239019
2012-12-03,601333.XSHG,0.0023287000047909
2012-12-03,601390.XSHG,0.0082073862917182
2012-12-03,601398.XSHG,0.1755333781008576
2012-12-03,601668.XSHG,0.0166291224920187
2012-12-03,601808.XSHG,0.007521938030271
2012-12-03,601818.XSHG,0.0083965051272173
2012-12-03,601857.XSHG,0.2369809316012212
2012-12-03,601877.XSHG,0.0008015989820741
2012-12-03,601939.XSHG,0.0069297627940336
2012-12-03,601988.XSHG,0.0928006672355247
2012-12-03,601998.XSHG,0.0197624620186605
2013-01-04,000060.XSHE,0.00324665535249
2013-01-04,000100.XSHE,0.0029790659960229
2013-01-04,000402.XSHE,0.0035405607065532
2013-01-04,000690.XSHE,0.0013546166190047
2013-01-04,000709.XSHE,0.0023546557163898
2013-01-04,000768.XSHE,0.0032752588183087
2013-01-04,000825.XSHE,0.0035266288346972
2013-01-04,000900.XSHE,0.0008886172044374
2013-01-04,600004.XSHG,0.0013849186666462
2013-01-04,600009.XSHG,0.0023063449804136
2013-01-04,600016.XSHG,0.0306595796614005
2013-01-04,600018.XSHG,0.0093902663905106
2013-01-04,600019.XSHG,0.0144163089962063
2013-01-04,600028.XSHG,0.0829177102931666
2013-01-04,600066.XSHG,0.0027901867876163
2013-01-04,600098.XSHG,0.0026059413432306
2013-01-04,600219.XSHG,0.002256879897209
2013-01-04,600269.XSHG,0.0013625419155805
2013-01-04,600307.XSHG,0.0023730941649559
2013-01-04,600497.XSHG,0.0032646289909179
2013-01-04,600583.XSHG,0.0038636083349786
2013-01-04,600642.XSHG,0.0035310694143007
2013-01-04,600649.XSHG,0.0027847426233502
2013-01-04,600660.XSHG,0.0029052001495573
2013-01-04,600690.XSHG,0.0061292961499148
2013-01-04,600717.XSHG,0.0017234690562558
2013-01-04,600795.XSHG,0.0061951436932118
2013-01-04,600808.XSHG,0.0021925910133639
2013-01-04,600832.XSHG,0.0029971585585155
2013-01-04,600839.XSHG,0.0016153294511653
2013-01-04,600886.XSHG,0.0034789519345935
2013-01-04,600887.XSHG,0.0060344967339083
2013-01-04,600900.XSHG,0.0114549979976811
2013-01-04,601006.XSHG,0.0172462547133696
2013-01-04,601018.XSHG,0.0013306921779547
2013-01-04,601088.XSHG,0.0698325634695681
2013-01-04,601288.XSHG,0.0125698972739805
2013-01-04,601299.XSHG,0.0081800943254523
2013-01-04,601328.XSHG,0.0281521561591504
2013-01-04,601333.XSHG,0.0028938767470059
2013-01-04,601390.XSHG,0.0091056501002976
2013-01-04,601398.XSHG,0.1886565206902292
2013-01-04,601668.XSHG,0.0201563328417569
2013-01-04,601818.XSHG,0.0098876261911673
2013-01-04,601857.XSHG,0.2486415147186256
2013-01-04,601898.XSHG,0.0119040091446424
2013-01-04,601899.XSHG,0.0102418820942578
2013-01-04,601939.XSHG,0.0076696446637579
2013-01-04,601988.XSHG,0.0984435632678712
2013-01-04,601998.XSHG,0.0232872049743555
2013-02-01,000538.XSHE,0.008956678078966
2013-02-01,000539.XSHE,0.0021571633277351
2013-02-01,000651.XSHE,0.0150399214108382
2013-02-01,000667.XSHE,0.0009615157805893
2013-02-01,000709.XSHE,0.0023703323656697
2013-02-01,000726.XSHE,0.0006749338777714
2013-02-01,000807.XSHE,0.0014179437267592
2013-02-01,000825.XSHE,0.0036113316470534
2013-02-01,000895.XSHE,0.0072083613092213
2013-02-01,600005.XSHG,0.005095697268023
2013-02-01,600009.XSHG,0.0024813271147014
2013-02-01,600018.XSHG,0.010596898760799
2013-02-01,600019.XSHG,0.0146391897485771
2013-02-01,600028.XSHG,0.0842891143442437
2013-02-01,600029.XSHG,0.0049250771726366
2013-02-01,600122.XSHG,0.0008164102561653
2013-02-01,600177.XSHG,0.0028295848692436
2013-02-01,600219.XSHG,0.0023506639431982
2013-02-01,600221.XSHG,0.0024905127084993
2013-02-01,600269.XSHG,0.001448934612645
2013-02-01,600309.XSHG,0.0060903012161812
2013-02-01,600583.XSHG,0.0041716683843389
2013-02-01,600597.XSHG,0.001838288340791
2013-02-01,600642.XSHG,0.003617049234198
2013-02-01,600649.XSHG,0.0028488365764476
2013-02-01,600690.XSHG,0.0064887629923497
2013-02-01,600717.XSHG,0.001847536316605
2013-02-01,600795.XSHG,0.0066178310455013
2013-02-01,600808.XSHG,0.0021606461785886
2013-02-01,600832.XSHG,0.0031738206053367
2013-02-01,600839.XSHG,0.0016690665986389
2013-02-01,600863.XSHG,0.0007693536333246
2013-02-01,600881.XSHG,0.0017810096682015
2013-02-01,600886.XSHG,0.0035004859094507
2013-02-01,600900.XSHG,0.0127558048686875
2013-02-01,601006.XSHG,0.0182957054225321
2013-02-01,601018.XSHG,0.001371656450955
2013-02-01,601088.XSHG,0.0682040317539258
2013-02-01,601179.XSHG,0.0028290737259613
2013-02-01,601288.XSHG,0.0136478331804087
2013-02-01,601328.XSHG,0.0309126409218723
2013-02-01,601333.XSHG,0.0028438416943088
2013-02-01,601398.XSHG,0.1988014521106493
2013-02-01,601808.XSHG,0.0086327984684299
2013-02-01,601818.XSHG,0.0115222385405104
2013-02-01,601857.XSHG,0.2550591741970642
2013-02-01,601898.XSHG,0.0123704006428714
2013-02-01,601939.XSHG,0.0082351010997301
2013-02-01,601988.XSHG,0.1053549748649345
2013-02-01,601998.XSHG,0.0282270230338672
2013-03-01,000100.XSHE,0.0040497064818812
2013-03-01,000511.XSHE,0.0009876059739501
2013-03-01,000538.XSHE,0.0112791800719145
2013-03-01,000539.XSHE,0.0026336014329302
2013-03-01,000571.XSHE,0.0007890819000345
2013-03-01,000600.XSHE,0.0008314525928675
2013-03-01,000601.XSHE,0.0006981156663398
2013-03-01,000651.XSHE,0.0187027393428231
2013-03-01,000667.XSHE,0.0012052833718384
2013-03-01,000729.XSHE,0.0027621680404894
2013-03-01,000825.XSHE,0.0042938504785114
2013-03-01,002152.XSHE,0.0021005386631128
2013-03-01,002250.XSHE,0.0015455219085382
2013-03-01,002311.XSHE,0.002918918430446
2013-03-01,600005.XSHG,0.0062663501575793
2013-03-01,600009.XSHG,0.0030524908436078
2013-03-01,600019.XSHG,0.018077535304928
2013-03-01,600028.XSHG,0.1066335016461954
2013-03-01,600037.XSHG,0.0015897481524288
2013-03-01,600098.XSHG,0.0033872674502709
2013-03-01,600196.XSHG,0.0047854252101637
2013-03-01,600256.XSHG,0.0084580993210912
2013-03-01,600269.XSHG,0.0017506705855145
2013-03-01,600276.XSHG,0.0088252514398114
2013-03-01,600309.XSHG,0.0078626613448856
2013-03-01,600315.XSHG,0.0057031560789543
2013-03-01,600386.XSHG,0.0006496187671803
2013-03-01,600535.XSHG,0.006926728419301
2013-03-01,600572.XSHG,0.0017080876485274
2013-03-01,600600.XSHG,0.0051520580504484
2013-03-01,600642.XSHG,0.0046531599589824
2013-03-01,600664.XSHG,0.0015325748842208
2013-03-01,600674.XSHG,0.0037989403548844
2013-03-01,600688.XSHG,0.0009380611761614
2013-03-01,600717.XSHG,0.0022102859525623
2013-03-01,600795.XSHG,0.008162278335833
2013-03-01,600832.XSHG,0.0038418555049785
2013-03-01,600839.XSHG,0.0020150441552089
2013-03-01,600886.XSHG,0.0045567279563459
2013-03-01,600900.XSHG,0.0148173246807953
2013-03-01,600978.XSHG,0.0013493086992562
2013-03-01,601006.XSHG,0.0248003519053237
2013-03-01,601018.XSHG,0.0016519539423163
2013-03-01,601139.XSHG,0.004174552305598
2013-03-01,601179.XSHG,0.0033765028899795
2013-03-01,601398.XSHG,0.2314279217559642
2013-03-01,601618.XSHG,0.0073038591046576
2013-03-01,601857.XSHG,0.3073053954053534
2013-03-01,601933.XSHG,0.0030086122571324
2013-03-01,601988.XSHG,0.123448873997878
2013-04-01,000027.XSHE,0.0012106412495153
2013-04-01,000100.XSHE,0.0045597216987526
2013-04-01,000511.XSHE,0.0011106769299346
2013-04-01,000533.XSHE,0.0006340178612345
2013-04-01,000538.XSHE,0.0124372892164402
2013-04-01,000571.XSHE,0.0007683946576324
2013-04-01,000651.XSHE,0.018417940916158
2013-04-01,000726.XSHE,0.0009210647857018
2013-04-01,000729.XSHE,0.0028618098357415
2013-04-01,000778.XSHE,0.0024409070433889
2013-04-01,000825.XSHE,0.0040391132676555
2013-04-01,002311.XSHE,0.0027927692071724
2013-04-01,002316.XSHE,0.0006412821919323
2013-04-01,600005.XSHG,0.0058719014205662
2013-04-01,600009.XSHG,0.0030969886135154
2013-04-01,600018.XSHG,0.0123002075959799
2013-04-01,600019.XSHG,0.0174490310567464
2013-04-01,600021.XSHG,0.0020761150670492
2013-04-01,600028.XSHG,0.109742790036462
2013-04-01,600050.XSHG,0.0160660351354564
2013-04-01,600196.XSHG,0.0048720068262214
2013-04-01,600276.XSHG,0.0085064727211951
2013-04-01,600315.XSHG,0.006136583395259
2013-04-01,600398.XSHG,0.0005216706488347
2013-04-01,600535.XSHG,0.007660714519215
2013-04-01,600600.XSHG,0.0056189611015107
2013-04-01,600614.XSHG,0.0010794200196199
2013-04-01,600642.XSHG,0.0045580468273862
2013-04-01,600655.XSHG,0.0025450392369249
2013-04-01,600660.XSHG,0.0033886642880257
2013-04-01,600664.XSHG,0.0014961993579158
2013-04-01,600674.XSHG,0.0037903315487709
2013-04-01,600795.XSHG,0.008740082503308
2013-04-01,600804.XSHG,0.0022251462028802
2013-04-01,600820.XSHG,0.0014265355429239
2013-04-01,600832.XSHG,0.003734262645253
2013-04-01,600839.XSHG,0.0019770900727009
2013-04-01,600863.XSHG,0.0018353373714481
2013-04-01,600886.XSHG,0.0048367029153704
2013-04-01,600900.XSHG,0.0152291610512145
2013-04-01,601018.XSHG,0.0016086449110712
2013-04-01,601398.XSHG,0.2265718944323136
2013-04-01,601618.XSHG,0.0069988983427171
2013-04-01,601808.XSHG,0.0102946643552707
2013-04-01,601857.XSHG,0.2980067045894612
2013-04-01,601877.XSHG,0.0046302043795662
2013-04-01,601933.XSHG,0.0028152329711579
2013-04-01,601939.XSHG,0.0093287629705444
2013-04-01,601988.XSHG,0.1208008005968842
2013-04-01,601991.XSHG,0.0093270658679974
2013-05-02,000027.XSHE,0.0012584975098116
2013-05-02,000488.XSHE,0.0010015114738535
2013-05-02,000501.XSHE,0.001271131809308
2013-05-02,000538.XSHE,0.0135412874880746
2013-05-02,000571.XSHE,0.000765785632881
2013-05-02,000652.XSHE,0.0013081457698108
2013-05-02,000667.XSHE,0.0011668539982862
2013-05-02,000690.XSHE,0.0020237537176623
2013-05-02,000726.XSHE,0.001068558683983
2013-05-02,000759.XSHE,0.0009677815661006
2013-05-02,000778.XSHE,0.0025597089069596
2013-05-02,000825.XSHE,0.0041597835358589
2013-05-02,000910.XSHE,0.0006412640805649
2013-05-02,000998.XSHE,0.0019690857982998
2013-05-02,002170.XSHE,0.0006523096785799
2013-05-02,002242.XSHE,0.0012098284691809
2013-05-02,002251.XSHE,0.0012292046645905
2013-05-02,002311.XSHE,0.003309323426487
2013-05-02,600009.XSHG,0.0031744540369763
2013-05-02,600011.XSHG,0.0147195440435251
2013-05-02,600019.XSHG,0.0187176969383933
2013-05-02,600028.XSHG,0.1061136840641953
2013-05-02,600050.XSHG,0.0172107112235435
2013-05-02,600068.XSHG,0.0039469289995344
2013-05-02,600315.XSHG,0.0071857537844623
2013-05-02,600415.XSHG,0.003641892309362
2013-05-02,600535.XSHG,0.0093560360406171
2013-05-02,600572.XSHG,0.0019077512568218
2013-05-02,600578.XSHG,0.0013819251119648
2013-05-02,600600.XSHG,0.0058383392400006
2013-05-02,600614.XSHG,0.0011247253409695
2013-05-02,600642.XSHG,0.0048155352425974
2013-05-02,600660.XSHG,0.0036797021390546
2013-05-02,600664.XSHG,0.0015385956793953
2013-05-02,600674.XSHG,0.0041161552155601
2013-05-02,600795.XSHG,0.0090834474444673
2013-05-02,600818.XSHG,0.0006289920360783
2013-05-02,600832.XSHG,0.0037289862252868
2013-05-02,600839.XSHG,0.0022793282559443
2013-05-02,600886.XSHG,0.0049064603564561
2013-05-02,600900.XSHG,0.0157602459155606
2013-05-02,601018.XSHG,0.0017044733034807
2013-05-02,601398.XSHG,0.2426329096817629
2013-05-02,601618.XSHG,0.0074397837436065
2013-05-02,601857.XSHG,0.3088226376447388
2013-05-02,601877.XSHG,0.0046704387479058
2013-05-02,601933.XSHG,0.0029300755377073
2013-05-02,601939.XSHG,0.0102483696647623
2013-05-02,601988.XSHG,0.1268288782946986
2013-05-02,601991.XSHG,0.009761726270275
2013-06-03,000027.XSHE,0.0014230332087831
2013-06-03,000413.XSHE,0.0009145000025941
2013-06-03,000511.XSHE,0.0013114612286673
2013-06-03,000538.XSHE,0.0150018314078698
2013-06-03,000667.XSHE,0.0012939826880093
2013-06-03,000778.XSHE,0.0028311854568086
2013-06-03,000839.XSHE,0.0024463817657033
2013-06-03,000850.XSHE,0.001324367581967
2013-06-03,002051.XSHE,0.003577622935172
2013-06-03,002170.XSHE,0.0007325236350473
2013-06-03,002191.XSHE,0.0015083336499793
2013-06-03,002311.XSHE,0.0035029580651842
2013-06-03,002399.XSHE,0.0037131241293055
2013-06-03,600009.XSHG,0.0036319147113573
2013-06-03,600019.XSHG,0.0193495770830846
2013-06-03,600050.XSHG,0.0195161793514891
2013-06-03,600153.XSHG,0.0042901125537798
2013-06-03,600320.XSHG,0.0022851888508134
2013-06-03,600415.XSHG,0.0041874853103826
2013-06-03,600501.XSHG,0.0009279044251495
2013-06-03,600572.XSHG,0.0023247589682976
2013-06-03,600578.XSHG,0.0015236745396201
2013-06-03,600580.XSHG,0.0009590485926441
2013-06-03,600600.XSHG,0.0065994849821939
2013-06-03,600614.XSHG,0.0013278583186866
2013-06-03,600638.XSHG,0.0013526774975232
2013-06-03,600642.XSHG,0.0050471833491693
2013-06-03,600660.XSHG,0.0044025856646096
2013-06-03,600664.XSHG,0.001932040550332
2013-06-03,600674.XSHG,0.0054440238433917
2013-06-03,600755.XSHG,0.0014398443600839
2013-06-03,600790.XSHG,0.0009580985122287
2013-06-03,600795.XSHG,0.0091335847812131
2013-06-03,600820.XSHG,0.0016337850403502
2013-06-03,600827.XSHG,0.0026203490311311
2013-06-03,600832.XSHG,0.0047313199309385
2013-06-03,600839.XSHG,0.0024206193447072
2013-06-03,600886.XSHG,0.0059149767131557
2013-06-03,600895.XSHG,0.0025416805234794
2013-06-03,600900.XSHG,0.0181846303699017
2013-06-03,601179.XSHG,0.0040328687657655
2013-06-03,601398.XSHG,0.2702558180947605
2013-06-03,601618.XSHG,0.0080508667671016
2013-06-03,601668.XSHG,0.0277682035742407
2013-06-03,601808.XSHG,0.0119059748255518
2013-06-03,601857.XSHG,0.3364869640826276
2013-06-03,601933.XSHG,0.0031925273213629
2013-06-03,601939.XSHG,0.0112698104298958
2013-06-03,601988.XSHG,0.1413453379961069
2013-06-03,601991.XSHG,0.0114297351877799
2013-07-01,000027.XSHE,0.0010329311384276
2013-07-01,000501.XSHE,0.001190314405964
2013-07-01,000511.XSHE,0.0010627207543677
2013-07-01,000538.XSHE,0.0128343841248805
2013-07-01,000608.XSHE,0.0008098489983307
2013-07-01,000690.XSHE,0.0017199983931221
2013-07-01,000729.XSHE,0.0030284336286562
2013-07-01,000778.XSHE,0.0019726569798259
2013-07-01,600005.XSHG,0.0047292095643413
2013-07-01,600009.XSHG,0.0028625779684491
2013-07-01,600019.XSHG,0.0135314926909751
2013-07-01,600028.XSHG,0.0816857813387925
2013-07-01,600050.XSHG,0.013716607639473
2013-07-01,600079.XSHG,0.0025124938865858
2013-07-01,600085.XSHG,0.0061114735234604
2013-07-01,600132.XSHG,0.0015374506223571
2013-07-01,600276.XSHG,0.0077107253160767
2013-07-01,600309.XSHG,0.0074688649011592
2013-07-01,600436.XSHG,0.0042516343248654
2013-07-01,600519.XSHG,0.0423792215812766
2013-07-01,600578.XSHG,0.0011140950931471
2013-07-01,600600.XSHG,0.0056949860597275
2013-07-01,600638.XSHG,0.0011495405016182
2013-07-01,600642.XSHG,0.003710799621326
2013-07-01,600660.XSHG,0.0030257758003808
2013-07-01,600674.XSHG,0.0042689929772277
2013-07-01,600690.XSHG,0.0061569372665936
2013-07-01,600755.XSHG,0.001045745428622
2013-07-01,600795.XSHG,0.0076011325855809
2013-07-01,600820.XSHG,0.0014236259091185
2013-07-01,600839.XSHG,0.0017337386063553
2013-07-01,600865.XSHG,0.0004157966089427
2013-07-01,600886.XSHG,0.0048872870924188
2013-07-01,600900.XSHG,0.0134939495710437
2013-07-01,600966.XSHG,0.0004876988687793
2013-07-01,601006.XSHG,0.0181165339800137
2013-07-01,601009.XSHG,0.0051960736204985
2013-07-01,601179.XSHG,0.0029018615699745
2013-07-01,601288.XSHG,0.0133773450990241
2013-07-01,601328.XSHG,0.0278325416238704
2013-07-01,601398.XSHG,0.2225619161050298
2013-07-01,601668.XSHG,0.0205479605713355
2013-07-01,601808.XSHG,0.0086771097999838
2013-07-01,601818.XSHG,0.0115766619262614
2013-07-01,601857.XSHG,0.2609685072846793
2013-07-01,601888.XSHG,0.0056003067343667
2013-07-01,601933.XSHG,0.0025907882135605
2013-07-01,601939.XSHG,0.00866727425813
2013-07-01,601988.XSHG,0.1117381848987592
2013-07-01,601991.XSHG,0.0112880105422412
2013-08-01,000501.XSHE,0.0011175699386107
2013-08-01,000511.XSHE,0.0010414908485428
2013-08-01,000527.XSHE,0.009496553418044
2013-08-01,000538.XSHE,0.0150850335313541
2013-08-01,000550.XSHE,0.0016923079096804
2013-08-01,000651.XSHE,0.0159140793637107
2013-08-01,000729.XSHE,0.0030978140939949
2013-08-01,000963.XSHE,0.0025602615202404
2013-08-01,000998.XSHE,0.0018732673849311
2013-08-01,002250.XSHE,0.0016596245438166
2013-08-01,002262.XSHE,0.0014983572256111
2013-08-01,002275.XSHE,0.0017923930761483
2013-08-01,002393.XSHE,0.0012812653224764
2013-08-01,002566.XSHE,0.0003919093634731
2013-08-01,300122.XSHE,0.0008351873184494
2013-08-01,600009.XSHG,0.0028262599121115
2013-08-01,600019.XSHG,0.0136735632183344
2013-08-01,600050.XSHG,0.0139028458495302
2013-08-01,600079.XSHG,0.0027807640127656
2013-08-01,600085.XSHG,0.0062023549889217
2013-08-01,600132.XSHG,0.0015941272736572
2013-08-01,600436.XSHG,0.0041975543730686
2013-08-01,600519.XSHG,0.0365772346535688
2013-08-01,600561.XSHG,0.0004754644664033
2013-08-01,600578.XSHG,0.0011435004889122
2013-08-01,600600.XSHG,0.0059267138761983
2013-08-01,600642.XSHG,0.0037414322066939
2013-08-01,600655.XSHG,0.0020563502439324
2013-08-01,600660.XSHG,0.0029723787687157
2013-08-01,600674.XSHG,0.004358777559458
2013-08-01,600690.XSHG,0.0063822659671588
2013-08-01,600717.XSHG,0.001785031509623
2013-08-01,600795.XSHG,0.0072576498497605
2013-08-01,600839.XSHG,0.0018898107468396
2013-08-01,600865.XSHG,0.0004596202856094
2013-08-01,600900.XSHG,0.0140432207589325
2013-08-01,600998.XSHG,0.0013359047351968
2013-08-01,601006.XSHG,0.0186795032896145
2013-08-01,601179.XSHG,0.0032239059259001
2013-08-01,601288.XSHG,0.1444466976469131
2013-08-01,601390.XSHG,0.0096094520096078
2013-08-01,601398.XSHG,0.2106591331115897
2013-08-01,601607.XSHG,0.0045956903338479
2013-08-01,601808.XSHG,0.0093659121474711
2013-08-01,601857.XSHG,0.2675043521800057
2013-08-01,601877.XSHG,0.0044000226165245
2013-08-01,601888.XSHG,0.005566294659308
2013-08-01,601939.XSHG,0.0084948469784426
2013-08-01,601988.XSHG,0.1078059467869016
2013-08-01,601991.XSHG,0.0107283017093944
2013-09-02,000501.XSHE,0.0011775013105328
2013-09-02,000511.XSHE,0.0010175910680724
2013-09-02,000536.XSHE,0.0010584986713068
2013-09-02,000538.XSHE,0.0148638112109556
2013-09-02,000651.XSHE,0.0158682134909441
2013-09-02,000729.XSHE,0.003237443891997
2013-09-02,000895.XSHE,0.0093545622672105
2013-09-02,000900.XSHE,0.0010627216392487
2013-09-02,000963.XSHE,0.002387606750587
2013-09-02,000998.XSHE,0.0019992662497149
2013-09-02,002250.XSHE,0.0015824926417609
2013-09-02,600009.XSHG,0.0035134053169874
2013-09-02,600019.XSHG,0.0143103878805082
2013-09-02,600050.XSHG,0.0142160754574047
2013-09-02,600064.XSHG,0.0011728740872217
2013-09-02,600079.XSHG,0.0031074986309724
2013-09-02,600138.XSHG,0.0014716845768314
2013-09-02,600183.XSHG,0.0014306086831286
2013-09-02,600196.XSHG,0.004578387902185
2013-09-02,600201.XSHG,0.0013206713223887
2013-09-02,600210.XSHG,0.0009546916454632
2013-09-02,600315.XSHG,0.0072879879174394
2013-09-02,600320.XSHG,0.0018795081038912
2013-09-02,600415.XSHG,0.0032462614491258
2013-09-02,600436.XSHG,0.0039956806331497
2013-09-02,600578.XSHG,0.0012399561752278
2013-09-02,600600.XSHG,0.0059598270882936
2013-09-02,600622.XSHG,0.0007471755002761
2013-09-02,600642.XSHG,0.0043117028518683
2013-09-02,600653.XSHG,0.0009081751145441
2013-09-02,600660.XSHG,0.0031455230442025
2013-09-02,600674.XSHG,0.0047629326140731
2013-09-02,600690.XSHG,0.0070543141741025
2013-09-02,600741.XSHG,0.0048509822135965
2013-09-02,600820.XSHG,0.0016560101939317
2013-09-02,600824.XSHG,0.0008120425063407
2013-09-02,600839.XSHG,0.002035845056261
2013-09-02,600900.XSHG,0.013495113702316
2013-09-02,601006.XSHG,0.0212301749699672
2013-09-02,601009.XSHG,0.004956546393258
2013-09-02,601288.XSHG,0.1442559295351284
2013-09-02,601328.XSHG,0.0265946589611392
2013-09-02,601390.XSHG,0.0093317060026127
2013-09-02,601398.XSHG,0.2110064672719711
2013-09-02,601601.XSHG,0.0220102610084789
2013-09-02,601808.XSHG,0.0108169985139964
2013-09-02,601857.XSHG,0.2606566890189034
2013-09-02,601888.XSHG,0.006746394275442
2013-09-02,601939.XSHG,0.008394219082324
2013-09-02,601988.XSHG,0.1069249219327142
2013-10-08,000089.XSHE,0.0014392196345655
2013-10-08,000402.XSHE,0.0035123356411687
2013-10-08,000501.XSHE,0.0012640530203001
2013-10-08,000538.XSHE,0.0167902334986489
2013-10-08,000543.XSHE,0.0011029215716886
2013-10-08,000587.XSHE,0.0009155216554694
2013-10-08,000667.XSHE,0.0010259672684787
2013-10-08,000729.XSHE,0.0033982818106067
2013-10-08,000759.XSHE,0.000894683134197
2013-10-08,000887.XSHE,0.0017177933235839
2013-10-08,000895.XSHE,0.0115762730349435
2013-10-08,000963.XSHE,0.002558145469903
2013-10-08,000989.XSHE,0.0008640784669759
2013-10-08,001696.XSHE,0.0009282684215162
2013-10-08,002242.XSHE,0.0012564020788332
2013-10-08,002393.XSHE,0.0013355428806752
2013-10-08,600005.XSHG,0.005052150343713
2013-10-08,600019.XSHG,0.0145047528744485
2013-10-08,600021.XSHG,0.0019286613642333
2013-10-08,600050.XSHG,0.0158920063049886
2013-10-08,600085.XSHG,0.0060489028361457
2013-10-08,600183.XSHG,0.0015735773321934
2013-10-08,600201.XSHG,0.001330887145033
2013-10-08,600216.XSHG,0.0024075035324603
2013-10-08,600323.XSHG,0.0008045949959386
2013-10-08,600436.XSHG,0.0040590520918572
2013-10-08,600572.XSHG,0.0019784072501807
2013-10-08,600578.XSHG,0.0012622486747627
2013-10-08,600589.XSHG,0.0007860636362801
2013-10-08,600600.XSHG,0.0061642432220708
2013-10-08,600616.XSHG,0.000892834335735
2013-10-08,600674.XSHG,0.0046634785155175
2013-10-08,600682.XSHG,0.000816436618281
2013-10-08,600690.XSHG,0.0077322233507889
2013-10-08,600741.XSHG,0.0050537570540068
2013-10-08,600839.XSHG,0.0020393216032064
2013-10-08,600900.XSHG,0.0136221061380133
2013-10-08,600998.XSHG,0.0015480868925314
2013-10-08,601006.XSHG,0.0220455459527535
2013-10-08,601009.XSHG,0.0051486372815006
2013-10-08,601186.XSHG,0.0103387193346539
2013-10-08,601288.XSHG,0.1481315119608867
2013-10-08,601390.XSHG,0.0094260547619385
2013-10-08,601398.XSHG,0.212008628174332
2013-10-08,601668.XSHG,0.0202742281968663
2013-10-08,601808.XSHG,0.0110132778896331
2013-10-08,601818.XSHG,0.0240174348515385
2013-10-08,601857.XSHG,0.2650112925454318
2013-10-08,601939.XSHG,0.0085476533898727
2013-10-08,601988.XSHG,0.1132959986366492
2013-11-01,000027.XSHE,0.0008872002042848
2013-11-01,000301.XSHE,0.0006699950153969
2013-11-01,000402.XSHE,0.0025519143847441
2013-11-01,000423.XSHE,0.0046859170145888
2013-11-01,000539.XSHE,0.0016136992493175
2013-11-01,000543.XSHE,0.0008963899786488
2013-11-01,000550.XSHE,0.0015782674131124
2013-11-01,000685.XSHE,0.0011964309123906
2013-11-01,000726.XSHE,0.0007874427006133
2013-11-01,000728.XSHE,0.002955499185483
2013-11-01,000783.XSHE,0.0038166410360638
2013-11-01,000887.XSHE,0.0012942424387725
2013-11-01,002470.XSHE,0.0017077639054704
2013-11-01,600015.XSHG,0.0082661364954981
2013-11-01,600019.XSHG,0.0108388909954844
2013-11-01,600028.XSHG,0.0665231097536319
2013-11-01,600068.XSHG,0.0023960965363039
2013-11-01,600132.XSHG,0.0014409098769196
2013-11-01,600183.XSHG,0.0012152155254243
2013-11-01,600409.XSHG,0.001314161729578
2013-11-01,600426.XSHG,0.0010135580962239
2013-11-01,600578.XSHG,0.0010099272925071
2013-11-01,600600.XSHG,0.00518428539357
2013-11-01,600674.XSHG,0.0037877266461998
2013-11-01,600742.XSHG,0.000577224002898
2013-11-01,600795.XSHG,0.0063811551588223
2013-11-01,600900.XSHG,0.0102955773051164
2013-11-01,601006.XSHG,0.0179351268592348
2013-11-01,601009.XSHG,0.0040700988375984
2013-11-01,601088.XSHG,0.0436723687827523
2013-11-01,601099.XSHG,0.0013575179659828
2013-11-01,601139.XSHG,0.0025956215157062
2013-11-01,601169.XSHG,0.009690383195242
2013-11-01,601186.XSHG,0.0083033564946632
2013-11-01,601288.XSHG,0.117325903638404
2013-11-01,601318.XSHG,0.0289948624194564
2013-11-01,601328.XSHG,0.0222620949474243
2013-11-01,601336.XSHG,0.004061285735476
2013-11-01,601390.XSHG,0.007722181546722
2013-11-01,601398.XSHG,0.1633631141125444
2013-11-01,601601.XSHG,0.0173923083978131
2013-11-01,601628.XSHG,0.0476901075563114
2013-11-01,601668.XSHG,0.0159850820485064
2013-11-01,601669.XSHG,0.0015789142228433
2013-11-01,601800.XSHG,0.000909935341416
2013-11-01,601818.XSHG,0.0187816301574302
2013-11-01,601857.XSHG,0.2047576060877149
2013-11-01,601939.XSHG,0.0066842635644436
2013-11-01,601988.XSHG,0.0892435859078084
2013-11-01,601998.XSHG,0.0207372724174392
2013-12-02,000027.XSHE,0.0008498754660589
2013-12-02,000338.XSHE,0.003056133974837
2013-12-02,000423.XSHE,0.0042247184944757
2013-12-02,000539.XSHE,0.0015419636619081
2013-12-02,000543.XSHE,0.0008580856662241
2013-12-02,000685.XSHE,0.0012221759281162
2013-12-02,000726.XSHE,0.0007906137528323
2013-12-02,000786.XSHE,0.0015505035434291
2013-12-02,000887.XSHE,0.0013138924744944
2013-12-02,002393.XSHE,0.0010222938384699
2013-12-02,600011.XSHG,0.0086045489700044
2013-12-02,600015.XSHG,0.0084690967725144
2013-12-02,600019.XSHG,0.010751184239617
2013-12-02,600028.XSHG,0.0707231489936347
2013-12-02,600064.XSHG,0.0009355855008283
2013-12-02,600104.XSHG,0.0215109067917814
2013-12-02,600120.XSHG,0.0010720611977905
2013-12-02,600132.XSHG,0.0014121286473175
2013-12-02,600201.XSHG,0.001061859658485
2013-12-02,600309.XSHG,0.0067249487320242
2013-12-02,600426.XSHG,0.0010216233317046
2013-12-02,600529.XSHG,0.0003918515771433
2013-12-02,600585.XSHG,0.0110750139021488
2013-12-02,600673.XSHG,0.0010814990981034
2013-12-02,600674.XSHG,0.0035888279986308
2013-12-02,600742.XSHG,0.0005856996981425
2013-12-02,600795.XSHG,0.0061579393932991
2013-12-02,600886.XSHG,0.0043451075297796
2013-12-02,600900.XSHG,0.0100631316873109
2013-12-02,601006.XSHG,0.0183239672340358
2013-12-02,601009.XSHG,0.0038986923246977
2013-12-02,601088.XSHG,0.0436943397652307
2013-12-02,601099.XSHG,0.0015228732963887
2013-12-02,601169.XSHG,0.0092224751334681
2013-12-02,601179.XSHG,0.002289930942941
2013-12-02,601186.XSHG,0.0081371322608605
2013-12-02,601288.XSHG,0.1176290871462285
2013-12-02,601318.XSHG,0.03182739088098
2013-12-02,601390.XSHG,0.0075004968265761
2013-12-02,601398.XSHG,0.1582644114561157
2013-12-02,601628.XSHG,0.0528491686261375
2013-12-02,601668.XSHG,0.0153198425794894
2013-12-02,601669.XSHG,0.0015224330814619
2013-12-02,601718.XSHG,0.0016623771558362
2013-12-02,601800.XSHG,0.000895627753685
2013-12-02,601818.XSHG,0.017929011777477
2013-12-02,601857.XSHG,0.2076092526877944
2013-12-02,601939.XSHG,0.0066634225774744
2013-12-02,601988.XSHG,0.0870005496610548
2013-12-02,601998.XSHG,0.0202310963109584
2014-01-02,000027.XSHE,0.0010123850194933
2014-01-02,000028.XSHE,0.0020785201964254
2014-01-02,000402.XSHE,0.0030138538552145
2014-01-02,000541.XSHE,0.0008595143250385
2014-01-02,000667.XSHE,0.0009095422372968
2014-01-02,000709.XSHE,0.0019657539956184
2014-01-02,000725.XSHE,0.0049878454553226
2014-01-02,000786.XSHE,0.0019358410237395
2014-01-02,000926.XSHE,0.0007273379673326
2014-01-02,002083.XSHE,0.0006907695674987
2014-01-02,002142.XSHE,0.0050626785170714
2014-01-02,002500.XSHE,0.0032117559093507
2014-01-02,600004.XSHG,0.00154131554689
2014-01-02,600015.XSHG,0.0103992547453609
2014-01-02,600019.XSHG,0.0128515258566155
2014-01-02,600028.XSHG,0.07842562733471
2014-01-02,600029.XSHG,0.0037025243174105
2014-01-02,600050.XSHG,0.0132221750057131
2014-01-02,600062.XSHG,0.002496318093472
2014-01-02,600068.XSHG,0.0026536251695399
2014-01-02,600153.XSHG,0.0030380945309583
2014-01-02,600201.XSHG,0.0013997241208132
2014-01-02,600219.XSHG,0.0019162230374049
2014-01-02,600221.XSHG,0.0045395533341144
2014-01-02,600309.XSHG,0.0084939190658115
2014-01-02,600409.XSHG,0.0014929959456638
2014-01-02,600660.XSHG,0.0031680799707034
2014-01-02,600668.XSHG,0.0006485430583535
2014-01-02,600673.XSHG,0.0015282855344702
2014-01-02,600674.XSHG,0.0044713821293889
2014-01-02,600795.XSHG,0.0069571493878196
2014-01-02,600820.XSHG,0.0015224002080942
2014-01-02,600900.XSHG,0.0118200058439626
2014-01-02,600995.XSHG,0.0004657691157685
2014-01-02,600998.XSHG,0.0041040431297218
2014-01-02,601006.XSHG,0.0213898515964382
2014-01-02,601009.XSHG,0.0046098916968644
2014-01-02,601088.XSHG,0.0497784325870534
2014-01-02,601099.XSHG,0.0019129484631826
2014-01-02,601111.XSHG,0.0063216989060488
2014-01-02,601139.XSHG,0.0028689825247174
2014-01-02,601288.XSHG,0.1355500054591117
2014-01-02,601398.XSHG,0.1829356290501774
2014-01-02,601668.XSHG,0.0180455352094455
2014-01-02,601669.XSHG,0.0017804425138509
2014-01-02,601800.XSHG,0.001047873718227
2014-01-02,601818.XSHG,0.0203176245518256
2014-01-02,601857.XSHG,0.2398477674656465
2014-01-02,601939.XSHG,0.0076148312712465
2014-01-02,601988.XSHG,0.0986641524339983
2014-02-07,000100.XSHE,0.0042647359869292
2014-02-07,000402.XSHE,0.0030014935766338
2014-02-07,000725.XSHE,0.0050398258995103
2014-02-07,000809.XSHE,0.0008235440132421
2014-02-07,000823.XSHE,0.0008695944061392
2014-02-07,000926.XSHE,0.0007576764285736
2014-02-07,000975.XSHE,0.0010395016599849
2014-02-07,000982.XSHE,0.0012376335028771
2014-02-07,002083.XSHE,0.0006922038002695
2014-02-07,002138.XSHE,0.0012028503021597
2014-02-07,002142.XSHE,0.0051222470430499
2014-02-07,002176.XSHE,0.0009757170237964
2014-02-07,002316.XSHE,0.0007021002539747
2014-02-07,600011.XSHG,0.0101673685745954
2014-02-07,600019.XSHG,0.0125415299895427
2014-02-07,600027.XSHG,0.0035438469842759
2014-02-07,600028.XSHG,0.0817652271441033
2014-02-07,600029.XSHG,0.0037104706682593
2014-02-07,600050.XSHG,0.01290271156884
2014-02-07,600066.XSHG,0.004423723364379
2014-02-07,600068.XSHG,0.0026903734101049
2014-02-07,600166.XSHG,0.0026208617489306
2014-02-07,600201.XSHG,0.0016343343895283
2014-02-07,600221.XSHG,0.0043900529330328
2014-02-07,600351.XSHG,0.0009142645842769
2014-02-07,600409.XSHG,0.0014692298040276
2014-02-07,600535.XSHG,0.0090716554773586
2014-02-07,600642.XSHG,0.0038957200292671
2014-02-07,600673.XSHG,0.0015782317778752
2014-02-07,600674.XSHG,0.0044278941973643
2014-02-07,600776.XSHG,0.0012790996520781
2014-02-07,600795.XSHG,0.0071134664779908
2014-02-07,600820.XSHG,0.0015160600527778
2014-02-07,600886.XSHG,0.0057258091727014
2014-02-07,600900.XSHG,0.0117475493934319
2014-02-07,600998.XSHG,0.0052195373534092
2014-02-07,601006.XSHG,0.0218028034936588
2014-02-07,601009.XSHG,0.0047119399451073
2014-02-07,601111.XSHG,0.0062582202117582
2014-02-07,601169.XSHG,0.0106743423742466
2014-02-07,601288.XSHG,0.1352972327258728
2014-02-07,601328.XSHG,0.0247731684268481
2014-02-07,601398.XSHG,0.1807307997079917
2014-02-07,601668.XSHG,0.0179322423577685
2014-02-07,601800.XSHG,0.0010385314447149
2014-02-07,601818.XSHG,0.0198344430615816
2014-02-07,601857.XSHG,0.2442970570237614
2014-02-07,601899.XSHG,0.0070800890219517
2014-02-07,601939.XSHG,0.0075744132329286
2014-02-07,601988.XSHG,0.0979165743265162
2014-03-03,000027.XSHE,0.0010585547705663
2014-03-03,000100.XSHE,0.0043658973910608
2014-03-03,000690.XSHE,0.0017556594949035
2014-03-03,000725.XSHE,0.0053519542726937
2014-03-03,000975.XSHE,0.0010398281408249
2014-03-03,000982.XSHE,0.0012718155320206
2014-03-03,002138.XSHE,0.0010818106977804
2014-03-03,002142.XSHE,0.0049519890219608
2014-03-03,002316.XSHE,0.0007107569660784
2014-03-03,002341.XSHE,0.0006415405651406
2014-03-03,600004.XSHG,0.0015911473290406
2014-03-03,600011.XSHG,0.0100311462048216
2014-03-03,600015.XSHG,0.0101078844170916
2014-03-03,600027.XSHG,0.0034639323570319
2014-03-03,600028.XSHG,0.0949260723771754
2014-03-03,600029.XSHG,0.0035382516203565
2014-03-03,600036.XSHG,0.0392557099156804
2014-03-03,600050.XSHG,0.0133905394265842
2014-03-03,600068.XSHG,0.0026491680992465
2014-03-03,600176.XSHG,0.0009615523872526
2014-03-03,600183.XSHG,0.0014790956975593
2014-03-03,600201.XSHG,0.0015225874512647
2014-03-03,600221.XSHG,0.0043490433969702
2014-03-03,600312.XSHG,0.002245622472474
2014-03-03,600535.XSHG,0.0087604225339496
2014-03-03,600642.XSHG,0.0040488616442469
2014-03-03,600660.XSHG,0.0030702151568145
2014-03-03,600664.XSHG,0.0012268113764043
2014-03-03,600673.XSHG,0.0017200099872399
2014-03-03,600674.XSHG,0.004255129422677
2014-03-03,600747.XSHG,0.0009528663002248
2014-03-03,600795.XSHG,0.0071598975297931
2014-03-03,600820.XSHG,0.0016237159541923
2014-03-03,600886.XSHG,0.0054572994923852
2014-03-03,600900.XSHG,0.0112371222869264
2014-03-03,600993.XSHG,0.0011823388531276
2014-03-03,601006.XSHG,0.0196767014435825
2014-03-03,601009.XSHG,0.0045738497703227
2014-03-03,601111.XSHG,0.0059881857057041
2014-03-03,601158.XSHG,0.0052832834951851
2014-03-03,601179.XSHG,0.0032252639686088
2014-03-03,601288.XSHG,0.1283035287235762
2014-03-03,601328.XSHG,0.0238325307487706
2014-03-03,601336.XSHG,0.0045597807840165
2014-03-03,601398.XSHG,0.1707416990278023
2014-03-03,601818.XSHG,0.0188234952058508
2014-03-03,601857.XSHG,0.243176785124249
2014-03-03,601899.XSHG,0.0074112477790607
2014-03-03,601939.XSHG,0.0071388750552548
2014-03-03,601988.XSHG,0.094828522624453
2014-04-01,000027.XSHE,0.0010428767377908
2014-04-01,000402.XSHE,0.0029765935477569
2014-04-01,000539.XSHE,0.0020121036377075
2014-04-01,000543.XSHE,0.0013307882528756
2014-04-01,000667.XSHE,0.000887367875376
2014-04-01,000725.XSHE,0.0050312171737469
2014-04-01,000887.XSHE,0.0017361178272805
2014-04-01,000926.XSHE,0.0007141680731505
2014-04-01,000975.XSHE,0.0009834854595034
2014-04-01,002142.XSHE,0.0049273501454338
2014-04-01,600000.XSHG,0.0279655193917636
2014-04-01,600011.XSHG,0.0103340508853826
2014-04-01,600015.XSHG,0.0104836432470236
2014-04-01,600019.XSHG,0.0124361383400298
2014-04-01,600027.XSHG,0.0035334297995593
2014-04-01,600029.XSHG,0.0034084895084257
2014-04-01,600036.XSHG,0.039254942634471
2014-04-01,600050.XSHG,0.0124924595953135
2014-04-01,600068.XSHG,0.0026061609297302
2014-04-01,600176.XSHG,0.000949520584246
2014-04-01,600183.XSHG,0.0015429144785449
2014-04-01,600201.XSHG,0.0015095254076276
2014-04-01,600219.XSHG,0.0018365457843822
2014-04-01,600221.XSHG,0.0041632959540399
2014-04-01,600300.XSHG,0.0014265940088713
2014-04-01,600409.XSHG,0.0015597159889089
2014-04-01,600642.XSHG,0.0038751505086313
2014-04-01,600660.XSHG,0.0031711019144517
2014-04-01,600674.XSHG,0.0044681142594978
2014-04-01,600795.XSHG,0.0069976728424274
2014-04-01,600875.XSHG,0.0040410317651027
2014-04-01,600881.XSHG,0.0013794310570061
2014-04-01,600886.XSHG,0.0059991321875232
2014-04-01,600900.XSHG,0.0108307868492099
2014-04-01,601006.XSHG,0.0191845867946056
2014-04-01,601009.XSHG,0.0044487747674838
2014-04-01,601018.XSHG,0.0057688098428661
2014-04-01,601288.XSHG,0.1324476022108592
2014-04-01,601318.XSHG,0.0347545452949939
2014-04-01,601328.XSHG,0.0238133322525597
2014-04-01,601390.XSHG,0.0083947239521428
2014-04-01,601398.XSHG,0.1758175451484719
2014-04-01,601618.XSHG,0.0053483003537492
2014-04-01,601668.XSHG,0.0166743754405054
2014-04-01,601727.XSHG,0.0074562538648264
2014-04-01,601818.XSHG,0.0190155187117542
2014-04-01,601857.XSHG,0.2370173056841422
2014-04-01,601899.XSHG,0.0068790815972447
2014-04-01,601939.XSHG,0.007427978948225
2014-04-01,601988.XSHG,0.0976438284827755
2014-05-05,000027.XSHE,0.0010333363531586
2014-05-05,000543.XSHE,0.0012635548152911
2014-05-05,000728.XSHE,0.0035994803646885
2014-05-05,000887.XSHE,0.0017687947347446
2014-05-05,002050.XSHE,0.0014398215556826
2014-05-05,002142.XSHE,0.0049174070268558
2014-05-05,002250.XSHE,0.0013058565442856
2014-05-05,600000.XSHG,0.0276891580955638
2014-05-05,600009.XSHG,0.0027601102665738
2014-05-05,600011.XSHG,0.0106814865319008
2014-05-05,600015.XSHG,0.0103817437141326
2014-05-05,600017.XSHG,0.0012929474963176
2014-05-05,600019.XSHG,0.0122692207238672
2014-05-05,600027.XSHG,0.0035061214501161
2014-05-05,600036.XSHG,0.0390629044638185
2014-05-05,600050.XSHG,0.0125985877615516
2014-05-05,600068.XSHG,0.0025511821826403
2014-05-05,600104.XSHG,0.0255302414984222
2014-05-05,600176.XSHG,0.0009135248943547
2014-05-05,600208.XSHG,0.0035403127113372
2014-05-05,600219.XSHG,0.0017944218402911
2014-05-05,600221.XSHG,0.0038703958582056
2014-05-05,600251.XSHG,0.0010119516894571
2014-05-05,600660.XSHG,0.0032166714285957
2014-05-05,600664.XSHG,0.0012562163882952
2014-05-05,600674.XSHG,0.0045921121520807
2014-05-05,600694.XSHG,0.0015762297356644
2014-05-05,600790.XSHG,0.0007897861823321
2014-05-05,600795.XSHG,0.0066574549037858
2014-05-05,600863.XSHG,0.001243484464025
2014-05-05,600886.XSHG,0.0062181553364239
2014-05-05,600900.XSHG,0.0106013469694335
2014-05-05,601006.XSHG,0.0187772470375384
2014-05-05,601009.XSHG,0.0044229122142168
2014-05-05,601018.XSHG,0.0059010117141459
2014-05-05,601288.XSHG,0.1293800694637384
2014-05-05,601318.XSHG,0.0357434996693506
2014-05-05,601328.XSHG,0.0231176149527183
2014-05-05,601390.XSHG,0.008466040305682
2014-05-05,601398.XSHG,0.1723891655818076
2014-05-05,601618.XSHG,0.0051043960880335
2014-05-05,601668.XSHG,0.0168907436966418
2014-05-05,601678.XSHG,0.0008964676176532
2014-05-05,601788.XSHG,0.0052872424869666
2014-05-05,601818.XSHG,0.0184290740112146
2014-05-05,601857.XSHG,0.2316579166332824
2014-05-05,601880.XSHG,0.0017171745965353
2014-05-05,601899.XSHG,0.0067137880921913
2014-05-05,601939.XSHG,0.007219089919308
2014-05-05,601988.XSHG,0.0969525257850795
2014-06-03,000027.XSHE,0.0008800434678993
2014-06-03,000543.XSHE,0.0010971572256556
2014-06-03,000651.XSHE,0.0153040911934897
2014-06-03,000725.XSHE,0.0040673436578448
2014-06-03,000887.XSHE,0.001605066805784
2014-06-03,002050.XSHE,0.0012453902788081
2014-06-03,002142.XSHE,0.0042822130563476
2014-06-03,002250.XSHE,0.0012141432256306
2014-06-03,002500.XSHE,0.0026198818420439
2014-06-03,600009.XSHG,0.0023839027832528
2014-06-03,600011.XSHG,0.0096767315787003
2014-06-03,600015.XSHG,0.0087863586185215
2014-06-03,600019.XSHG,0.0106914553788569
2014-06-03,600027.XSHG,0.0031271055832023
2014-06-03,600028.XSHG,0.075983796494086
2014-06-03,600036.XSHG,0.0346840641129702
2014-06-03,600050.XSHG,0.0110626305666195
2014-06-03,600068.XSHG,0.0021945186684995
2014-06-03,600208.XSHG,0.0030282142388724
2014-06-03,600219.XSHG,0.0015493208975984
2014-06-03,600251.XSHG,0.0009449107897837
2014-06-03,600276.XSHG,0.0081376526665935
2014-06-03,600489.XSHG,0.0037138347796464
2014-06-03,600642.XSHG,0.00325535984229
2014-06-03,600660.XSHG,0.0026729728210791
2014-06-03,600664.XSHG,0.0010699643134125
2014-06-03,600674.XSHG,0.0040016398709587
2014-06-03,600694.XSHG,0.0012903821919094
2014-06-03,600795.XSHG,0.0057972399756286
2014-06-03,600863.XSHG,0.001054817034295
2014-06-03,600886.XSHG,0.0057383958914654
2014-06-03,600900.XSHG,0.009883195058626
2014-06-03,601006.XSHG,0.0164511873981706
2014-06-03,601009.XSHG,0.0038786635166429
2014-06-03,601137.XSHG,0.0005855504403916
2014-06-03,601169.XSHG,0.009676550260963
2014-06-03,601288.XSHG,0.1178005330800571
2014-06-03,601318.XSHG,0.0315419307357411
2014-06-03,601328.XSHG,0.0206361681403159
2014-06-03,601390.XSHG,0.0072268826773716
2014-06-03,601398.XSHG,0.1564483342263342
2014-06-03,601618.XSHG,0.0046399209473335
2014-06-03,601628.XSHG,0.0482178190619697
2014-06-03,601668.XSHG,0.0148902956482959
2014-06-03,601788.XSHG,0.0045387190822567
2014-06-03,601818.XSHG,0.0163062079548386
2014-06-03,601857.XSHG,0.2040496257159231
2014-06-03,601899.XSHG,0.0057162463417557
2014-06-03,601939.XSHG,0.0064171831452265
2014-06-03,601988.XSHG,0.0879343867160384
2014-07-01,000001.XSHE,0.0099787703681502
2014-07-01,000002.XSHE,0.0118495725240296
2014-07-01,000027.XSHE,0.0008088418500131
2014-07-01,000778.XSHE,0.0020327444897309
2014-07-01,000858.XSHE,0.0097653089777816
2014-07-01,000887.XSHE,0.0016293353610412
2014-07-01,002050.XSHE,0.0012875949063586
2014-07-01,002142.XSHE,0.0039753345775157
2014-07-01,600000.XSHG,0.0204495205283998
2014-07-01,600011.XSHG,0.0089254658719991
2014-07-01,600015.XSHG,0.0080269112120392
2014-07-01,600016.XSHG,0.0254602715527269
2014-07-01,600019.XSHG,0.0101356534088352
2014-07-01,600027.XSHG,0.0027214990214213
2014-07-01,600028.XSHG,0.0704143374354192
2014-07-01,600036.XSHG,0.0319196351610828
2014-07-01,600050.XSHG,0.0104838104990621
2014-07-01,600079.XSHG,0.0020807147743621
2014-07-01,600104.XSHG,0.0215423807426638
2014-07-01,600219.XSHG,0.0014744519438563
2014-07-01,600276.XSHG,0.007547503786396
2014-07-01,600642.XSHG,0.0029605993789513
2014-07-01,600660.XSHG,0.002529704191138
2014-07-01,600664.XSHG,0.0009814653498288
2014-07-01,600674.XSHG,0.0036659654534954
2014-07-01,600694.XSHG,0.0011306406449633
2014-07-01,600795.XSHG,0.0050296973940313
2014-07-01,600863.XSHG,0.0010005952504648
2014-07-01,600886.XSHG,0.0052654803172841
2014-07-01,600900.XSHG,0.0090952416536028
2014-07-01,601006.XSHG,0.0142564628719694
2014-07-01,601009.XSHG,0.0035790191810109
2014-07-01,601088.XSHG,0.036192674981838
2014-07-01,601106.XSHG,0.0019085674128331
2014-07-01,601169.XSHG,0.0091443554339517
2014-07-01,601288.XSHG,0.1087412042240001
2014-07-01,601299.XSHG,0.0069688031544861
2014-07-01,601328.XSHG,0.0191957453420934
2014-07-01,601390.XSHG,0.0066959297068288
2014-07-01,601398.XSHG,0.1356790127010015
2014-07-01,601601.XSHG,0.0166595059266589
2014-07-01,601628.XSHG,0.0428979698437699
2014-07-01,601668.XSHG,0.0126882807752038
2014-07-01,601788.XSHG,0.004104855181544
2014-07-01,601800.XSHG,0.000765570504775
2014-07-01,601818.XSHG,0.0153547078964794
2014-07-01,601857.XSHG,0.1839294551080252
2014-07-01,601899.XSHG,0.0052827392884149
2014-07-01,601939.XSHG,0.0059929346964358
2014-07-01,601988.XSHG,0.0757931571420331
2014-08-01,000338.XSHE,0.0028648767152894
2014-08-01,000539.XSHE,0.0014661415236452
2014-08-01,000651.XSHE,0.0130726277337105
2014-08-01,000709.XSHE,0.0014587828459383
2014-08-01,000898.XSHE,0.0030531958163962
2014-08-01,002142.XSHE,0.0041166414436394
2014-08-01,600000.XSHG,0.0210843397084488
2014-08-01,600005.XSHG,0.0031416139838144
2014-08-01,600009.XSHG,0.0021464937922275
2014-08-01,600015.XSHG,0.0082366384716098
2014-08-01,600016.XSHG,0.0257805427385679
2014-08-01,600019.XSHG,0.0104854103857682
2014-08-01,600028.XSHG,0.0683182478189502
2014-08-01,600036.XSHG,0.0329093371341785
2014-08-01,600050.XSHG,0.0106477081689811
2014-08-01,600068.XSHG,0.0020295310272009
2014-08-01,600085.XSHG,0.0037239843376188
2014-08-01,600104.XSHG,0.0217553890987181
2014-08-01,600409.XSHG,0.0011650671619795
2014-08-01,600600.XSHG,0.0042161041535785
2014-08-01,600642.XSHG,0.0028665247779988
2014-08-01,600655.XSHG,0.0016021579363864
2014-08-01,600664.XSHG,0.0009927285298412
2014-08-01,600674.XSHG,0.0037060981564453
2014-08-01,600694.XSHG,0.0011471864470941
2014-08-01,600795.XSHG,0.0052150589072033
2014-08-01,600863.XSHG,0.0010162457521441
2014-08-01,600900.XSHG,0.0096785088001287
2014-08-01,601006.XSHG,0.0153880584229864
2014-08-01,601009.XSHG,0.0036188705729292
2014-08-01,601088.XSHG,0.0374568687400857
2014-08-01,601106.XSHG,0.0020443685989721
2014-08-01,601169.XSHG,0.0094508845366144
2014-08-01,601179.XSHG,0.0024346436208324
2014-08-01,601186.XSHG,0.0073975848508853
2014-08-01,601288.XSHG,0.1036643461931374
2014-08-01,601318.XSHG,0.0302936174148351
2014-08-01,601333.XSHG,0.0022092489746001
2014-08-01,601390.XSHG,0.0070767264782401
2014-08-01,601398.XSHG,0.1375189919625132
2014-08-01,601601.XSHG,0.017910527001716
2014-08-01,601618.XSHG,0.0042784967267746
2014-08-01,601628.XSHG,0.0454284730532572
2014-08-01,601668.XSHG,0.0136132640850748
2014-08-01,601688.XSHG,0.0068421250596101
2014-08-01,601800.XSHG,0.0007698487380594
2014-08-01,601818.XSHG,0.0153298628820313
2014-08-01,601857.XSHG,0.1868206693795475
2014-08-01,601939.XSHG,0.0057635868993674
2014-08-01,601988.XSHG,0.0767917524404246
2014-09-01,000063.XSHE,0.007078428530341
2014-09-01,000417.XSHE,0.0008635993954962
2014-09-01,000623.XSHE,0.0023308726894339
2014-09-01,000725.XSHE,0.0046779810140497
2014-09-01,000826.XSHE,0.0035384562051875
2014-09-01,000887.XSHE,0.002241771739185
2014-09-01,002011.XSHE,0.0012956134079299
2014-09-01,002267.XSHE,0.0018367441100558
2014-09-01,002294.XSHE,0.0015839014884037
2014-09-01,002399.XSHE,0.0031221571247258
2014-09-01,600000.XSHG,0.0252536848308609
2014-09-01,600005.XSHG,0.0038879123821191
2014-09-01,600008.XSHG,0.0026834139507213
2014-09-01,600009.XSHG,0.0026830992487494
2014-09-01,600011.XSHG,0.0113467324351672
2014-09-01,600021.XSHG,0.0017780978716918
2014-09-01,600028.XSHG,0.0903415454839818
2014-09-01,600068.XSHG,0.0025808697956079
2014-09-01,600073.XSHG,0.0012077386751421
2014-09-01,600086.XSHG,0.0012545183106324
2014-09-01,600125.XSHG,0.0012711174656624
2014-09-01,600138.XSHG,0.0017064972010443
2014-09-01,600170.XSHG,0.0009138066910804
2014-09-01,600221.XSHG,0.0038757210537024
2014-09-01,600267.XSHG,0.0023703836541338
2014-09-01,600276.XSHG,0.00909574160338
2014-09-01,600415.XSHG,0.0027420966990648
2014-09-01,600583.XSHG,0.0056526692640498
2014-09-01,600642.XSHG,0.0035797556988104
2014-09-01,600664.XSHG,0.0013299371843844
2014-09-01,600674.XSHG,0.0052395448720004
2014-09-01,600694.XSHG,0.0014775544856333
2014-09-01,600795.XSHG,0.0063416708525395
2014-09-01,600886.XSHG,0.0072364476431707
2014-09-01,600900.XSHG,0.0129475907244689
2014-09-01,601006.XSHG,0.0195916304192466
2014-09-01,601009.XSHG,0.0043519223076218
2014-09-01,601018.XSHG,0.0055922289669471
2014-09-01,601169.XSHG,0.0117697502898485
2014-09-01,601288.XSHG,0.1236422942331044
2014-09-01,601299.XSHG,0.0091911148857301
2014-09-01,601390.XSHG,0.0086258354463561
2014-09-01,601398.XSHG,0.1642085749112869
2014-09-01,601607.XSHG,0.0044817650621801
2014-09-01,601628.XSHG,0.0558484442859628
2014-09-01,601668.XSHG,0.0168223689918507
2014-09-01,601808.XSHG,0.0104000514551914
2014-09-01,601857.XSHG,0.2283975507537625
2014-09-01,601939.XSHG,0.0068602110699069
2014-09-01,601988.XSHG,0.0928485831383938
2014-10-08,000012.XSHE,0.007452391200258
2014-10-08,000157.XSHE,0.0223289696311654
2014-10-08,000543.XSHE,0.0059234245796332
2014-10-08,000623.XSHE,0.0108393963994661
2014-10-08,000725.XSHE,0.0204747939395447
2014-10-08,000729.XSHE,0.012533133803105
2014-10-08,000776.XSHE,0.0469531694309047
2014-10-08,000825.XSHE,0.0128035724248368
2014-10-08,000830.XSHE,0.0044509785920589
2014-10-08,000877.XSHE,0.0044571340009789
2014-10-08,000898.XSHE,0.0159481523030629
2014-10-08,002007.XSHE,0.012642655501463
2014-10-08,002011.XSHE,0.0055182517629353
2014-10-08,002041.XSHE,0.0086441416837856
2014-10-08,002142.XSHE,0.0213367898684373
2014-10-08,002267.XSHE,0.0084551978790538
2014-10-08,002294.XSHE,0.0067341727105595
2014-10-08,002310.XSHE,0.0062783374021024
2014-10-08,600005.XSHG,0.0170167866543487
2014-10-08,600009.XSHG,0.0118958157680588
2014-10-08,600021.XSHG,0.0078466902003858
2014-10-08,600031.XSHG,0.0324973614587497
2014-10-08,600050.XSHG,0.0549764256805527
2014-10-08,600123.XSHG,0.0073169118801805
2014-10-08,600170.XSHG,0.0039850647359277
2014-10-08,600177.XSHG,0.013571339601889
2014-10-08,600216.XSHG,0.0074388766145875
2014-10-08,600252.XSHG,0.0112634932859363
2014-10-08,600267.XSHG,0.0105809951822663
2014-10-08,600276.XSHG,0.0420411607711943
2014-10-08,600309.XSHG,0.0279637392527045
2014-10-08,600535.XSHG,0.0325551793028616
2014-10-08,600635.XSHG,0.0069207352979125
2014-10-08,600642.XSHG,0.0157746181300116
2014-10-08,600649.XSHG,0.015841526069649
2014-10-08,600720.XSHG,0.0041212420056135
2014-10-08,600867.XSHG,0.0108881592703154
2014-10-08,600874.XSHG,0.0070105437670749
2014-10-08,600900.XSHG,0.0554700758722743
2014-10-08,600970.XSHG,0.0064825513292843
2014-10-08,600999.XSHG,0.0396929841191107
2014-10-08,601009.XSHG,0.0194647884072222
2014-10-08,601299.XSHG,0.039030415345616
2014-10-08,601333.XSHG,0.0123387413790649
2014-10-08,601390.XSHG,0.0384209683067171
2014-10-08,601607.XSHG,0.0208362861885053
2014-10-08,601666.XSHG,0.0083354736496324
2014-10-08,601668.XSHG,0.0739873535510635
2014-10-08,601818.XSHG,0.0797349570552501
2014-10-08,601898.XSHG,0.0309240767526852
2014-11-03,000001.XSHE,0.0182303172492129
2014-11-03,000063.XSHE,0.0070327440993545
2014-11-03,000157.XSHE,0.0051177833788213
2014-11-03,000401.XSHE,0.0018200984565006
2014-11-03,000543.XSHE,0.0014142504951997
2014-11-03,000725.XSHE,0.0050861691065016
2014-11-03,000729.XSHE,0.0028560338027472
2014-11-03,000750.XSHE,0.0033700075994589
2014-11-03,000776.XSHE,0.0115626352199784
2014-11-03,000830.XSHE,0.0010916235925708
2014-11-03,002557.XSHE,0.0011874224939212
2014-11-03,600000.XSHG,0.02529144048561
2014-11-03,600004.XSHG,0.0017898213681575
2014-11-03,600005.XSHG,0.0045967054834213
2014-11-03,600009.XSHG,0.0029239715318005
2014-11-03,600011.XSHG,0.011349964666521
2014-11-03,600015.XSHG,0.0095236352362228
2014-11-03,600021.XSHG,0.0018989026106984
2014-11-03,600031.XSHG,0.0077270518480373
2014-11-03,600050.XSHG,0.0129412855634679
2014-11-03,600166.XSHG,0.0025826693165718
2014-11-03,600170.XSHG,0.0009557129135421
2014-11-03,600177.XSHG,0.0030791384784767
2014-11-03,600252.XSHG,0.0026206753021431
2014-11-03,600362.XSHG,0.0048118810644933
2014-11-03,600578.XSHG,0.0015626828959687
2014-11-03,600642.XSHG,0.0036600174143494
2014-11-03,600660.XSHG,0.0036920746071964
2014-11-03,600720.XSHG,0.0010759299310357
2014-11-03,600795.XSHG,0.0077557007352396
2014-11-03,600823.XSHG,0.002032767573697
2014-11-03,600837.XSHG,0.0142951619267177
2014-11-03,600900.XSHG,0.0134287024579625
2014-11-03,600999.XSHG,0.009524774398013
2014-11-03,601006.XSHG,0.0200878045394583
2014-11-03,601126.XSHG,0.0012167603910376
2014-11-03,601166.XSHG,0.0290409423558952
2014-11-03,601169.XSHG,0.012416204034757
2014-11-03,601288.XSHG,0.1204016002407611
2014-11-03,601398.XSHG,0.1602949877908224
2014-11-03,601628.XSHG,0.0554045261497539
2014-11-03,601668.XSHG,0.0178778724563925
2014-11-03,601818.XSHG,0.0194578084796913
2014-11-03,601857.XSHG,0.2112238847824085
2014-11-03,601898.XSHG,0.0072822337330099
2014-11-03,601899.XSHG,0.0070125095628388
2014-11-03,601939.XSHG,0.0066254405334433
2014-11-03,601988.XSHG,0.0908527708970492
2014-11-03,601991.XSHG,0.0071022309818156
2014-11-03,601998.XSHG,0.0258126697672524
2014-12-01,000012.XSHE,0.001759643771346
2014-12-01,000063.XSHE,0.0070766476398596
2014-12-01,000157.XSHE,0.0053816872234924
2014-12-01,000333.XSHE,0.0085575937558897
2014-12-01,000338.XSHE,0.0038414902632683
2014-12-01,000401.XSHE,0.0020424012950938
2014-12-01,000539.XSHE,0.0021074987062169
2014-12-01,000568.XSHE,0.0042846068606697
2014-12-01,000625.XSHE,0.0083357444600554
2014-12-01,000651.XSHE,0.0155471657343899
2014-12-01,000725.XSHE,0.0051802527043561
2014-12-01,000729.XSHE,0.0030649819434195
2014-12-01,000830.XSHE,0.0011432918291278
2014-12-01,000848.XSHE,0.0019505782121279
2014-12-01,000983.XSHE,0.0037094051433541
2014-12-01,002152.XSHE,0.0029234572622166
2014-12-01,600009.XSHG,0.0030828052902818
2014-12-01,600011.XSHG,0.0115005590474741
2014-12-01,600015.XSHG,0.0109722004537614
2014-12-01,600016.XSHG,0.0319079613649955
2014-12-01,600028.XSHG,0.0808512466727551
2014-12-01,600036.XSHG,0.0409001296213658
2014-12-01,600050.XSHG,0.0136730652903477
2014-12-01,600085.XSHG,0.0019902350523144
2014-12-01,600089.XSHG,0.0053387518423415
2014-12-01,600123.XSHG,0.0018348084733964
2014-12-01,600132.XSHG,0.0013319587205059
2014-12-01,600177.XSHG,0.0034740888525028
2014-12-01,600196.XSHG,0.006450902194254
2014-12-01,600252.XSHG,0.0027383220141483
2014-12-01,600377.XSHG,0.0040734482648128
2014-12-01,600585.XSHG,0.011826302388165
2014-12-01,600642.XSHG,0.0039498928432524
2014-12-01,600694.XSHG,0.0016566252997653
2014-12-01,600801.XSHG,0.0013633506494289
2014-12-01,600874.XSHG,0.0015948959127806
2014-12-01,600900.XSHG,0.0142009481330529
2014-12-01,601088.XSHG,0.0441437560901902
2014-12-01,601139.XSHG,0.0025382157183077
2014-12-01,601166.XSHG,0.0315753388268528
2014-12-01,601288.XSHG,0.1311961170141237
2014-12-01,601318.XSHG,0.0397700002586072
2014-12-01,601369.XSHG,0.0020551823970638
2014-12-01,601398.XSHG,0.1737925786856903
2014-12-01,601607.XSHG,0.0048482930728771
2014-12-01,601666.XSHG,0.0020372319767598
2014-12-01,601857.XSHG,0.2165866380118973
2014-12-01,601877.XSHG,0.0048036041368431
2014-12-01,601939.XSHG,0.0075235578254701
2014-12-01,601991.XSHG,0.0075105407987282
2015-01-05,000012.XSHE,0.0088763823740918
2015-01-05,000400.XSHE,0.0092108402609926
2015-01-05,000423.XSHE,0.0189775035944548
2015-01-05,000538.XSHE,0.0504754515824773
2015-01-05,000568.XSHE,0.0228882932061991
2015-01-05,000581.XSHE,0.0143191255837808
2015-01-05,000608.XSHE,0.0029325153935878
2015-01-05,000726.XSHE,0.0052089995203494
2015-01-05,000729.XSHE,0.0155626111010203
2015-01-05,000848.XSHE,0.0084980646123954
2015-01-05,000858.XSHE,0.0669903030576678
2015-01-05,000860.XSHE,0.0062572018306398
2015-01-05,000869.XSHE,0.012724055272662
2015-01-05,000999.XSHE,0.0168552168621921
2015-01-05,002001.XSHE,0.0124760518586821
2015-01-05,002311.XSHE,0.0099359922491677
2015-01-05,002646.XSHE,0.0074619875580033
2015-01-05,600059.XSHG,0.0055752317875935
2015-01-05,600060.XSHG,0.0118154649734513
2015-01-05,600066.XSHG,0.0222869306736697
2015-01-05,600073.XSHG,0.005826720850515
2015-01-05,600085.XSHG,0.0098948816679038
2015-01-05,600132.XSHG,0.0059593845862453
2015-01-05,600166.XSHG,0.0124632873823176
2015-01-05,600183.XSHG,0.0085700226352961
2015-01-05,600196.XSHG,0.0307404982952942
2015-01-05,600197.XSHG,0.004258638911816
2015-01-05,600216.XSHG,0.0078102283083154
2015-01-05,600256.XSHG,0.020163179170936
2015-01-05,600267.XSHG,0.0107032250337066
2015-01-05,600276.XSHG,0.0432908362737112
2015-01-05,600329.XSHG,0.0060628709058411
2015-01-05,600377.XSHG,0.0210018081837727
2015-01-05,600436.XSHG,0.0106196507655942
2015-01-05,600467.XSHG,0.0035598332919946
2015-01-05,600518.XSHG,0.0264995998465813
2015-01-05,600519.XSHG,0.1725961938312269
2015-01-05,600535.XSHG,0.0320568642069477
2015-01-05,600585.XSHG,0.0677267360426627
2015-01-05,600597.XSHG,0.0165281817984222
2015-01-05,600600.XSHG,0.0220512532258143
2015-01-05,600690.XSHG,0.0408282096172946
2015-01-05,600703.XSHG,0.0236808982857584
2015-01-05,600729.XSHG,0.0072462263258368
2015-01-05,600824.XSHG,0.0045163510738521
2015-01-05,600859.XSHG,0.0079465381641529
2015-01-05,600872.XSHG,0.0064088084624618
2015-01-05,601139.XSHG,0.0128000641645019
2015-01-05,601238.XSHG,0.0040633767124625
2015-01-05,601607.XSHG,0.0247974086256834
2015-02-02,000012.XSHE,0.0131495538552045
2015-02-02,000028.XSHE,0.0130816700573242
2015-02-02,000423.XSHE,0.0280521572879458
2015-02-02,000538.XSHE,0.0726655043504852
2015-02-02,000553.XSHE,0.0059159882836917
2015-02-02,000729.XSHE,0.022880216238383
2015-02-02,000848.XSHE,0.0124359607453276
2015-02-02,000860.XSHE,0.0100440425738154
2015-02-02,000921.XSHE,0.0094996104378764
2015-02-02,000999.XSHE,0.0268951859027034
2015-02-02,002004.XSHE,0.0111217369846711
2015-02-02,002078.XSHE,0.0099870079114614
2015-02-02,002083.XSHE,0.0049933883627409
2015-02-02,002140.XSHE,0.0094271817488632
2015-02-02,002191.XSHE,0.0107904829325697
2015-02-02,002252.XSHE,0.0510121278052837
2015-02-02,002267.XSHE,0.0149214535500113
2015-02-02,002294.XSHE,0.0121506415430899
2015-02-02,002310.XSHE,0.0124288913113824
2015-02-02,002311.XSHE,0.0165333909152342
2015-02-02,002345.XSHE,0.0093987044887251
2015-02-02,002422.XSHE,0.0131351085769131
2015-02-02,002429.XSHE,0.0148666319789097
2015-02-02,600059.XSHG,0.0080610204765146
2015-02-02,600062.XSHG,0.0144421444981394
2015-02-02,600073.XSHG,0.0093850763272913
2015-02-02,600079.XSHG,0.0164897245981442
2015-02-02,600138.XSHG,0.0122063258372582
2015-02-02,600195.XSHG,0.0083000156603963
2015-02-02,600196.XSHG,0.0484721189529247
2015-02-02,600216.XSHG,0.0115085907427631
2015-02-02,600256.XSHG,0.0289328925503835
2015-02-02,600267.XSHG,0.0163196168967932
2015-02-02,600276.XSHG,0.0705730614496704
2015-02-02,600315.XSHG,0.0278542124638284
2015-02-02,600329.XSHG,0.0098009523296138
2015-02-02,600332.XSHG,0.0346127928719883
2015-02-02,600422.XSHG,0.0107800419288262
2015-02-02,600436.XSHG,0.0186901569389176
2015-02-02,600518.XSHG,0.0411517672582677
2015-02-02,600522.XSHG,0.0139845956932612
2015-02-02,600535.XSHG,0.0506988807731003
2015-02-02,600597.XSHG,0.0244676702100995
2015-02-02,600600.XSHG,0.0320739575206044
2015-02-02,600616.XSHG,0.0049744473586512
2015-02-02,600723.XSHG,0.0066042099252428
2015-02-02,600824.XSHG,0.0071497783765921
2015-02-02,600872.XSHG,0.0111803306114089
2015-02-02,601139.XSHG,0.0201246777755436
2015-02-02,601607.XSHG,0.0357743021311601
2015-03-02,000538.XSHE,0.071940979211712
2015-03-02,000553.XSHE,0.0058458109642198
2015-03-02,000729.XSHE,0.0236319365108571
2015-03-02,000860.XSHE,0.0102451205106394
2015-03-02,000921.XSHE,0.0099268623825545
2015-03-02,000999.XSHE,0.0259948897261319
2015-03-02,002004.XSHE,0.0127839192104123
2015-03-02,002038.XSHE,0.0183547665460673
2015-03-02,002083.XSHE,0.0054508424104641
2015-03-02,002140.XSHE,0.0095021801925914
2015-03-02,002191.XSHE,0.0114405167902019
2015-03-02,002249.XSHE,0.0070350002223058
2015-03-02,002252.XSHE,0.0581317750030997
2015-03-02,002267.XSHE,0.0164361331600753
2015-03-02,002292.XSHE,0.0132367159513515
2015-03-02,002293.XSHE,0.0092550727011864
2015-03-02,002294.XSHE,0.0121673760733232
2015-03-02,002311.XSHE,0.0173803626817671
2015-03-02,002345.XSHE,0.0104277090776097
2015-03-02,002429.XSHE,0.0170503759559992
2015-03-02,002450.XSHE,0.0374730279796718
2015-03-02,002570.XSHE,0.0191124925066299
2015-03-02,002603.XSHE,0.0153562759114901
2015-03-02,002701.XSHE,0.0099125635362443
2015-03-02,300024.XSHE,0.0306321081816197
2015-03-02,600062.XSHG,0.0156476356510371
2015-03-02,600079.XSHG,0.0165229491613826
2015-03-02,600086.XSHG,0.0108128935907495
2015-03-02,600138.XSHG,0.0124162304443345
2015-03-02,600166.XSHG,0.0184391858406557
2015-03-02,600183.XSHG,0.0123021021397034
2015-03-02,600196.XSHG,0.0480760058610686
2015-03-02,600216.XSHG,0.0115447419773954
2015-03-02,600256.XSHG,0.0292256580236524
2015-03-02,600267.XSHG,0.0166510741431582
2015-03-02,600276.XSHG,0.0660798879476054
2015-03-02,600295.XSHG,0.0066759865201067
2015-03-02,600332.XSHG,0.0357315296630417
2015-03-02,600436.XSHG,0.0175873574482798
2015-03-02,600460.XSHG,0.0095701082030681
2015-03-02,600522.XSHG,0.0151290023677856
2015-03-02,600535.XSHG,0.0502897919339251
2015-03-02,600594.XSHG,0.0164510529503303
2015-03-02,600597.XSHG,0.0243449764789165
2015-03-02,600790.XSHG,0.0062989997809134
2015-03-02,600824.XSHG,0.0073801002423041
2015-03-02,600872.XSHG,0.0117509809345599
2015-03-02,600884.XSHG,0.0089137745937702
2015-03-02,601515.XSHG,0.0154083309319681
2015-03-02,601607.XSHG,0.03802482977206
2015-04-01,000423.XSHE,0.0255649125946148
2015-04-01,000538.XSHE,0.0650062632755975
2015-04-01,000729.XSHE,0.0213016575198138
2015-04-01,000739.XSHE,0.0067066388531791
2015-04-01,000830.XSHE,0.0091656389128846
2015-04-01,000848.XSHE,0.0111673761986114
2015-04-01,000869.XSHE,0.0165012399613312
2015-04-01,000895.XSHE,0.0414766047730499
2015-04-01,000962.XSHE,0.0056291390984787
2015-04-01,000998.XSHE,0.0177796566417411
2015-04-01,000999.XSHE,0.0240638111545031
2015-04-01,002007.XSHE,0.0233472569055233
2015-04-01,002038.XSHE,0.0189765059900766
2015-04-01,002064.XSHE,0.0087030474089539
2015-04-01,002083.XSHE,0.0054152814789808
2015-04-01,002091.XSHE,0.0067008395650621
2015-04-01,002106.XSHE,0.0102179916533188
2015-04-01,002241.XSHE,0.0378984535153817
2015-04-01,002252.XSHE,0.0521451766850476
2015-04-01,002294.XSHE,0.0122162778792884
2015-04-01,002299.XSHE,0.0152696972597726
2015-04-01,002310.XSHE,0.0123166936826337
2015-04-01,002367.XSHE,0.0071644182414362
2015-04-01,002399.XSHE,0.0260777480042199
2015-04-01,002414.XSHE,0.0119249215726887
2015-04-01,002603.XSHE,0.014726393596838
2015-04-01,300039.XSHE,0.0071360034922252
2015-04-01,600166.XSHG,0.0178942362834915
2015-04-01,600195.XSHG,0.008557938228123
2015-04-01,600216.XSHG,0.0122026878558079
2015-04-01,600261.XSHG,0.0107708988283165
2015-04-01,600267.XSHG,0.0169433666970589
2015-04-01,600276.XSHG,0.0665761115478743
2015-04-01,600323.XSHG,0.007865369400764
2015-04-01,600372.XSHG,0.0504175978281013
2015-04-01,600456.XSHG,0.0085790605145877
2015-04-01,600467.XSHG,0.0053178355008753
2015-04-01,600499.XSHG,0.0145295898024325
2015-04-01,600501.XSHG,0.0060751668980847
2015-04-01,600509.XSHG,0.0097010469037541
2015-04-01,600535.XSHG,0.0460706403068131
2015-04-01,600551.XSHG,0.0103735378819983
2015-04-01,600596.XSHG,0.0079807003529446
2015-04-01,600600.XSHG,0.0274130294893727
2015-04-01,600616.XSHG,0.0055016736685835
2015-04-01,600636.XSHG,0.006167599819264
2015-04-01,600884.XSHG,0.0093650890748552
2015-04-01,600887.XSHG,0.0868116671223892
2015-04-01,601238.XSHG,0.0390267214094436
2015-04-01,601777.XSHG,0.0112587886698087
2015-05-04,000002.XSHE,0.0194465960473542
2015-05-04,000333.XSHE,0.0111417826033781
2015-05-04,000423.XSHE,0.004782349953757
2015-05-04,000543.XSHE,0.0024024822591768
2015-05-04,000768.XSHE,0.0121926745323852
2015-05-04,000811.XSHE,0.0009051700471673
2015-05-04,000830.XSHE,0.0015682842842885
2015-05-04,000869.XSHE,0.002942708188475
2015-05-04,000895.XSHE,0.0064079917816795
2015-05-04,000926.XSHE,0.0009907041853103
2015-05-04,000937.XSHE,0.0030936631709545
2015-05-04,000970.XSHE,0.003558213167397
2015-05-04,000983.XSHE,0.0041349968493325
2015-05-04,000999.XSHE,0.0043552060384107
2015-05-04,002025.XSHE,0.0013329944989991
2015-05-04,002140.XSHE,0.0015768186968253
2015-05-04,600000.XSHG,0.0365951541263298
2015-05-04,600004.XSHG,0.002501871129001
2015-05-04,600009.XSHG,0.0043181583913171
2015-05-04,600016.XSHG,0.0407056713659661
2015-05-04,600036.XSHG,0.0515825559974057
2015-05-04,600038.XSHG,0.0028908515737455
2015-05-04,600104.XSHG,0.0412022345053824
2015-05-04,600123.XSHG,0.0018168128246148
2015-05-04,600166.XSHG,0.0030055033941039
2015-05-04,600183.XSHG,0.0020220886313242
2015-05-04,600276.XSHG,0.0115001118028975
2015-05-04,600307.XSHG,0.0051055074083292
2015-05-04,600308.XSHG,0.0010546141239234
2015-05-04,600309.XSHG,0.0076577977878538
2015-05-04,600362.XSHG,0.0067407439175391
2015-05-04,600383.XSHG,0.0082190734419076
2015-05-04,600398.XSHG,0.0032974953938917
2015-05-04,600509.XSHG,0.0016121308976714
2015-05-04,600585.XSHG,0.0135644477832836
2015-05-04,600674.XSHG,0.0080586491333127
2015-05-04,600729.XSHG,0.0016522534559134
2015-05-04,600855.XSHG,0.0016083161225078
2015-05-04,600887.XSHG,0.0152740179060846
2015-05-04,600900.XSHG,0.0188945460520386
2015-05-04,601006.XSHG,0.0288223848913443
2015-05-04,601118.XSHG,0.0068094596531755
2015-05-04,601169.XSHG,0.0197315702256481
2015-05-04,601288.XSHG,0.1545522890465629
2015-05-04,601328.XSHG,0.0316165949526887
2015-05-04,601398.XSHG,0.2000959662644058
2015-05-04,601666.XSHG,0.0024481121985897
2015-05-04,601939.XSHG,0.0091147196147335
2015-05-04,601988.XSHG,0.1401705226363131
2015-05-04,601998.XSHG,0.0349251370453002
2015-06-01,000423.XSHE,0.0128186641294488
2015-06-01,000538.XSHE,0.0257760370848213
2015-06-01,000651.XSHE,0.0616407784479116
2015-06-01,000685.XSHE,0.0062154374063396
2015-06-01,000729.XSHE,0.009401634260644
2015-06-01,000748.XSHE,0.0092614160862286
2015-06-01,000762.XSHE,0.0033676972407602
2015-06-01,000792.XSHE,0.0110942198005163
2015-06-01,000858.XSHE,0.0339862008100982
2015-06-01,000937.XSHE,0.0075001072927612
2015-06-01,000960.XSHE,0.0095482956774548
2015-06-01,000983.XSHE,0.0098885207730707
2015-06-01,000999.XSHE,0.0111125251894836
2015-06-01,002092.XSHE,0.0055345257671363
2015-06-01,002233.XSHE,0.0044133468792195
2015-06-01,002241.XSHE,0.0171823742251347
2015-06-01,002252.XSHE,0.0216147567216003
2015-06-01,002304.XSHE,0.0278956361232192
2015-06-01,002422.XSHE,0.0053689176898106
2015-06-01,600000.XSHG,0.0848970709841686
2015-06-01,600031.XSHG,0.0326961335669805
2015-06-01,600036.XSHG,0.1232508974996194
2015-06-01,600123.XSHG,0.0047158312439811
2015-06-01,600160.XSHG,0.0067974465799651
2015-06-01,600166.XSHG,0.0083109606303576
2015-06-01,600196.XSHG,0.0214284899823408
2015-06-01,600259.XSHG,0.0055923494953939
2015-06-01,600276.XSHG,0.0310581459474649
2015-06-01,600307.XSHG,0.0133946033292911
2015-06-01,600309.XSHG,0.0193273598697514
2015-06-01,600312.XSHG,0.0064807486391471
2015-06-01,600329.XSHG,0.0049883458144092
2015-06-01,600332.XSHG,0.0147116315598332
2015-06-01,600362.XSHG,0.0173834739377043
2015-06-01,600486.XSHG,0.0040372358875328
2015-06-01,600535.XSHG,0.018650286816936
2015-06-01,600585.XSHG,0.0336434241037961
2015-06-01,600596.XSHG,0.0035062119743667
2015-06-01,600600.XSHG,0.0114843112074508
2015-06-01,600638.XSHG,0.0038833650981569
2015-06-01,600664.XSHG,0.007872789300084
2015-06-01,600674.XSHG,0.0185491809144495
2015-06-01,600900.XSHG,0.0428597658467079
2015-06-01,601009.XSHG,0.0189535762248844
2015-06-01,601101.XSHG,0.0045043085223689
2015-06-01,601328.XSHG,0.0778380599549194
2015-06-01,601666.XSHG,0.0060908743950246
2015-06-01,601899.XSHG,0.0360038409088324
2015-06-01,601929.XSHG,0.0085372812166256
2015-06-01,601933.XSHG,0.0149309069417938
2015-07-01,000001.XSHE,0.0144515395799446
2015-07-01,000002.XSHE,0.0121793110767784
2015-07-01,000069.XSHE,0.0032028299548699
2015-07-01,000333.XSHE,0.0070880646153718
2015-07-01,000338.XSHE,0.0027601447289779
2015-07-01,000538.XSHE,0.0074177771274231
2015-07-01,000568.XSHE,0.003790200435928
2015-07-01,000651.XSHE,0.015973290512646
2015-07-01,000728.XSHE,0.0059044483312409
2015-07-01,000792.XSHE,0.00372104125116
2015-07-01,000858.XSHE,0.0102354194929639
2015-07-01,002142.XSHE,0.0051560404304482
2015-07-01,002219.XSHE,0.0024278271657253
2015-07-01,002252.XSHE,0.0057732064653527
2015-07-01,002304.XSHE,0.0072258784866981
2015-07-01,600000.XSHG,0.0214197047329925
2015-07-01,600015.XSHG,0.0084335025967174
2015-07-01,600016.XSHG,0.024847634673893
2015-07-01,600028.XSHG,0.0568981770246313
2015-07-01,600036.XSHG,0.0330392837837343
2015-07-01,600066.XSHG,0.0032649262350643
2015-07-01,600104.XSHG,0.0209652613300065
2015-07-01,600276.XSHG,0.007657364577761
2015-07-01,600309.XSHG,0.0043513359449914
2015-07-01,600377.XSHG,0.0032301521166408
2015-07-01,600383.XSHG,0.0047680281923991
2015-07-01,600398.XSHG,0.0024012227891563
2015-07-01,600409.XSHG,0.0019041087457333
2015-07-01,600519.XSHG,0.0258624332671634
2015-07-01,600535.XSHG,0.0044375412745538
2015-07-01,600585.XSHG,0.0071516911212252
2015-07-01,600600.XSHG,0.0027591983030756
2015-07-01,600690.XSHG,0.0068144864348998
2015-07-01,600809.XSHG,0.0020416546303378
2015-07-01,600887.XSHG,0.0095235430237292
2015-07-01,601006.XSHG,0.017455897721534
2015-07-01,601009.XSHG,0.0053582312668437
2015-07-01,601166.XSHG,0.0236221808109109
2015-07-01,601169.XSHG,0.0117119861658566
2015-07-01,601288.XSHG,0.0928468391911594
2015-07-01,601318.XSHG,0.0374716581673788
2015-07-01,601328.XSHG,0.0237912443326093
2015-07-01,601398.XSHG,0.1218839027276712
2015-07-01,601601.XSHG,0.0157749568713061
2015-07-01,601818.XSHG,0.0180321288071182
2015-07-01,601857.XSHG,0.1529515991518828
2015-07-01,601888.XSHG,0.0058265722340585
2015-07-01,601939.XSHG,0.0054339264329599
2015-07-01,601988.XSHG,0.0880515156208857
2015-07-01,601998.XSHG,0.0207090900435878
2015-08-03,000001.XSHE,0.013436794319635
2015-08-03,000002.XSHE,0.0126065040449465
2015-08-03,000068.XSHE,0.0008845529664134
2015-08-03,000333.XSHE,0.006849875073328
2015-08-03,000538.XSHE,0.0069514830107245
2015-08-03,000651.XSHE,0.0122463333913327
2015-08-03,000895.XSHE,0.0032387786204919
2015-08-03,002142.XSHE,0.0040897274169286
2015-08-03,002252.XSHE,0.0078560602964581
2015-08-03,002304.XSHE,0.0071608256420743
2015-08-03,002470.XSHE,0.0026916875406549
2015-08-03,002508.XSHE,0.0017489611886366
2015-08-03,600000.XSHG,0.0206042343854925
2015-08-03,600015.XSHG,0.0076730943166343
2015-08-03,600016.XSHG,0.0245079395179759
2015-08-03,600019.XSHG,0.010543894255477
2015-08-03,600028.XSHG,0.049042238458175
2015-08-03,600036.XSHG,0.0331353840133021
2015-08-03,600066.XSHG,0.0034563604670625
2015-08-03,600104.XSHG,0.0193741718480987
2015-08-03,600276.XSHG,0.0082069248082389
2015-08-03,600309.XSHG,0.0041759820025
2015-08-03,600315.XSHG,0.0023512740820232
2015-08-03,600340.XSHG,0.0073460633503886
2015-08-03,600383.XSHG,0.0048942639223594
2015-08-03,600398.XSHG,0.0020829202453844
2015-08-03,600519.XSHG,0.0233745281930329
2015-08-03,600535.XSHG,0.0039774068959744
2015-08-03,600585.XSHG,0.0070211912457836
2015-08-03,600649.XSHG,0.0037111241442318
2015-08-03,600660.XSHG,0.002440105099198
2015-08-03,600690.XSHG,0.0055164051637348
2015-08-03,600869.XSHG,0.0020755186553921
2015-08-03,600887.XSHG,0.0094810658554878
2015-08-03,601006.XSHG,0.0138606304565887
2015-08-03,601009.XSHG,0.004647604600539
2015-08-03,601166.XSHG,0.0229286006999142
2015-08-03,601169.XSHG,0.0100817861846859
2015-08-03,601238.XSHG,0.0066499666031065
2015-08-03,601288.XSHG,0.0916457973749356
2015-08-03,601318.XSHG,0.032087639511772
2015-08-03,601328.XSHG,0.0202721510265646
2015-08-03,601398.XSHG,0.1165856120241442
2015-08-03,601601.XSHG,0.014173002788211
2015-08-03,601628.XSHG,0.0535832645438492
2015-08-03,601818.XSHG,0.0163664137349426
2015-08-03,601857.XSHG,0.1519698695755457
2015-08-03,601939.XSHG,0.0052729214153272
2015-08-03,601988.XSHG,0.0832790955661157
2015-08-03,601998.XSHG,0.0218419694561833
2015-09-01,000001.XSHE,0.0135944289881346
2015-09-01,000002.XSHE,0.0137647814084929
2015-09-01,000333.XSHE,0.0064263895401226
2015-09-01,000423.XSHE,0.0028084663067352
2015-09-01,000538.XSHE,0.0074165981716782
2015-09-01,000793.XSHE,0.0028011168345167
2015-09-01,000895.XSHE,0.0033322953297546
2015-09-01,000963.XSHE,0.0032197266767941
2015-09-01,002080.XSHE,0.000816623840043
2015-09-01,002142.XSHE,0.0042653498702188
2015-09-01,002252.XSHE,0.0074145533899774
2015-09-01,002292.XSHE,0.0017794932601695
2015-09-01,002304.XSHE,0.0070103528355417
2015-09-01,002367.XSHE,0.0011737699325726
2015-09-01,002508.XSHE,0.0015841979296173
2015-09-01,600000.XSHG,0.0227713202118917
2015-09-01,600015.XSHG,0.0082918474352071
2015-09-01,600016.XSHG,0.0262094311454613
2015-09-01,600028.XSHG,0.0484150289540092
2015-09-01,600036.XSHG,0.034579244126267
2015-09-01,600066.XSHG,0.0033991327261594
2015-09-01,600104.XSHG,0.0191400823199744
2015-09-01,600276.XSHG,0.0082476453336676
2015-09-01,600309.XSHG,0.0040572398163801
2015-09-01,600315.XSHG,0.0022430907007615
2015-09-01,600340.XSHG,0.0067498692686839
2015-09-01,600383.XSHG,0.0050880291990047
2015-09-01,600398.XSHG,0.0020766035539462
2015-09-01,600519.XSHG,0.0243043306959813
2015-09-01,600535.XSHG,0.0036877540130531
2015-09-01,600585.XSHG,0.0072539151840055
2015-09-01,600660.XSHG,0.0024423644904737
2015-09-01,600690.XSHG,0.0055444331391472
2015-09-01,600887.XSHG,0.0096945046185365
2015-09-01,601006.XSHG,0.0150795310909367
2015-09-01,601009.XSHG,0.0047047861875466
2015-09-01,601166.XSHG,0.0239161398956523
2015-09-01,601169.XSHG,0.0112389863662204
2015-09-01,601238.XSHG,0.0068959546555189
2015-09-01,601288.XSHG,0.0924937713320595
2015-09-01,601318.XSHG,0.0325209356826845
2015-09-01,601328.XSHG,0.0264114545546256
2015-09-01,601398.XSHG,0.1207670552743937
2015-09-01,601601.XSHG,0.0142051229230873
2015-09-01,601628.XSHG,0.0539956138931903
2015-09-01,601818.XSHG,0.0170000341669492
2015-09-01,601857.XSHG,0.1484438128792202
2015-09-01,601939.XSHG,0.0053668188046918
2015-09-01,601988.XSHG,0.0849671359746333
2015-09-01,601998.XSHG,0.0203888350716066
2015-10-08,000001.XSHE,0.0124187340465472
2015-10-08,000002.XSHE,0.0124814657020693
2015-10-08,000024.XSHE,0.0031406931204353
2015-10-08,000333.XSHE,0.0059692237680565
2015-10-08,000423.XSHE,0.0027831820559134
2015-10-08,000538.XSHE,0.0067598423703929
2015-10-08,000568.XSHE,0.0029124851533597
2015-10-08,000895.XSHE,0.0032344345751338
2015-10-08,000963.XSHE,0.0030003189297237
2015-10-08,002142.XSHE,0.0038977953268096
2015-10-08,002252.XSHE,0.0080240878435902
2015-10-08,002304.XSHE,0.006886131922021
2015-10-08,002353.XSHE,0.0023472072331241
2015-10-08,600000.XSHG,0.023285679716184
2015-10-08,600011.XSHG,0.0092503815978451
2015-10-08,600015.XSHG,0.0078538178226468
2015-10-08,600016.XSHG,0.0246400554359048
2015-10-08,600018.XSHG,0.0159749982879835
2015-10-08,600028.XSHG,0.0459448893588406
2015-10-08,600036.XSHG,0.0359623514946475
2015-10-08,600066.XSHG,0.0035672579768123
2015-10-08,600104.XSHG,0.0192641870221932
2015-10-08,600276.XSHG,0.0091991149732358
2015-10-08,600340.XSHG,0.0060275209206257
2015-10-08,600383.XSHG,0.0051321009459035
2015-10-08,600398.XSHG,0.0020999883287723
2015-10-08,600519.XSHG,0.0243967201972897
2015-10-08,600535.XSHG,0.0035137641193014
2015-10-08,600585.XSHG,0.0070670492039604
2015-10-08,600660.XSHG,0.0024637556619547
2015-10-08,600674.XSHG,0.0046140621729639
2015-10-08,600879.XSHG,0.0016824111502352
2015-10-08,600887.XSHG,0.0093760168717919
2015-10-08,601006.XSHG,0.0131851819700848
2015-10-08,601009.XSHG,0.0043087284344961
2015-10-08,601088.XSHG,0.0244194176662934
2015-10-08,601166.XSHG,0.0235605610057155
2015-10-08,601169.XSHG,0.0109273529534179
2015-10-08,601238.XSHG,0.0077457485218987
2015-10-08,601288.XSHG,0.0890516680777404
2015-10-08,601318.XSHG,0.0326991157108884
2015-10-08,601328.XSHG,0.0238506399416601
2015-10-08,601398.XSHG,0.1161117072754489
2015-10-08,601601.XSHG,0.014068809014021
2015-10-08,601628.XSHG,0.0530293686936347
2015-10-08,601818.XSHG,0.0154224958192416
2015-10-08,601857.XSHG,0.1343726415322471
2015-10-08,601939.XSHG,0.0049805863853389
2015-10-08,601988.XSHG,0.07833461142845
2015-10-08,601998.XSHG,0.0187596402631513
2015-11-02,000001.XSHE,0.0133790421840018
2015-11-02,000002.XSHE,0.0133997277000433
2015-11-02,000024.XSHE,0.0035057709617733
2015-11-02,000333.XSHE,0.006466168484234
2015-11-02,000423.XSHE,0.0031446873281913
2015-11-02,000538.XSHE,0.0070955755946863
2015-11-02,000568.XSHE,0.0034113303489639
2015-11-02,000895.XSHE,0.0035299780732237
2015-11-02,000963.XSHE,0.0033179647607673
2015-11-02,002142.XSHE,0.0044791536426073
2015-11-02,002236.XSHE,0.0024354961546123
2015-11-02,002252.XSHE,0.0079819734079773
2015-11-02,002701.XSHE,0.0018056486301814
2015-11-02,300015.XSHE,0.0025132748565594
2015-11-02,600000.XSHG,0.0311441778191101
2015-11-02,600009.XSHG,0.0034488930752373
2015-11-02,600015.XSHG,0.008293281891492
2015-11-02,600016.XSHG,0.0256472699427296
2015-11-02,600018.XSHG,0.0164147822918051
2015-11-02,600028.XSHG,0.0480287831121559
2015-11-02,600036.XSHG,0.0374228597889727
2015-11-02,600066.XSHG,0.0040863951505914
2015-11-02,600196.XSHG,0.0047773209326183
2015-11-02,600276.XSHG,0.0102151004753528
2015-11-02,600312.XSHG,0.0016556649474508
2015-11-02,600315.XSHG,0.0025884045121491
2015-11-02,600340.XSHG,0.0066274586177997
2015-11-02,600398.XSHG,0.002394597719139
2015-11-02,600499.XSHG,0.0015115133728015
2015-11-02,600519.XSHG,0.0271674072604912
2015-11-02,600535.XSHG,0.0038461292414675
2015-11-02,600585.XSHG,0.0071500336029533
2015-11-02,600674.XSHG,0.0046894207693176
2015-11-02,600750.XSHG,0.0011510293835081
2015-11-02,600887.XSHG,0.009359505663303
2015-11-02,601006.XSHG,0.013658833909017
2015-11-02,601009.XSHG,0.0050264616181138
2015-11-02,601166.XSHG,0.0248737529492492
2015-11-02,601238.XSHG,0.0087367314265699
2015-11-02,601288.XSHG,0.093046065780938
2015-11-02,601318.XSHG,0.0363932620773767
2015-11-02,601328.XSHG,0.0248797430697653
2015-11-02,601398.XSHG,0.1239899881651715
2015-11-02,601601.XSHG,0.0158373312375531
2015-11-02,601628.XSHG,0.0543014694815729
2015-11-02,601818.XSHG,0.016363872531794
2015-11-02,601857.XSHG,0.1405282773840969
2015-11-02,601939.XSHG,0.0053002050006511
2015-11-02,601988.XSHG,0.082559852150843
2015-11-02,601998.XSHG,0.0204183315190169
2015-12-01,000001.XSHE,0.0170694426114368
2015-12-01,000002.XSHE,0.0198181198596374
2015-12-01,000024.XSHE,0.0045399588038385
2015-12-01,000333.XSHE,0.007669895956114
2015-12-01,000423.XSHE,0.0037756540788236
2015-12-01,000568.XSHE,0.004100489601759
2015-12-01,000963.XSHE,0.0040732387749769
2015-12-01,002106.XSHE,0.0011433072941368
2015-12-01,002142.XSHE,0.0059317567408743
2015-12-01,002203.XSHE,0.0019363544673747
2015-12-01,002236.XSHE,0.0030765447569046
2015-12-01,002252.XSHE,0.0097260542416671
2015-12-01,002450.XSHE,0.0064609483812752
2015-12-01,600000.XSHG,0.0428372486981852
2015-12-01,600009.XSHG,0.0039322388442696
2015-12-01,600015.XSHG,0.0107405618256292
2015-12-01,600016.XSHG,0.031168404726917
2015-12-01,600036.XSHG,0.0434387460361565
2015-12-01,600048.XSHG,0.0139771740645375
2015-12-01,600066.XSHG,0.0049593002654493
2015-12-01,600085.XSHG,0.0047614556726569
2015-12-01,600276.XSHG,0.0120827192552023
2015-12-01,600315.XSHG,0.003308498558863
2015-12-01,600340.XSHG,0.0088501385450708
2015-12-01,600373.XSHG,0.003865451884877
2015-12-01,600383.XSHG,0.0075588856705253
2015-12-01,600519.XSHG,0.0330533889149237
2015-12-01,600521.XSHG,0.0022348948408916
2015-12-01,600649.XSHG,0.006022481775557
2015-12-01,600664.XSHG,0.0027043722420403
2015-12-01,600674.XSHG,0.0057860930637733
2015-12-01,600703.XSHG,0.0072696917228002
2015-12-01,600867.XSHG,0.0035428993421068
2015-12-01,600887.XSHG,0.0108479268974487
2015-12-01,600900.XSHG,0.0158084566956354
2015-12-01,600967.XSHG,0.0018123433107855
2015-12-01,601009.XSHG,0.006175006147517
2015-12-01,601166.XSHG,0.0312620998298966
2015-12-01,601169.XSHG,0.0144259703348148
2015-12-01,601288.XSHG,0.1129103778588078
2015-12-01,601318.XSHG,0.0454877629891195
2015-12-01,601328.XSHG,0.0305292801189061
2015-12-01,601398.XSHG,0.150973673127406
2015-12-01,601601.XSHG,0.0207119682607365
2015-12-01,601628.XSHG,0.0684764237882082
2015-12-01,601877.XSHG,0.0041168230975065
2015-12-01,601888.XSHG,0.0061081741865489
2015-12-01,601939.XSHG,0.0067062974881335
2015-12-01,601988.XSHG,0.1042739609856791
2015-12-01,601998.XSHG,0.0279570433635962
2016-01-04,000001.XSHE,0.0214849835129526
2016-01-04,000333.XSHE,0.0106971189621439
2016-01-04,000423.XSHE,0.005102945082231
2016-01-04,000538.XSHE,0.0113544518134812
2016-01-04,000568.XSHE,0.0056275262686377
2016-01-04,000895.XSHE,0.0056494773132288
2016-01-04,000963.XSHE,0.005365075587815
2016-01-04,002050.XSHE,0.002337779913017
2016-01-04,002142.XSHE,0.0079760263531811
2016-01-04,002236.XSHE,0.0036237652009549
2016-01-04,002252.XSHE,0.0121687333850929
2016-01-04,002450.XSHE,0.0079567260786901
2016-01-04,002701.XSHE,0.0026645416210858
2016-01-04,600000.XSHG,0.0533400691364465
2016-01-04,600009.XSHG,0.004966027584069
2016-01-04,600015.XSHG,0.0142952336738151
2016-01-04,600016.XSHG,0.0428691768670671
2016-01-04,600020.XSHG,0.0022420249408643
2016-01-04,600036.XSHG,0.0572657100598526
2016-01-04,600066.XSHG,0.0065133256289255
2016-01-04,600104.XSHG,0.0349463570108811
2016-01-04,600161.XSHG,0.0027914728898117
2016-01-04,600196.XSHG,0.0067042949350354
2016-01-04,600201.XSHG,0.0030672869248806
2016-01-04,600216.XSHG,0.0016948130344934
2016-01-04,600276.XSHG,0.0147794534558643
2016-01-04,600340.XSHG,0.0119944756768361
2016-01-04,600422.XSHG,0.0019979238372291
2016-01-04,600436.XSHG,0.0040022071329067
2016-01-04,600489.XSHG,0.0044256165118735
2016-01-04,600498.XSHG,0.0042598418546218
2016-01-04,600519.XSHG,0.0423830872897695
2016-01-04,600535.XSHG,0.0063432578992157
2016-01-04,600547.XSHG,0.0044991036474323
2016-01-04,600637.XSHG,0.0087590266418812
2016-01-04,600663.XSHG,0.0101646691916881
2016-01-04,600674.XSHG,0.0071780064749213
2016-01-04,600741.XSHG,0.0064903589501083
2016-01-04,600867.XSHG,0.0044501716408018
2016-01-04,600887.XSHG,0.0145044382628594
2016-01-04,600900.XSHG,0.0205884408077402
2016-01-04,601009.XSHG,0.0078697017859875
2016-01-04,601166.XSHG,0.0427050955868254
2016-01-04,601288.XSHG,0.1473864310093026
2016-01-04,601318.XSHG,0.0592551790718381
2016-01-04,601398.XSHG,0.1927407201694316
2016-01-04,601601.XSHG,0.027470435620399
2016-01-04,601607.XSHG,0.0056593165116691
2016-01-04,601888.XSHG,0.0087573946739753
2016-01-04,601939.XSHG,0.0086307025161653
2016-02-01,000001.XSHE,0.013625653896528
2016-02-01,000333.XSHE,0.0072177446575804
2016-02-01,000423.XSHE,0.0034426832755253
2016-02-01,000538.XSHE,0.0072776109214665
2016-02-01,000568.XSHE,0.0035003647229935
2016-02-01,000625.XSHE,0.0058654268193207
2016-02-01,000651.XSHE,0.0129714734130453
2016-02-01,000858.XSHE,0.0107389521675459
2016-02-01,000895.XSHE,0.0038104254107881
2016-02-01,000963.XSHE,0.0034469784947821
2016-02-01,002007.XSHE,0.0026587749125537
2016-02-01,002252.XSHE,0.0089410521296391
2016-02-01,002304.XSHE,0.008528784827888
2016-02-01,002475.XSHE,0.0040757500461122
2016-02-01,002508.XSHE,0.0021745585056089
2016-02-01,002572.XSHE,0.0011854821403444
2016-02-01,002701.XSHE,0.0016368894723288
2016-02-01,300015.XSHE,0.0026601449582317
2016-02-01,600000.XSHG,0.03625297728245
2016-02-01,600009.XSHG,0.0032482882713511
2016-02-01,600015.XSHG,0.008537306474831
2016-02-01,600016.XSHG,0.0295871056692728
2016-02-01,600028.XSHG,0.0483987934665186
2016-02-01,600036.XSHG,0.0357671951808666
2016-02-01,600066.XSHG,0.0040110649163938
2016-02-01,600104.XSHG,0.0241423964075003
2016-02-01,600196.XSHG,0.0040742804745101
2016-02-01,600276.XSHG,0.0102583379533423
2016-02-01,600519.XSHG,0.0297838130398469
2016-02-01,600535.XSHG,0.0039538263802543
2016-02-01,600660.XSHG,0.0030812095231573
2016-02-01,600741.XSHG,0.0041867455179106
2016-02-01,600867.XSHG,0.0030496326680909
2016-02-01,600887.XSHG,0.0094019905871432
2016-02-01,600900.XSHG,0.0139476212634722
2016-02-01,601009.XSHG,0.0050252452554769
2016-02-01,601166.XSHG,0.0320910816313447
2016-02-01,601169.XSHG,0.0139113417189719
2016-02-01,601288.XSHG,0.1018301542368762
2016-02-01,601318.XSHG,0.0376789514366155
2016-02-01,601328.XSHG,0.0240410058151894
2016-02-01,601398.XSHG,0.1279807571721374
2016-02-01,601601.XSHG,0.0170091965748419
2016-02-01,601607.XSHG,0.0034450370030882
2016-02-01,601668.XSHG,0.0176800343747613
2016-02-01,601818.XSHG,0.016318318750231
2016-02-01,601857.XSHG,0.1382751516459721
2016-02-01,601888.XSHG,0.0052641888882784
2016-02-01,601939.XSHG,0.0053110714160813
2016-02-01,601988.XSHG,0.0786971282309369
2016-03-01,000001.XSHE,0.013552954786382
2016-03-01,000333.XSHE,0.0071498190185377
2016-03-01,000423.XSHE,0.0035014112316059
2016-03-01,000538.XSHE,0.0068043170333951
2016-03-01,000625.XSHE,0.0056336464395075
2016-03-01,000725.XSHE,0.0069397779396743
2016-03-01,000858.XSHE,0.0102571284457215
2016-03-01,000963.XSHE,0.0034675300346496
2016-03-01,002142.XSHE,0.0049742798518835
2016-03-01,002252.XSHE,0.0092092398911045
2016-03-01,002304.XSHE,0.0086452136906503
2016-03-01,002385.XSHE,0.0019809111948089
2016-03-01,002475.XSHE,0.0042241604489495
2016-03-01,002508.XSHE,0.0024166002999014
2016-03-01,002572.XSHE,0.0012307921422414
2016-03-01,300015.XSHE,0.0025899803503391
2016-03-01,600004.XSHG,0.0015558764849716
2016-03-01,600009.XSHG,0.0035347781317525
2016-03-01,600015.XSHG,0.0086530210657132
2016-03-01,600016.XSHG,0.0294877821437261
2016-03-01,600028.XSHG,0.0498810568802636
2016-03-01,600036.XSHG,0.0357722022027513
2016-03-01,600066.XSHG,0.0042178018423406
2016-03-01,600104.XSHG,0.0240131861434745
2016-03-01,600221.XSHG,0.0042783693186612
2016-03-01,600276.XSHG,0.0103249511926564
2016-03-01,600519.XSHG,0.0324774167019715
2016-03-01,600521.XSHG,0.0023378270635678
2016-03-01,600535.XSHG,0.004095529121359
2016-03-01,600585.XSHG,0.0068695162751198
2016-03-01,600741.XSHG,0.0039382653164538
2016-03-01,600867.XSHG,0.0031141924391536
2016-03-01,600887.XSHG,0.0094053880919958
2016-03-01,600900.XSHG,0.0132433157488914
2016-03-01,601009.XSHG,0.0052010758461469
2016-03-01,601088.XSHG,0.0269570718466249
2016-03-01,601166.XSHG,0.0319783113224919
2016-03-01,601169.XSHG,0.0144747608585637
2016-03-01,601288.XSHG,0.1040713617120996
2016-03-01,601318.XSHG,0.0375180848085933
2016-03-01,601328.XSHG,0.024066338850683
2016-03-01,601398.XSHG,0.1286102708543919
2016-03-01,601601.XSHG,0.0177104966346451
2016-03-01,601607.XSHG,0.0034801914851216
2016-03-01,601668.XSHG,0.0185456326252825
2016-03-01,601818.XSHG,0.0161158513095792
2016-03-01,601857.XSHG,0.1402969389459333
2016-03-01,601899.XSHG,0.0061731468953443
2016-03-01,601939.XSHG,0.0051895710352836
2016-03-01,601988.XSHG,0.0798326560050373
2016-04-01,000001.XSHE,0.0132327442068709
2016-04-01,000100.XSHE,0.0035940754405247
2016-04-01,000157.XSHE,0.0030436132032461
2016-04-01,000333.XSHE,0.0072075073752795
2016-04-01,000423.XSHE,0.0033170978369263
2016-04-01,000568.XSHE,0.0036086959002986
2016-04-01,000725.XSHE,0.0064688364426334
2016-04-01,000858.XSHE,0.011172573969658
2016-04-01,000895.XSHE,0.0040346245881844
2016-04-01,000963.XSHE,0.0031569394022698
2016-04-01,002007.XSHE,0.0023089678125502
2016-04-01,002142.XSHE,0.004869292909714
2016-04-01,002252.XSHE,0.0080462781063436
2016-04-01,002304.XSHE,0.008546182188088
2016-04-01,002508.XSHE,0.0022556121781525
2016-04-01,600000.XSHG,0.0356627680373821
2016-04-01,600009.XSHG,0.00343483705703
2016-04-01,600011.XSHG,0.0088557464008669
2016-04-01,600015.XSHG,0.0083754521175659
2016-04-01,600016.XSHG,0.028715538404951
2016-04-01,600028.XSHG,0.0492406293363805
2016-04-01,600036.XSHG,0.0352960464932566
2016-04-01,600066.XSHG,0.0038834034798512
2016-04-01,600104.XSHG,0.0236185619280214
2016-04-01,600276.XSHG,0.0097492903934974
2016-04-01,600518.XSHG,0.0072048972236886
2016-04-01,600519.XSHG,0.0323776351027972
2016-04-01,600521.XSHG,0.0021561553010342
2016-04-01,600535.XSHG,0.0042382145098864
2016-04-01,600585.XSHG,0.0071379096152706
2016-04-01,600660.XSHG,0.0031532709516512
2016-04-01,600741.XSHG,0.0041047246523128
2016-04-01,600887.XSHG,0.0091809988759957
2016-04-01,600900.XSHG,0.0127908642154125
2016-04-01,601009.XSHG,0.0050454892567432
2016-04-01,601088.XSHG,0.0246262247978408
2016-04-01,601166.XSHG,0.0312761045401571
2016-04-01,601169.XSHG,0.0133664314263367
2016-04-01,601288.XSHG,0.0989556246769163
2016-04-01,601318.XSHG,0.0363133043282113
2016-04-01,601328.XSHG,0.0232390901103238
2016-04-01,601398.XSHG,0.1219184744989322
2016-04-01,601601.XSHG,0.0174338927572612
2016-04-01,601607.XSHG,0.0034802222767411
2016-04-01,601668.XSHG,0.0181118705937556
2016-04-01,601818.XSHG,0.0158252071358309
2016-04-01,601857.XSHG,0.1304356605061882
2016-04-01,601899.XSHG,0.0054678806591721
2016-04-01,601939.XSHG,0.0048830489756563
2016-04-01,601988.XSHG,0.0755814878023387
2016-05-03,000001.XSHE,0.0132330403806663
2016-05-03,000333.XSHE,0.0079512924268153
2016-05-03,000423.XSHE,0.0032162436246392
2016-05-03,000858.XSHE,0.0123511588205609
2016-05-03,000895.XSHE,0.0041149135444919
2016-05-03,000961.XSHE,0.0021257345692764
2016-05-03,000963.XSHE,0.0032007611116612
2016-05-03,002007.XSHE,0.0026292782543868
2016-05-03,002142.XSHE,0.0051717469133227
2016-05-03,002252.XSHE,0.0080377232975009
2016-05-03,002304.XSHE,0.0092750118329477
2016-05-03,002415.XSHE,0.0104479392656294
2016-05-03,002508.XSHE,0.0026502136943999
2016-05-03,002594.XSHE,0.0051014409066167
2016-05-03,300015.XSHE,0.0026653147828342
2016-05-03,300072.XSHE,0.0025504081491832
2016-05-03,600000.XSHG,0.0354792994099738
2016-05-03,600009.XSHG,0.0031851477056101
2016-05-03,600015.XSHG,0.0115192818163942
2016-05-03,600016.XSHG,0.0290966843645049
2016-05-03,600019.XSHG,0.0097234993458272
2016-05-03,600028.XSHG,0.0486479927556948
2016-05-03,600036.XSHG,0.0383272313750364
2016-05-03,600066.XSHG,0.0041459547594159
2016-05-03,600104.XSHG,0.0237831798740812
2016-05-03,600177.XSHG,0.0035783008588529
2016-05-03,600276.XSHG,0.0097803678189283
2016-05-03,600519.XSHG,0.0342837684005937
2016-05-03,600521.XSHG,0.0022870874297606
2016-05-03,600535.XSHG,0.0038693488748771
2016-05-03,600660.XSHG,0.0030423115974243
2016-05-03,600741.XSHG,0.0040808603907121
2016-05-03,600887.XSHG,0.0097466572767019
2016-05-03,600900.XSHG,0.0126546656500857
2016-05-03,601009.XSHG,0.0053509130836922
2016-05-03,601012.XSHG,0.0021593944171776
2016-05-03,601088.XSHG,0.0254288642405236
2016-05-03,601166.XSHG,0.0322981726644542
2016-05-03,601169.XSHG,0.0137008476966496
2016-05-03,601288.XSHG,0.0969205403388805
2016-05-03,601318.XSHG,0.0362347578264625
2016-05-03,601328.XSHG,0.0224132738271312
2016-05-03,601398.XSHG,0.1211268729809569
2016-05-03,601601.XSHG,0.0180219430393525
2016-05-03,601607.XSHG,0.0037038880620216
2016-05-03,601668.XSHG,0.0176075672828717
2016-05-03,601818.XSHG,0.0154198319887869
2016-05-03,601857.XSHG,0.1276448159108925
2016-05-03,601899.XSHG,0.0054577633346628
2016-05-03,601988.XSHG,0.0745566920260733
2016-06-01,000001.XSHE,0.0131947481165332
2016-06-01,000089.XSHE,0.0017724908927152
2016-06-01,000538.XSHE,0.0066887737162746
2016-06-01,000858.XSHE,0.0117271404945146
2016-06-01,000895.XSHE,0.0040086334370253
2016-06-01,002142.XSHE,0.0052373417997111
2016-06-01,002252.XSHE,0.0078860319329542
2016-06-01,002304.XSHE,0.0089217245072052
2016-06-01,002415.XSHE,0.0103113637787148
2016-06-01,002594.XSHE,0.004662637285446
2016-06-01,300015.XSHE,0.0027037967275192
2016-06-01,600000.XSHG,0.0350375772062977
2016-06-01,600009.XSHG,0.0031220959902439
2016-06-01,600015.XSHG,0.0112327802894218
2016-06-01,600016.XSHG,0.0274032156095651
2016-06-01,600019.XSHG,0.008921004450045
2016-06-01,600028.XSHG,0.0476600884982089
2016-06-01,600036.XSHG,0.0379813198028083
2016-06-01,600066.XSHG,0.0038309177116106
2016-06-01,600104.XSHG,0.0230095928683128
2016-06-01,600177.XSHG,0.003483363696997
2016-06-01,600276.XSHG,0.009204684469254
2016-06-01,600518.XSHG,0.0069066865965893
2016-06-01,600519.XSHG,0.0342182708105556
2016-06-01,600521.XSHG,0.0025760787560869
2016-06-01,600600.XSHG,0.0021184807223485
2016-06-01,600660.XSHG,0.0030404441007877
2016-06-01,600741.XSHG,0.0039291853039918
2016-06-01,600837.XSHG,0.0130355456695503
2016-06-01,600867.XSHG,0.0029212797878941
2016-06-01,600887.XSHG,0.0095633484878784
2016-06-01,600900.XSHG,0.0125295321108603
2016-06-01,601009.XSHG,0.0054479053776998
2016-06-01,601088.XSHG,0.0236362818511635
2016-06-01,601166.XSHG,0.0317536374728203
2016-06-01,601169.XSHG,0.013923113657347
2016-06-01,601238.XSHG,0.0104365092472264
2016-06-01,601288.XSHG,0.095952829911771
2016-06-01,601318.XSHG,0.0360704142873543
2016-06-01,601328.XSHG,0.022292235036799
2016-06-01,601398.XSHG,0.120828947537586
2016-06-01,601601.XSHG,0.0175537992118581
2016-06-01,601607.XSHG,0.0036158987143075
2016-06-01,601668.XSHG,0.0167965436003436
2016-06-01,601818.XSHG,0.0152103611598321
2016-06-01,601857.XSHG,0.1223936402801478
2016-06-01,601899.XSHG,0.0049937265180522
2016-06-01,601933.XSHG,0.0027372669728232
2016-06-01,601939.XSHG,0.004824528525197
2016-06-01,601988.XSHG,0.0726921850097477
2016-07-01,000001.XSHE,0.0132799019073982
2016-07-01,000333.XSHE,0.0084935453861112
2016-07-01,000423.XSHE,0.0035445191136502
2016-07-01,000538.XSHE,0.0069040738559786
2016-07-01,000858.XSHE,0.0128037835759801
2016-07-01,000895.XSHE,0.0040056241174232
2016-07-01,000963.XSHE,0.0030233160225442
2016-07-01,002008.XSHE,0.0024219110429541
2016-07-01,002142.XSHE,0.0053390025496273
2016-07-01,002415.XSHE,0.010951682205831
2016-07-01,002594.XSHE,0.0050952786364975
2016-07-01,600000.XSHG,0.0340402516390697
2016-07-01,600009.XSHG,0.0029615088854785
2016-07-01,600015.XSHG,0.0110349097445977
2016-07-01,600016.XSHG,0.0274999747220517
2016-07-01,600028.XSHG,0.0468016555822926
2016-07-01,600036.XSHG,0.0378989052950161
2016-07-01,600048.XSHG,0.0096063374670584
2016-07-01,600066.XSHG,0.0039532467952337
2016-07-01,600104.XSHG,0.0234154465833823
2016-07-01,600177.XSHG,0.0031880752658905
2016-07-01,600196.XSHG,0.0037654781595481
2016-07-01,600208.XSHG,0.0033821138547078
2016-07-01,600276.XSHG,0.0098252728755086
2016-07-01,600518.XSHG,0.0069607166294034
2016-07-01,600519.XSHG,0.0374610097403902
2016-07-01,600521.XSHG,0.0025668362554709
2016-07-01,600600.XSHG,0.0020965285145329
2016-07-01,600660.XSHG,0.0029096322847
2016-07-01,600741.XSHG,0.0037901645350085
2016-07-01,600837.XSHG,0.0129945995484898
2016-07-01,600867.XSHG,0.0029319717858077
2016-07-01,600887.XSHG,0.010644228883569
2016-07-01,600900.XSHG,0.0127457346412054
2016-07-01,601009.XSHG,0.0056640594516744
2016-07-01,601088.XSHG,0.0244024641257679
2016-07-01,601166.XSHG,0.0304757201045243
2016-07-01,601169.XSHG,0.0138128110061352
2016-07-01,601288.XSHG,0.0986693396138029
2016-07-01,601318.XSHG,0.036326092109077
2016-07-01,601328.XSHG,0.0231506398985424
2016-07-01,601398.XSHG,0.12558692617202
2016-07-01,601601.XSHG,0.017707862027315
2016-07-01,601607.XSHG,0.0036028953108505
2016-07-01,601668.XSHG,0.016514009731021
2016-07-01,601818.XSHG,0.0158058706127776
2016-07-01,601857.XSHG,0.1218261762047532
2016-07-01,601933.XSHG,0.0026374802606261
2016-07-01,601939.XSHG,0.0047587020595509
2016-07-01,601988.XSHG,0.0707217132091502
2016-08-01,000001.XSHE,0.0148297209230689
2016-08-01,000069.XSHE,0.0045266315167308
2016-08-01,000338.XSHE,0.0020354514348155
2016-08-01,002142.XSHE,0.0058070456227966
2016-08-01,600000.XSHG,0.0354091152469599
2016-08-01,600009.XSHG,0.0033118062390659
2016-08-01,600015.XSHG,0.0116708750859956
2016-08-01,600016.XSHG,0.0297591173999197
2016-08-01,600018.XSHG,0.0132717185416396
2016-08-01,600023.XSHG,0.0016968028741275
2016-08-01,600028.XSHG,0.0500971345219619
2016-08-01,600036.XSHG,0.0387084519138882
2016-08-01,600050.XSHG,0.0097003139574977
2016-08-01,600066.XSHG,0.0047588357053939
2016-08-01,600089.XSHG,0.003047691723454
2016-08-01,600177.XSHG,0.0035797931533692
2016-08-01,600196.XSHG,0.0043319411040368
2016-08-01,600276.XSHG,0.0110478292220372
2016-08-01,600406.XSHG,0.0035462589457948
2016-08-01,600535.XSHG,0.0044863731546044
2016-08-01,600583.XSHG,0.003179683018953
2016-08-01,600600.XSHG,0.0022217223654989
2016-08-01,600660.XSHG,0.0035024742818901
2016-08-01,600674.XSHG,0.0044137955862749
2016-08-01,600717.XSHG,0.0018730981656683
2016-08-01,600741.XSHG,0.0045255155623069
2016-08-01,600795.XSHG,0.0063957760583302
2016-08-01,600837.XSHG,0.0134165336191155
2016-08-01,600867.XSHG,0.0033222043609223
2016-08-01,600886.XSHG,0.0053142274998768
2016-08-01,600900.XSHG,0.0142531223640293
2016-08-01,601006.XSHG,0.009986148120311
2016-08-01,601009.XSHG,0.0064842779849335
2016-08-01,601088.XSHG,0.0269274247666193
2016-08-01,601166.XSHG,0.0324830491619603
2016-08-01,601169.XSHG,0.0139680543703381
2016-08-01,601288.XSHG,0.1002049633989965
2016-08-01,601318.XSHG,0.0381921806599972
2016-08-01,601328.XSHG,0.0242216266815475
2016-08-01,601336.XSHG,0.00903121935524
2016-08-01,601398.XSHG,0.127506725869317
2016-08-01,601601.XSHG,0.0183332573593661
2016-08-01,601668.XSHG,0.0188399076230219
2016-08-01,601818.XSHG,0.0167837515240099
2016-08-01,601857.XSHG,0.1276876525976406
2016-08-01,601888.XSHG,0.0047938842865636
2016-08-01,601933.XSHG,0.0030864420238592
2016-08-01,601939.XSHG,0.0053334427070353
2016-08-01,601988.XSHG,0.0771169772148477
2016-08-01,601998.XSHG,0.0209779531243689
2016-09-01,000001.XSHE,0.0149061632983437
2016-09-01,000166.XSHE,0.0049583934866755
2016-09-01,000598.XSHE,0.0018833548895911
2016-09-01,000623.XSHE,0.0022775080927884
2016-09-01,000671.XSHE,0.0022269097230722
2016-09-01,000725.XSHE,0.0062171744417824
2016-09-01,000776.XSHE,0.0106316194619029
2016-09-01,002252.XSHE,0.0091853530310254
2016-09-01,002294.XSHE,0.0014232313913106
2016-09-01,600000.XSHG,0.0363007529767696
2016-09-01,600004.XSHG,0.0017121673865586
2016-09-01,600015.XSHG,0.012061440162525
2016-09-01,600016.XSHG,0.0295655638548741
2016-09-01,600023.XSHG,0.0017135182884054
2016-09-01,600027.XSHG,0.0032980139202734
2016-09-01,600028.XSHG,0.0512008417728075
2016-09-01,600036.XSHG,0.0414105867400124
2016-09-01,600089.XSHG,0.0030700376344569
2016-09-01,600098.XSHG,0.0023718400668026
2016-09-01,600138.XSHG,0.0015909451701469
2016-09-01,600196.XSHG,0.0048823834706857
2016-09-01,600276.XSHG,0.0110035251093317
2016-09-01,600406.XSHG,0.0036644967196566
2016-09-01,600535.XSHG,0.0044383971524492
2016-09-01,600642.XSHG,0.0029248720344104
2016-09-01,600674.XSHG,0.004323515057964
2016-09-01,600795.XSHG,0.0064190192411565
2016-09-01,600811.XSHG,0.0012884238309483
2016-09-01,600837.XSHG,0.0137054658195301
2016-09-01,600867.XSHG,0.0033056078211455
2016-09-01,600900.XSHG,0.0143735683370083
2016-09-01,601006.XSHG,0.0100814406390746
2016-09-01,601009.XSHG,0.0067422243957477
2016-09-01,601088.XSHG,0.026525984760231
2016-09-01,601117.XSHG,0.0030154273929073
2016-09-01,601166.XSHG,0.0329463505057085
2016-09-01,601169.XSHG,0.0147383435918516
2016-09-01,601288.XSHG,0.1008116734141032
2016-09-01,601318.XSHG,0.0401392752100219
2016-09-01,601328.XSHG,0.0244586093714496
2016-09-01,601333.XSHG,0.002547131383273
2016-09-01,601398.XSHG,0.1313810403756123
2016-09-01,601601.XSHG,0.0189637904605993
2016-09-01,601668.XSHG,0.0204689048688628
2016-09-01,601818.XSHG,0.0168672138524727
2016-09-01,601857.XSHG,0.1307502678604564
2016-09-01,601888.XSHG,0.004864522871238
2016-09-01,601939.XSHG,0.0054816939616646
2016-09-01,601988.XSHG,0.0790739618886991
2016-09-01,601998.XSHG,0.0218074528116132
2016-10-10,000001.XSHE,0.0143589843529039
2016-10-10,000028.XSHE,0.001806025850621
2016-10-10,000063.XSHE,0.0055039633000025
2016-10-10,000157.XSHE,0.0030947294318801
2016-10-10,000166.XSHE,0.004973646967679
2016-10-10,000338.XSHE,0.0021634333087688
2016-10-10,000623.XSHE,0.0022489762472641
2016-10-10,000685.XSHE,0.0011817572284817
2016-10-10,000725.XSHE,0.0062573722963578
2016-10-10,000776.XSHE,0.0106437752133759
2016-10-10,000895.XSHE,0.0046415454306066
2016-10-10,000963.XSHE,0.0032775607701128
2016-10-10,002252.XSHE,0.0088345457316309
2016-10-10,002422.XSHE,0.0016470560797961
2016-10-10,600000.XSHG,0.0365426357043207
2016-10-10,600009.XSHG,0.0031970436862162
2016-10-10,600015.XSHG,0.0116711417826897
2016-10-10,600016.XSHG,0.0296698022202686
2016-10-10,600023.XSHG,0.0017039145010184
2016-10-10,600028.XSHG,0.0509003453645715
2016-10-10,600030.XSHG,0.0173313915851128
2016-10-10,600036.XSHG,0.0406235258784485
2016-10-10,600039.XSHG,0.0014362838804644
2016-10-10,600089.XSHG,0.0030195908724602
2016-10-10,600196.XSHG,0.0048774437801123
2016-10-10,600201.XSHG,0.001921195531721
2016-10-10,600276.XSHG,0.0113966502462811
2016-10-10,600406.XSHG,0.0039093100447208
2016-10-10,600521.XSHG,0.0029661633993251
2016-10-10,600572.XSHG,0.0015544499383896
2016-10-10,600600.XSHG,0.0024083571617458
2016-10-10,600795.XSHG,0.0063436924769435
2016-10-10,600837.XSHG,0.0139848552169002
2016-10-10,600867.XSHG,0.0033647840633038
2016-10-10,600900.XSHG,0.0140008558494332
2016-10-10,601006.XSHG,0.0103827277520392
2016-10-10,601088.XSHG,0.0273463991905245
2016-10-10,601166.XSHG,0.0328648224688175
2016-10-10,601169.XSHG,0.0149237732328213
2016-10-10,601288.XSHG,0.0996756497664885
2016-10-10,601318.XSHG,0.0403330356884406
2016-10-10,601328.XSHG,0.0236530291675136
2016-10-10,601398.XSHG,0.1293969197742364
2016-10-10,601601.XSHG,0.0199637197712209
2016-10-10,601628.XSHG,0.0487150790762399
2016-10-10,601857.XSHG,0.1270232193795516
2016-10-10,601888.XSHG,0.0047441570727316
2016-10-10,601901.XSHG,0.0050289655255865
2016-10-10,601939.XSHG,0.0053786273650614
2016-10-10,601988.XSHG,0.0771130693747954
2016-11-01,000001.XSHE,0.0131801208909754
2016-11-01,000063.XSHE,0.0051178714006894
2016-11-01,000166.XSHE,0.0045978970981962
2016-11-01,000333.XSHE,0.0167309261294291
2016-11-01,000425.XSHE,0.0022608218107837
2016-11-01,000623.XSHE,0.0021480975649409
2016-11-01,000625.XSHE,0.0052484201252217
2016-11-01,000725.XSHE,0.0058731707058707
2016-11-01,000776.XSHE,0.0102736061895629
2016-11-01,000963.XSHE,0.0031862750165602
2016-11-01,002422.XSHE,0.001572737478187
2016-11-01,300003.XSHE,0.0025017260866788
2016-11-01,600000.XSHG,0.0329635357316487
2016-11-01,600015.XSHG,0.0109949210554252
2016-11-01,600016.XSHG,0.0268248283615388
2016-11-01,600023.XSHG,0.001584158088544
2016-11-01,600028.XSHG,0.0470901255713194
2016-11-01,600030.XSHG,0.0162606117815849
2016-11-01,600031.XSHG,0.0044157090195429
2016-11-01,600036.XSHG,0.0365561563882367
2016-11-01,600089.XSHG,0.0028097684300057
2016-11-01,600157.XSHG,0.0019204680537623
2016-11-01,600166.XSHG,0.0018538616647784
2016-11-01,600276.XSHG,0.0108283761176245
2016-11-01,600518.XSHG,0.0073895339601308
2016-11-01,600519.XSHG,0.039207802150779
2016-11-01,600572.XSHG,0.001533224454268
2016-11-01,600741.XSHG,0.004208474966824
2016-11-01,600795.XSHG,0.0058682392159138
2016-11-01,600837.XSHG,0.0130638337544677
2016-11-01,600867.XSHG,0.0031737006386914
2016-11-01,600900.XSHG,0.0129193277775698
2016-11-01,601006.XSHG,0.0099050752577331
2016-11-01,601088.XSHG,0.0277931604665289
2016-11-01,601166.XSHG,0.030908071853504
2016-11-01,601169.XSHG,0.0139982902188037
2016-11-01,601288.XSHG,0.0918717730348677
2016-11-01,601318.XSHG,0.0374318280931502
2016-11-01,601328.XSHG,0.0218957328484427
2016-11-01,601377.XSHG,0.0052801082582804
2016-11-01,601398.XSHG,0.1179821656664144
2016-11-01,601601.XSHG,0.0182040643107578
2016-11-01,601628.XSHG,0.0449050830380007
2016-11-01,601766.XSHG,0.0211643194548873
2016-11-01,601857.XSHG,0.116977914933362
2016-11-01,601888.XSHG,0.0043451359942473
2016-11-01,601901.XSHG,0.0046989774879676
2016-11-01,601939.XSHG,0.0050018852005599
2016-11-01,601985.XSHG,0.0028508349902501
2016-11-01,601988.XSHG,0.0706272512124876
2016-12-01,000001.XSHE,0.0148796531535447
2016-12-01,000027.XSHE,0.0030826610256981
2016-12-01,000061.XSHE,0.0024083538148525
2016-12-01,000069.XSHE,0.00509736336187
2016-12-01,000625.XSHE,0.0066654235339039
2016-12-01,000778.XSHE,0.0020762503618894
2016-12-01,002024.XSHE,0.0062193171658913
2016-12-01,600000.XSHG,0.0372785220216971
2016-12-01,600010.XSHG,0.0051196604714217
2016-12-01,600015.XSHG,0.0132442038113616
2016-12-01,600016.XSHG,0.0295214300386993
2016-12-01,600017.XSHG,0.0013879993750798
2016-12-01,600018.XSHG,0.0129930540124456
2016-12-01,600022.XSHG,0.0023255810313932
2016-12-01,600023.XSHG,0.00180717715791
2016-12-01,600027.XSHG,0.0038092782005848
2016-12-01,600028.XSHG,0.053348085219866
2016-12-01,600030.XSHG,0.018538256540527
2016-12-01,600036.XSHG,0.0404069552986716
2016-12-01,600089.XSHG,0.0033353107243058
2016-12-01,600221.XSHG,0.0042294579229643
2016-12-01,600276.XSHG,0.0116339295595106
2016-12-01,600369.XSHG,0.0038726911538226
2016-12-01,600518.XSHG,0.0080824033875471
2016-12-01,600519.XSHG,0.0427201067233271
2016-12-01,600583.XSHG,0.0035315789782518
2016-12-01,600674.XSHG,0.0043276694709017
2016-12-01,600741.XSHG,0.0047232514099662
2016-12-01,600795.XSHG,0.0068695374830125
2016-12-01,600837.XSHG,0.0144017214310846
2016-12-01,600875.XSHG,0.0022190858046888
2016-12-01,600958.XSHG,0.0056464707088287
2016-12-01,601006.XSHG,0.0114811922409511
2016-12-01,601166.XSHG,0.0341096421972911
2016-12-01,601169.XSHG,0.0164959165334811
2016-12-01,601211.XSHG,0.0101855604398351
2016-12-01,601258.XSHG,0.0019976426659258
2016-12-01,601288.XSHG,0.1003060397846281
2016-12-01,601318.XSHG,0.0417943373834351
2016-12-01,601328.XSHG,0.0243662697187103
2016-12-01,601398.XSHG,0.1290982054421571
2016-12-01,601558.XSHG,0.0016855193219458
2016-12-01,601607.XSHG,0.0041454457112562
2016-12-01,601788.XSHG,0.0074908434074183
2016-12-01,601818.XSHG,0.0173332552057131
2016-12-01,601857.XSHG,0.133109790373845
2016-12-01,601928.XSHG,0.0030302554642506
2016-12-01,601939.XSHG,0.0056811758544974
2016-12-01,601985.XSHG,0.0032933664531012
2016-12-01,601988.XSHG,0.0785931014460359
2017-01-03,000001.XSHE,0.0147910695219215
2017-01-03,000027.XSHE,0.0030277383105786
2017-01-03,000513.XSHE,0.0015558612894417
2017-01-03,000540.XSHE,0.0030536810267365
2017-01-03,000826.XSHE,0.003078475505299
2017-01-03,000963.XSHE,0.0034735407822198
2017-01-03,002244.XSHE,0.0017657420003262
2017-01-03,002252.XSHE,0.0094021510294861
2017-01-03,002294.XSHE,0.0016080821865066
2017-01-03,600000.XSHG,0.0369117550798232
2017-01-03,600009.XSHG,0.0032161134955246
2017-01-03,600011.XSHG,0.0082044088939189
2017-01-03,600016.XSHG,0.0297116387007955
2017-01-03,600018.XSHG,0.0129082725756006
2017-01-03,600022.XSHG,0.0023048170692285
2017-01-03,600023.XSHG,0.0082555948402283
2017-01-03,600027.XSHG,0.0037363701799513
2017-01-03,600028.XSHG,0.058108859252474
2017-01-03,600036.XSHG,0.0408891495933886
2017-01-03,600089.XSHG,0.0032522457994804
2017-01-03,600196.XSHG,0.0049835206244501
2017-01-03,600221.XSHG,0.0042758689093428
2017-01-03,600269.XSHG,0.0013119132020374
2017-01-03,600276.XSHG,0.0118952024534478
2017-01-03,600401.XSHG,0.0012202152542185
2017-01-03,600518.XSHG,0.0087162545538737
2017-01-03,600519.XSHG,0.0463827809576407
2017-01-03,600642.XSHG,0.0029690542287254
2017-01-03,600811.XSHG,0.0013263095502805
2017-01-03,600820.XSHG,0.0038550907853927
2017-01-03,600837.XSHG,0.0140659222513887
2017-01-03,600867.XSHG,0.0032980521797718
2017-01-03,600900.XSHG,0.0135632455977802
2017-01-03,600959.XSHG,0.001738099928594
2017-01-03,601006.XSHG,0.0118297959908336
2017-01-03,601018.XSHG,0.0071621377398407
2017-01-03,601166.XSHG,0.0341475078844483
2017-01-03,601169.XSHG,0.0165812004056922
2017-01-03,601258.XSHG,0.0020096187124633
2017-01-03,601288.XSHG,0.1012531018302259
2017-01-03,601318.XSHG,0.0426564666051486
2017-01-03,601328.XSHG,0.0251680804513026
2017-01-03,601398.XSHG,0.1318159690166044
2017-01-03,601607.XSHG,0.0042147186841518
2017-01-03,601818.XSHG,0.0173547329414993
2017-01-03,601857.XSHG,0.142425951505487
2017-01-03,601888.XSHG,0.0046770297552619
2017-01-03,601939.XSHG,0.0058127453720818
2017-01-03,601985.XSHG,0.0033189351914951
2017-01-03,601988.XSHG,0.0807149103035867
2017-02-03,000001.XSHE,0.0177674508780445
2017-02-03,000826.XSHE,0.0032567491739269
2017-02-03,000876.XSHE,0.0031441481232206
2017-02-03,000963.XSHE,0.0037905817213193
2017-02-03,002244.XSHE,0.0019004566653619
2017-02-03,002252.XSHE,0.00927184538719
2017-02-03,002415.XSHE,0.0143848667656584
2017-02-03,002508.XSHE,0.0031339377768399
2017-02-03,600000.XSHG,0.0386999124135604
2017-02-03,600009.XSHG,0.0034265390046698
2017-02-03,600011.XSHG,0.0086217067484138
2017-02-03,600016.XSHG,0.0307339376446817
2017-02-03,600018.XSHG,0.0137037734856665
2017-02-03,600022.XSHG,0.0024524442033204
2017-02-03,600023.XSHG,0.0088076983335138
2017-02-03,600027.XSHG,0.00383964028066
2017-02-03,600030.XSHG,0.0182217211281214
2017-02-03,600036.XSHG,0.0437505980753542
2017-02-03,600089.XSHG,0.0034255977710614
2017-02-03,600196.XSHG,0.005445067077988
2017-02-03,600221.XSHG,0.0044476362754331
2017-02-03,600269.XSHG,0.0013667140640783
2017-02-03,600276.XSHG,0.0129941725232378
2017-02-03,600332.XSHG,0.0029788456379278
2017-02-03,600352.XSHG,0.0033385063704211
2017-02-03,600436.XSHG,0.0030927835771512
2017-02-03,600518.XSHG,0.0089521771468821
2017-02-03,600600.XSHG,0.0025469456739744
2017-02-03,600642.XSHG,0.0031285558686384
2017-02-03,600690.XSHG,0.0063214371912142
2017-02-03,600820.XSHG,0.0039866030653567
2017-02-03,600837.XSHG,0.0147483750430983
2017-02-03,600886.XSHG,0.0052334688548588
2017-02-03,600900.XSHG,0.0142697190757695
2017-02-03,601018.XSHG,0.0075197795875668
2017-02-03,601166.XSHG,0.0361501057279335
2017-02-03,601169.XSHG,0.017280940984986
2017-02-03,601211.XSHG,0.0102710765624809
2017-02-03,601288.XSHG,0.1060526449312117
2017-02-03,601318.XSHG,0.0437617408090775
2017-02-03,601328.XSHG,0.0265759583239187
2017-02-03,601398.XSHG,0.1394343526876749
2017-02-03,601607.XSHG,0.004745575433048
2017-02-03,601633.XSHG,0.007800182157363
2017-02-03,601818.XSHG,0.0181956061303548
2017-02-03,601857.XSHG,0.1575646313804547
2017-02-03,601888.XSHG,0.0050222003592754
2017-02-03,601939.XSHG,0.0061910150930734
2017-02-03,601985.XSHG,0.0033914797392185
2017-02-03,601988.XSHG,0.0848580970657452
2017-03-01,000001.XSHE,0.0225718730650991
2017-03-01,000826.XSHE,0.0041347721283566
2017-03-01,000883.XSHE,0.00363003754441
2017-03-01,000963.XSHE,0.0048026077939173
2017-03-01,002244.XSHE,0.0023267923428275
2017-03-01,600000.XSHG,0.0477711081205719
2017-03-01,600004.XSHG,0.0024285371419586
2017-03-01,600009.XSHG,0.0042260709580214
2017-03-01,600011.XSHG,0.0113814163038077
2017-03-01,600023.XSHG,0.0111284981529724
2017-03-01,600027.XSHG,0.0049599875610633
2017-03-01,600036.XSHG,0.0560900862230498
2017-03-01,600060.XSHG,0.0034786573716136
2017-03-01,600104.XSHG,0.0399920121771721
2017-03-01,600196.XSHG,0.0069725500711594
2017-03-01,600221.XSHG,0.0056794271895507
2017-03-01,600269.XSHG,0.0018156843218051
2017-03-01,600276.XSHG,0.0164207834984035
2017-03-01,600332.XSHG,0.0040299614550244
2017-03-01,600352.XSHG,0.0041857879916904
2017-03-01,600436.XSHG,0.0040586377273806
2017-03-01,600518.XSHG,0.010887065121413
2017-03-01,600600.XSHG,0.0032560516390353
2017-03-01,600635.XSHG,0.0022273701596056
2017-03-01,600642.XSHG,0.0040254013360394
2017-03-01,600648.XSHG,0.0027414589574605
2017-03-01,600674.XSHG,0.0054772151427912
2017-03-01,600690.XSHG,0.0083456992287328
2017-03-01,600741.XSHG,0.0068389244016749
2017-03-01,600795.XSHG,0.0091719581245325
2017-03-01,600820.XSHG,0.0051717116741233
2017-03-01,600835.XSHG,0.0023550265936193
2017-03-01,600863.XSHG,0.0026699794833492
2017-03-01,600886.XSHG,0.0067260036464267
2017-03-01,600900.XSHG,0.017812291079409
2017-03-01,601018.XSHG,0.0096095678734835
2017-03-01,601166.XSHG,0.0446247584237916
2017-03-01,601169.XSHG,0.0213789767856185
2017-03-01,601211.XSHG,0.0128462928821032
2017-03-01,601258.XSHG,0.0026055611563208
2017-03-01,601288.XSHG,0.1347718638137376
2017-03-01,601318.XSHG,0.0550701610307353
2017-03-01,601328.XSHG,0.0347650135121191
2017-03-01,601398.XSHG,0.177393640063955
2017-03-01,601607.XSHG,0.0058637681773414
2017-03-01,601818.XSHG,0.0235630132349253
2017-03-01,601888.XSHG,0.0067073439609611
2017-03-01,601939.XSHG,0.0079442360734737
2017-03-01,601985.XSHG,0.0043171156596608
2017-03-01,601988.XSHG,0.1087472416237024
2017-04-05,000001.XSHE,0.0193173884864777
2017-04-05,000069.XSHE,0.0056412406208158
2017-04-05,000826.XSHE,0.0037806089768634
2017-04-05,000876.XSHE,0.0034841257567191
2017-04-05,000895.XSHE,0.0093007058778172
2017-04-05,000999.XSHE,0.0033162930461105
2017-04-05,002007.XSHE,0.0036112095852513
2017-04-05,600000.XSHG,0.0433114298174461
2017-04-05,600009.XSHG,0.004104925812613
2017-04-05,600010.XSHG,0.0060305799946571
2017-04-05,600015.XSHG,0.0150890374457343
2017-04-05,600023.XSHG,0.0096954688387346
2017-04-05,600027.XSHG,0.0042729553300143
2017-04-05,600030.XSHG,0.0198214968402383
2017-04-05,600036.XSHG,0.0487716813525599
2017-04-05,600066.XSHG,0.0051185725378811
2017-04-05,600104.XSHG,0.0346922577646685
2017-04-05,600109.XSHG,0.0052567996923577
2017-04-05,600170.XSHG,0.0042639857902342
2017-04-05,600177.XSHG,0.0038839945512226
2017-04-05,600196.XSHG,0.0066243426739819
2017-04-05,600221.XSHG,0.0050668952471676
2017-04-05,600269.XSHG,0.0015953435024086
2017-04-05,600276.XSHG,0.01583142639698
2017-04-05,600312.XSHG,0.0024312139965939
2017-04-05,600315.XSHG,0.0024840253355426
2017-04-05,600436.XSHG,0.0038946938100287
2017-04-05,600518.XSHG,0.0101784859027522
2017-04-05,600519.XSHG,0.0606853531189161
2017-04-05,600674.XSHG,0.0049500685505384
2017-04-05,600688.XSHG,0.005886723068715
2017-04-05,600795.XSHG,0.0080637929873708
2017-04-05,600835.XSHG,0.0021767329177849
2017-04-05,600863.XSHG,0.0024192839579819
2017-04-05,600886.XSHG,0.0063350544842941
2017-04-05,600887.XSHG,0.0141670655238626
2017-04-05,600900.XSHG,0.0160820676065927
2017-04-05,601006.XSHG,0.0141368497780298
2017-04-05,601166.XSHG,0.0385958251255271
2017-04-05,601169.XSHG,0.0186830582124673
2017-04-05,601179.XSHG,0.0041751687412296
2017-04-05,601211.XSHG,0.0109376809130898
2017-04-05,601288.XSHG,0.1221276043816695
2017-04-05,601318.XSHG,0.0497496963707251
2017-04-05,601328.XSHG,0.0303650387398045
2017-04-05,601398.XSHG,0.1621143008709441
2017-04-05,601818.XSHG,0.0202851372269795
2017-04-05,601939.XSHG,0.0071482332501207
2017-04-05,601985.XSHG,0.003885640955435
2017-04-05,601988.XSHG,0.0961584382340469
2017-05-02,000001.XSHE,0.0160610732705896
2017-05-02,000876.XSHE,0.002962272944768
2017-05-02,000999.XSHE,0.0029350878394317
2017-05-02,002007.XSHE,0.0030991211471641
2017-05-02,002294.XSHE,0.0015566237759518
2017-05-02,002570.XSHE,0.0014579162458772
2017-05-02,300003.XSHE,0.0027850958985726
2017-05-02,300498.XSHE,0.0100977386241949
2017-05-02,600000.XSHG,0.0348023545310799
2017-05-02,600015.XSHG,0.0117556278358918
2017-05-02,600023.XSHG,0.0078424012823826
2017-05-02,600027.XSHG,0.0035951204621758
2017-05-02,600028.XSHG,0.0581445377909611
2017-05-02,600030.XSHG,0.0167903273970878
2017-05-02,600036.XSHG,0.0416435181240475
2017-05-02,600085.XSHG,0.004513321395885
2017-05-02,600104.XSHG,0.0318813607133989
2017-05-02,600170.XSHG,0.0034469304841077
2017-05-02,600177.XSHG,0.0037597149178815
2017-05-02,600221.XSHG,0.0041643974469859
2017-05-02,600276.XSHG,0.0132243108515238
2017-05-02,600315.XSHG,0.0020771178596564
2017-05-02,600352.XSHG,0.0030869077450448
2017-05-02,600518.XSHG,0.0090124824366607
2017-05-02,600535.XSHG,0.0045593452429976
2017-05-02,600637.XSHG,0.004958427838532
2017-05-02,600642.XSHG,0.0029341539021464
2017-05-02,600674.XSHG,0.0043801781864899
2017-05-02,600682.XSHG,0.0027008014118002
2017-05-02,600688.XSHG,0.0050499781430072
2017-05-02,600705.XSHG,0.0049673990275833
2017-05-02,600795.XSHG,0.0069487049379231
2017-05-02,600837.XSHG,0.0125631509110541
2017-05-02,600887.XSHG,0.0118015164103568
2017-05-02,600900.XSHG,0.0144890571215849
2017-05-02,601006.XSHG,0.0125034747559252
2017-05-02,601166.XSHG,0.0312785079596469
2017-05-02,601211.XSHG,0.0090296946465976
2017-05-02,601288.XSHG,0.1039828042673772
2017-05-02,601318.XSHG,0.043543022331568
2017-05-02,601328.XSHG,0.0248001596439257
2017-05-02,601336.XSHG,0.0099411232190142
2017-05-02,601398.XSHG,0.137998666014489
2017-05-02,601601.XSHG,0.0182986926023767
2017-05-02,601607.XSHG,0.0049109778868645
2017-05-02,601818.XSHG,0.0162759039604264
2017-05-02,601857.XSHG,0.1322271683350055
2017-05-02,601939.XSHG,0.0060208801877685
2017-05-02,601985.XSHG,0.0034629570009246
2017-05-02,601988.XSHG,0.0796778930332913
2017-06-01,000001.XSHE,0.0166997211091441
2017-06-01,000876.XSHE,0.0029368697317312
2017-06-01,002007.XSHE,0.003063078811128
2017-06-01,002294.XSHE,0.0036042726740357
2017-06-01,300015.XSHE,0.0028186634739505
2017-06-01,600015.XSHG,0.0124185244386074
2017-06-01,600023.XSHG,0.0084583267313251
2017-06-01,600028.XSHG,0.0649702702098035
2017-06-01,600029.XSHG,0.0066378685595052
2017-06-01,600030.XSHG,0.0172571457070244
2017-06-01,600048.XSHG,0.0112794641865172
2017-06-01,600061.XSHG,0.0032333304966191
2017-06-01,600066.XSHG,0.0042240062365912
2017-06-01,600085.XSHG,0.0047993500491148
2017-06-01,600104.XSHG,0.0361435161199298
2017-06-01,600115.XSHG,0.0062764673705177
2017-06-01,600177.XSHG,0.0038798075568183
2017-06-01,600221.XSHG,0.0041233871320365
2017-06-01,600276.XSHG,0.0153329531318772
2017-06-01,600352.XSHG,0.0030303139743626
2017-06-01,600518.XSHG,0.0101928404260478
2017-06-01,600535.XSHG,0.0044308513227049
2017-06-01,600642.XSHG,0.0029580549382365
2017-06-01,600663.XSHG,0.0063121680571456
2017-06-01,600674.XSHG,0.0045581213535446
2017-06-01,600688.XSHG,0.0052884094037803
2017-06-01,600705.XSHG,0.0049262203104589
2017-06-01,600795.XSHG,0.007366169814745
2017-06-01,600837.XSHG,0.0131332536091553
2017-06-01,600887.XSHG,0.0125979857213491
2017-06-01,600900.XSHG,0.0157335864912402
2017-06-01,600959.XSHG,0.0016406017715121
2017-06-01,600999.XSHG,0.0090330190406217
2017-06-01,601006.XSHG,0.0134294491227562
2017-06-01,601098.XSHG,0.0033411746064088
2017-06-01,601166.XSHG,0.0339295209038428
2017-06-01,601211.XSHG,0.0098922681061705
2017-06-01,601288.XSHG,0.1130724965388355
2017-06-01,601328.XSHG,0.0263496099324598
2017-06-01,601398.XSHG,0.1537726269041895
2017-06-01,601601.XSHG,0.0207910956937221
2017-06-01,601688.XSHG,0.0103376837134002
2017-06-01,601766.XSHG,0.0252805361151499
2017-06-01,601788.XSHG,0.0064033821211079
2017-06-01,601818.XSHG,0.0171468924583712
2017-06-01,601857.XSHG,0.1365276694804833
2017-06-01,601899.XSHG,0.0055507840281457
2017-06-01,601939.XSHG,0.0066052186139086
2017-06-01,601985.XSHG,0.0035435942316379
2017-06-01,601988.XSHG,0.0846673774682262
2017-07-03,000001.XSHE,0.0184729252422298
2017-07-03,000540.XSHE,0.0031675902361346
2017-07-03,000876.XSHE,0.0033367474382647
2017-07-03,000883.XSHE,0.0031110582612434
2017-07-03,002007.XSHE,0.0033835432321876
2017-07-03,002422.XSHE,0.0019065865356487
2017-07-03,600010.XSHG,0.0057345017907207
2017-07-03,600015.XSHG,0.0136586390844483
2017-07-03,600018.XSHG,0.0167846796974352
2017-07-03,600020.XSHG,0.0013418288231119
2017-07-03,600023.XSHG,0.0085944661475369
2017-07-03,600028.XSHG,0.0659343182601751
2017-07-03,600030.XSHG,0.0192787115892729
2017-07-03,600048.XSHG,0.0138784050773383
2017-07-03,600061.XSHG,0.0035377779273838
2017-07-03,600115.XSHG,0.0077476490379659
2017-07-03,600177.XSHG,0.0042184760772431
2017-07-03,600219.XSHG,0.002815830335588
2017-07-03,600221.XSHG,0.0044318737966927
2017-07-03,600352.XSHG,0.003426477256898
2017-07-03,600518.XSHG,0.011150943945039
2017-07-03,600535.XSHG,0.0049597593551833
2017-07-03,600642.XSHG,0.0033312369311341
2017-07-03,600663.XSHG,0.0067156699957813
2017-07-03,600674.XSHG,0.0049908300266198
2017-07-03,600688.XSHG,0.0056174248851444
2017-07-03,600739.XSHG,0.0028756542106035
2017-07-03,600867.XSHG,0.0035536458891467
2017-07-03,600886.XSHG,0.0062273246134751
2017-07-03,600900.XSHG,0.0205024888596445
2017-07-03,600998.XSHG,0.0041045179203908
2017-07-03,600999.XSHG,0.0097689309034278
2017-07-03,601006.XSHG,0.0144889954284078
2017-07-03,601018.XSHG,0.0084007387998048
2017-07-03,601098.XSHG,0.0038741577467398
2017-07-03,601166.XSHG,0.0373576677708233
2017-07-03,601211.XSHG,0.0111489792001817
2017-07-03,601288.XSHG,0.1202349508168423
2017-07-03,601328.XSHG,0.028222724366771
2017-07-03,601398.XSHG,0.1641080600082701
2017-07-03,601688.XSHG,0.0112115027464684
2017-07-03,601766.XSHG,0.0268875556300968
2017-07-03,601788.XSHG,0.0067344618734812
2017-07-03,601818.XSHG,0.0186825661505912
2017-07-03,601857.XSHG,0.1455814675348467
2017-07-03,601899.XSHG,0.0063150840046718
2017-07-03,601901.XSHG,0.0071748178088802
2017-07-03,601939.XSHG,0.006842450272748
2017-07-03,601985.XSHG,0.0038322876374977
2017-07-03,601988.XSHG,0.0903410188197648
2017-08-01,000157.XSHE,0.0029510995352997
2017-08-01,000776.XSHE,0.0104707550326735
2017-08-01,000876.XSHE,0.0028171669098613
2017-08-01,000883.XSHE,0.0026340570682891
2017-08-01,000979.XSHE,0.0016451405710223
2017-08-01,002470.XSHE,0.0021619580830481
2017-08-01,002594.XSHE,0.0055035216042446
2017-08-01,600015.XSHG,0.0128259308203619
2017-08-01,600016.XSHG,0.0253073741658141
2017-08-01,600018.XSHG,0.0150693098545248
2017-08-01,600022.XSHG,0.002475329632381
2017-08-01,600023.XSHG,0.0074253089350071
2017-08-01,600028.XSHG,0.0585733707018482
2017-08-01,600030.XSHG,0.0169841441596068
2017-08-01,600061.XSHG,0.0030883643050423
2017-08-01,600115.XSHG,0.0066405266020918
2017-08-01,600177.XSHG,0.0037588240810279
2017-08-01,600221.XSHG,0.0038297067262089
2017-08-01,600276.XSHG,0.0142377517266799
2017-08-01,600352.XSHG,0.0034346247959033
2017-08-01,600377.XSHG,0.0036305162408738
2017-08-01,600519.XSHG,0.0594511390835463
2017-08-01,600585.XSHG,0.0097790864084173
2017-08-01,600642.XSHG,0.0027992025167199
2017-08-01,600663.XSHG,0.0059719956933007
2017-08-01,600674.XSHG,0.0043902396866722
2017-08-01,600682.XSHG,0.0026923635413434
2017-08-01,600688.XSHG,0.0049960124505986
2017-08-01,600823.XSHG,0.0018841377496191
2017-08-01,600837.XSHG,0.0119458910375389
2017-08-01,600886.XSHG,0.0055037538974831
2017-08-01,600900.XSHG,0.0173369807729332
2017-08-01,600999.XSHG,0.008703248488954
2017-08-01,601166.XSHG,0.0339085966514557
2017-08-01,601169.XSHG,0.0141884957467814
2017-08-01,601211.XSHG,0.0098129061922874
2017-08-01,601288.XSHG,0.1083788219264408
2017-08-01,601328.XSHG,0.0249489778289801
2017-08-01,601390.XSHG,0.0160568887573052
2017-08-01,601398.XSHG,0.1477264200034135
2017-08-01,601618.XSHG,0.008241577220098
2017-08-01,601766.XSHG,0.022833151639078
2017-08-01,601788.XSHG,0.0059520044101416
2017-08-01,601818.XSHG,0.0167128116888806
2017-08-01,601857.XSHG,0.1313257000810465
2017-08-01,601899.XSHG,0.0058558951418208
2017-08-01,601939.XSHG,0.0064289041170574
2017-08-01,601985.XSHG,0.0032678665681105
2017-08-01,601988.XSHG,0.0822505026925989
2017-08-01,601998.XSHG,0.0211916464555641
2017-09-01,000157.XSHE,0.0034172417562743
2017-09-01,000566.XSHE,0.0015455554871779
2017-09-01,000671.XSHE,0.0023071185098387
2017-09-01,000876.XSHE,0.0031075297235245
2017-09-01,000883.XSHE,0.0032399224432517
2017-09-01,000926.XSHE,0.0014036025506785
2017-09-01,000979.XSHE,0.0019378177818384
2017-09-01,002470.XSHE,0.0025115655441118
2017-09-01,002594.XSHE,0.0065453309071801
2017-09-01,600000.XSHG,0.0427327141165382
2017-09-01,600016.XSHG,0.029451948894895
2017-09-01,600018.XSHG,0.0173677432377267
2017-09-01,600023.XSHG,0.0089555273513321
2017-09-01,600027.XSHG,0.003732258184977
2017-09-01,600028.XSHG,0.0681550318681802
2017-09-01,600037.XSHG,0.0020937041203961
2017-09-01,600061.XSHG,0.0038507212902864
2017-09-01,600115.XSHG,0.0081052520506279
2017-09-01,600170.XSHG,0.0038164804109832
2017-09-01,600221.XSHG,0.0046554201702638
2017-09-01,600276.XSHG,0.0186717295242042
2017-09-01,600415.XSHG,0.0046535561557637
2017-09-01,600518.XSHG,0.0108213739395342
2017-09-01,600519.XSHG,0.0740672492385237
2017-09-01,600572.XSHG,0.001720015310168
2017-09-01,600642.XSHG,0.0033279697647342
2017-09-01,600663.XSHG,0.007084754464439
2017-09-01,600674.XSHG,0.0050005452790852
2017-09-01,600682.XSHG,0.0032816023486753
2017-09-01,600823.XSHG,0.002425333506234
2017-09-01,600837.XSHG,0.014761373583311
2017-09-01,600886.XSHG,0.005995485356209
2017-09-01,600895.XSHG,0.0031680543184479
2017-09-01,600900.XSHG,0.0205092157171622
2017-09-01,601006.XSHG,0.0161088202175244
2017-09-01,601009.XSHG,0.0077539933692945
2017-09-01,601166.XSHG,0.039745452225115
2017-09-01,601169.XSHG,0.016556769131528
2017-09-01,601288.XSHG,0.1295495230314228
2017-09-01,601328.XSHG,0.0303785939949363
2017-09-01,601390.XSHG,0.0191390554870807
2017-09-01,601618.XSHG,0.009822636799761
2017-09-01,601669.XSHG,0.0092818031614249
2017-09-01,601766.XSHG,0.0270153855820639
2017-09-01,601788.XSHG,0.0074567322255976
2017-09-01,601818.XSHG,0.0196720349805566
2017-09-01,601857.XSHG,0.1559766834363275
2017-09-01,601939.XSHG,0.0078249194920494
2017-09-01,601985.XSHG,0.0038936180142422
2017-09-01,601988.XSHG,0.1054032339444985
2017-10-09,000157.XSHE,0.0027780500642951
2017-10-09,000538.XSHE,0.0091622043787679
2017-10-09,000566.XSHE,0.0013902063850733
2017-10-09,000623.XSHE,0.0023993200904081
2017-10-09,000625.XSHE,0.0053333081794698
2017-10-09,000876.XSHE,0.0029881171864945
2017-10-09,002178.XSHE,0.0007497475358155
2017-10-09,002465.XSHE,0.002096048134244
2017-10-09,002470.XSHE,0.0020492678816224
2017-10-09,002711.XSHE,0.0012599515041922
2017-10-09,600000.XSHG,0.0354741121809042
2017-10-09,600016.XSHG,0.0232278478725084
2017-10-09,600018.XSHG,0.0147358720437244
2017-10-09,600028.XSHG,0.0542967165556869
2017-10-09,600061.XSHG,0.0030791600053844
2017-10-09,600085.XSHG,0.004305293854357
2017-10-09,600094.XSHG,0.0017365342402719
2017-10-09,600104.XSHG,0.0333732310170836
2017-10-09,600115.XSHG,0.0064562498769464
2017-10-09,600170.XSHG,0.003062834452284
2017-10-09,600201.XSHG,0.002052404249992
2017-10-09,600221.XSHG,0.0051866060240465
2017-10-09,600276.XSHG,0.0168884967769006
2017-10-09,600332.XSHG,0.0029779406788384
2017-10-09,600398.XSHG,0.0044272113203092
2017-10-09,600415.XSHG,0.0037198855611537
2017-10-09,600519.XSHG,0.0641759319169668
2017-10-09,600637.XSHG,0.0031600554181747
2017-10-09,600674.XSHG,0.0040353697303493
2017-10-09,600837.XSHG,0.011608619422065
2017-10-09,600867.XSHG,0.00308009603608
2017-10-09,600886.XSHG,0.0048937420928243
2017-10-09,600895.XSHG,0.0025200057795478
2017-10-09,600900.XSHG,0.0169737023940844
2017-10-09,601006.XSHG,0.0127646915747642
2017-10-09,601009.XSHG,0.0062567495382435
2017-10-09,601166.XSHG,0.0322004502130663
2017-10-09,601169.XSHG,0.0132655396560128
2017-10-09,601238.XSHG,0.0111712056454582
2017-10-09,601288.XSHG,0.1078791877379419
2017-10-09,601328.XSHG,0.0240124102613279
2017-10-09,601390.XSHG,0.0154526663220534
2017-10-09,601398.XSHG,0.1591984557983498
2017-10-09,601766.XSHG,0.0217181601472006
2017-10-09,601788.XSHG,0.0058955659792497
2017-10-09,601818.XSHG,0.0157997300747314
2017-10-09,601857.XSHG,0.1250772761551079
2017-10-09,601939.XSHG,0.0065191471211907
2017-10-09,601985.XSHG,0.003079105655827
2017-10-09,601988.XSHG,0.0840555172786055
2017-11-01,000157.XSHE,0.0044492967120794
2017-11-01,000425.XSHE,0.0040658437167955
2017-11-01,000566.XSHE,0.0022368009545114
2017-11-01,000598.XSHE,0.0026805315073944
2017-11-01,000623.XSHE,0.003951402957649
2017-11-01,000685.XSHE,0.0017633643529819
2017-11-01,000729.XSHE,0.0024469453510517
2017-11-01,000876.XSHE,0.0048632399083443
2017-11-01,000895.XSHE,0.0134307696107863
2017-11-01,000926.XSHE,0.0017981053829626
2017-11-01,002385.XSHE,0.0022319855726044
2017-11-01,002512.XSHE,0.0017858122846074
2017-11-01,002603.XSHE,0.0023720267588213
2017-11-01,002711.XSHE,0.0021573163459045
2017-11-01,600000.XSHG,0.0546364886812312
2017-11-01,600016.XSHG,0.0377512604106974
2017-11-01,600023.XSHG,0.0112385144050376
2017-11-01,600028.XSHG,0.0905165467898556
2017-11-01,600037.XSHG,0.002608296532469
2017-11-01,600085.XSHG,0.0070845479471527
2017-11-01,600089.XSHG,0.0058850495725976
2017-11-01,600115.XSHG,0.0106443895144538
2017-11-01,600170.XSHG,0.0049181458005247
2017-11-01,600221.XSHG,0.0083322964558262
2017-11-01,600406.XSHG,0.0059843336877409
2017-11-01,600518.XSHG,0.0144104190174535
2017-11-01,600535.XSHG,0.0060478624588262
2017-11-01,600600.XSHG,0.0036822424367069
2017-11-01,600674.XSHG,0.0068656654024724
2017-11-01,600705.XSHG,0.0073937962142285
2017-11-01,600739.XSHG,0.0038887191470164
2017-11-01,600771.XSHG,0.0015795808469892
2017-11-01,600835.XSHG,0.0025431875673271
2017-11-01,600837.XSHG,0.0180527955771193
2017-11-01,600886.XSHG,0.007858808520171
2017-11-01,600900.XSHG,0.0284157218308489
2017-11-01,600993.XSHG,0.0014607364843178
2017-11-01,601006.XSHG,0.020535993135157
2017-11-01,601009.XSHG,0.009908153732276
2017-11-01,601166.XSHG,0.0509516326271722
2017-11-01,601169.XSHG,0.0207933098367652
2017-11-01,601288.XSHG,0.1700429341645518
2017-11-01,601328.XSHG,0.0375452621672438
2017-11-01,601390.XSHG,0.0263684467752636
2017-11-01,601669.XSHG,0.0116980786009372
2017-11-01,601788.XSHG,0.009000144846646
2017-11-01,601818.XSHG,0.0248726556611139
2017-11-01,601857.XSHG,0.210614751030831
2017-11-01,601939.XSHG,0.0105004925636421
2017-11-01,601985.XSHG,0.0051352981408399
2017-12-01,000157.XSHE,0.003034802493748
2017-12-01,000166.XSHE,0.0045870002595157
2017-12-01,000598.XSHE,0.0018122416035104
2017-12-01,000685.XSHE,0.0014282741344591
2017-12-01,000729.XSHE,0.0016587319421949
2017-12-01,000876.XSHE,0.0034952149832872
2017-12-01,000926.XSHE,0.0013156301255996
2017-12-01,002437.XSHE,0.0016056269010999
2017-12-01,002512.XSHE,0.0013399975906176
2017-12-01,300110.XSHE,0.0015212324742995
2017-12-01,600000.XSHG,0.0401063265901275
2017-12-01,600015.XSHG,0.0131679115001104
2017-12-01,600016.XSHG,0.0288447213190264
2017-12-01,600023.XSHG,0.0080433483682394
2017-12-01,600028.XSHG,0.0635893898204589
2017-12-01,600037.XSHG,0.0018623492642637
2017-12-01,600170.XSHG,0.0035837285904731
2017-12-01,600177.XSHG,0.0037293369981044
2017-12-01,600221.XSHG,0.0057775735139075
2017-12-01,600256.XSHG,0.0025973093995051
2017-12-01,600350.XSHG,0.0032867067697741
2017-12-01,600377.XSHG,0.0040387786883258
2017-12-01,600583.XSHG,0.0029764241191757
2017-12-01,600642.XSHG,0.0028631251434867
2017-12-01,600674.XSHG,0.0048564239730048
2017-12-01,600688.XSHG,0.0051375741950903
2017-12-01,600705.XSHG,0.0050866456127757
2017-12-01,600837.XSHG,0.0127914891657639
2017-12-01,600886.XSHG,0.0056034836198065
2017-12-01,600900.XSHG,0.0209477757225798
2017-12-01,601006.XSHG,0.0145603940251044
2017-12-01,601009.XSHG,0.0071985079546322
2017-12-01,601166.XSHG,0.0367507186346118
2017-12-01,601169.XSHG,0.0149067210187601
2017-12-01,601211.XSHG,0.0105572646295321
2017-12-01,601288.XSHG,0.1215689764322003
2017-12-01,601328.XSHG,0.0274213261862554
2017-12-01,601377.XSHG,0.0058332068846837
2017-12-01,601390.XSHG,0.0175248407116426
2017-12-01,601398.XSHG,0.1755403704980579
2017-12-01,601669.XSHG,0.007810362710569
2017-12-01,601788.XSHG,0.0064820560366577
2017-12-01,601818.XSHG,0.0183947882378952
2017-12-01,601857.XSHG,0.1460556569038668
2017-12-01,601880.XSHG,0.0024713050354395
2017-12-01,601939.XSHG,0.0074022166617915
2017-12-01,601985.XSHG,0.0034505938381459
2017-12-01,601988.XSHG,0.0913288052240561
2017-12-01,601998.XSHG,0.0225363716334514
2017-12-01,603699.XSHG,0.0015163418603123
2018-01-02,000089.XSHE,0.0019551577809156
2018-01-02,000157.XSHE,0.0030864785479422
2018-01-02,000166.XSHE,0.0043436794079141
2018-01-02,000598.XSHE,0.0017667631486447
2018-01-02,000685.XSHE,0.0014132793278339
2018-01-02,000876.XSHE,0.0034224586833641
2018-01-02,000961.XSHE,0.0026686869596578
2018-01-02,002252.XSHE,0.0106919214461609
2018-01-02,002411.XSHE,0.0008507023566285
2018-01-02,300110.XSHE,0.0015455315833248
2018-01-02,600000.XSHG,0.0389500935958797
2018-01-02,600015.XSHG,0.0127278284342068
2018-01-02,600016.XSHG,0.0274334223154255
2018-01-02,600023.XSHG,0.0079577837510854
2018-01-02,600028.XSHG,0.0663227231000739
2018-01-02,600098.XSHG,0.002108979798953
2018-01-02,600170.XSHG,0.0034769171642535
2018-01-02,600177.XSHG,0.0036720205318827
2018-01-02,600221.XSHG,0.0057127312520557
2018-01-02,600340.XSHG,0.0103865405760476
2018-01-02,600350.XSHG,0.0031767267412956
2018-01-02,600535.XSHG,0.0040186568262537
2018-01-02,600583.XSHG,0.003034958958752
2018-01-02,600642.XSHG,0.0029312326936412
2018-01-02,600674.XSHG,0.0049979110496365
2018-01-02,600682.XSHG,0.0030020876964811
2018-01-02,600688.XSHG,0.0052553851153323
2018-01-02,600739.XSHG,0.0026348805940959
2018-01-02,600863.XSHG,0.0018857352078129
2018-01-02,600886.XSHG,0.0054936510394789
2018-01-02,600900.XSHG,0.0196072106900334
2018-01-02,601006.XSHG,0.0147892085765078
2018-01-02,601009.XSHG,0.0068580130545157
2018-01-02,601166.XSHG,0.0357884110316082
2018-01-02,601169.XSHG,0.0142756824890299
2018-01-02,601288.XSHG,0.1233521256956375
2018-01-02,601328.XSHG,0.0268575115332079
2018-01-02,601390.XSHG,0.0169942609412736
2018-01-02,601398.XSHG,0.1815452713678888
2018-01-02,601618.XSHG,0.0085990892613258
2018-01-02,601669.XSHG,0.0076880372364648
2018-01-02,601818.XSHG,0.0176975651231051
2018-01-02,601857.XSHG,0.1455515795109629
2018-01-02,601880.XSHG,0.002368479236437
2018-01-02,601939.XSHG,0.0081428901915254
2018-01-02,601985.XSHG,0.0034150354562991
2018-01-02,601988.XSHG,0.0913985975438127
2018-01-02,601991.XSHG,0.0045627420576406
2018-01-02,601998.XSHG,0.0219702483618255
2018-01-02,603699.XSHG,0.0016131149558653
2018-02-01,000089.XSHE,0.0023085158286462
2018-02-01,000157.XSHE,0.0034801351978979
2018-02-01,000166.XSHE,0.0050657308731078
2018-02-01,000423.XSHE,0.0054472530133688
2018-02-01,000598.XSHE,0.0019762447277188
2018-02-01,000625.XSHE,0.0060700341963794
2018-02-01,000685.XSHE,0.0016442520482243
2018-02-01,000876.XSHE,0.0043040559637869
2018-02-01,000883.XSHE,0.0032012005769089
2018-02-01,000999.XSHE,0.0032940300100256
2018-02-01,002178.XSHE,0.001174822976217
2018-02-01,002252.XSHE,0.0125971046539198
2018-02-01,002630.XSHE,0.000915013496711
2018-02-01,600000.XSHG,0.0480317077447617
2018-02-01,600011.XSHG,0.00821709845327
2018-02-01,600015.XSHG,0.0164610076443222
2018-02-01,600016.XSHG,0.0350127568863074
2018-02-01,600023.XSHG,0.0103115713679411
2018-02-01,600033.XSHG,0.0012977980824484
2018-02-01,600064.XSHG,0.0014294130092705
2018-02-01,600085.XSHG,0.005926866720476
2018-02-01,600170.XSHG,0.0041442418157908
2018-02-01,600269.XSHG,0.0015515473076009
2018-02-01,600350.XSHG,0.0038454981984874
2018-02-01,600377.XSHG,0.0048365800670673
2018-02-01,600518.XSHG,0.0119388356544941
2018-02-01,600535.XSHG,0.0047342280377963
2018-02-01,600642.XSHG,0.0034511975494105
2018-02-01,600674.XSHG,0.0054136195780699
2018-02-01,600739.XSHG,0.0030444015546965
2018-02-01,600837.XSHG,0.0141732898604851
2018-02-01,600886.XSHG,0.0061651927930061
2018-02-01,600900.XSHG,0.0238932603905867
2018-02-01,600919.XSHG,0.005991010171013
2018-02-01,601006.XSHG,0.0186266075743059
2018-02-01,601166.XSHG,0.0462234266775523
2018-02-01,601169.XSHG,0.0178448164588012
2018-02-01,601186.XSHG,0.0176201070545496
2018-02-01,601211.XSHG,0.0123639681072979
2018-02-01,601288.XSHG,0.1704187765461942
2018-02-01,601328.XSHG,0.0347016046947444
2018-02-01,601390.XSHG,0.0203018203760415
2018-02-01,601669.XSHG,0.0091781693631458
2018-02-01,601788.XSHG,0.0073797078127572
2018-02-01,601818.XSHG,0.0241974437836073
2018-02-01,601857.XSHG,0.1872666650509126
2018-02-01,601880.XSHG,0.0026641154963196
2018-02-01,601985.XSHG,0.0042074897998478
2018-02-01,601988.XSHG,0.1253985294457314
2018-02-01,601998.XSHG,0.0302572353079748
2018-03-01,000089.XSHE,0.0050464254593443
2018-03-01,000157.XSHE,0.0075891300927779
2018-03-01,000166.XSHE,0.0286920395527986
2018-03-01,000423.XSHE,0.0112537040545048
2018-03-01,000576.XSHE,0.0025330013060245
2018-03-01,000584.XSHE,0.0025402723271673
2018-03-01,000625.XSHE,0.0128214463187824
2018-03-01,000883.XSHE,0.0069580018439374
2018-03-01,000989.XSHE,0.0024654287959626
2018-03-01,000999.XSHE,0.0070917826445754
2018-03-01,002007.XSHE,0.0061904664195369
2018-03-01,002210.XSHE,0.0046927185789176
2018-03-01,002411.XSHE,0.0021968569069861
2018-03-01,002602.XSHE,0.0075130423490859
2018-03-01,002630.XSHE,0.0020521883278636
2018-03-01,300180.XSHE,0.0026165356468854
2018-03-01,600000.XSHG,0.0998123337714358
2018-03-01,600011.XSHG,0.0187204765825947
2018-03-01,600015.XSHG,0.0340002397162295
2018-03-01,600016.XSHG,0.0715411113759799
2018-03-01,600023.XSHG,0.021459716221244
2018-03-01,600085.XSHG,0.0126400320900012
2018-03-01,600104.XSHG,0.1111641086581651
2018-03-01,600170.XSHG,0.0092093257966871
2018-03-01,600252.XSHG,0.0039193735182002
2018-03-01,600269.XSHG,0.0033190698655336
2018-03-01,600350.XSHG,0.0082078690601531
2018-03-01,600377.XSHG,0.0106114590922416
2018-03-01,600439.XSHG,0.0019279478984825
2018-03-01,600482.XSHG,0.0066269088805537
2018-03-01,600518.XSHG,0.0264482820703562
2018-03-01,600535.XSHG,0.0105604368049911
2018-03-01,600572.XSHG,0.0040965716296436
2018-03-01,600612.XSHG,0.0039847236117755
2018-03-01,600642.XSHG,0.0075453981651816
2018-03-01,600674.XSHG,0.0116349666334273
2018-03-01,600739.XSHG,0.0068252426407539
2018-03-01,600811.XSHG,0.0042047348636093
2018-03-01,600816.XSHG,0.0091264833871976
2018-03-01,600886.XSHG,0.0133164308999305
2018-03-01,600900.XSHG,0.0540376040715159
2018-03-01,601006.XSHG,0.0389122219355066
2018-03-01,601018.XSHG,0.019503700538203
2018-03-01,601166.XSHG,0.09761862381843
2018-03-01,601169.XSHG,0.0382513363798081
2018-03-01,601328.XSHG,0.0725516320614549
2018-03-01,601633.XSHG,0.0219572290151438
2018-03-01,601669.XSHG,0.0196859781133264
2018-03-01,601880.XSHG,0.0056402660447641
2018-03-01,601985.XSHG,0.0086851241623252
2018-04-02,000089.XSHE,0.0048667320741577
2018-04-02,000157.XSHE,0.0076495142351263
2018-04-02,000166.XSHE,0.0289713037646017
2018-04-02,000423.XSHE,0.0116520603167029
2018-04-02,000538.XSHE,0.0289635458219642
2018-04-02,000576.XSHE,0.0025606517440914
2018-04-02,000587.XSHE,0.0025368574814767
2018-04-02,000869.XSHE,0.0051197979278205
2018-04-02,000876.XSHE,0.0088697722043091
2018-04-02,000963.XSHE,0.0164812567826562
2018-04-02,000975.XSHE,0.0037198752834273
2018-04-02,000999.XSHE,0.0077414086642739
2018-04-02,002007.XSHE,0.006931302971434
2018-04-02,002254.XSHE,0.0021161584951459
2018-04-02,002358.XSHE,0.0045802662659628
2018-04-02,002411.XSHE,0.002197752906007
2018-04-02,002506.XSHE,0.0033571500959213
2018-04-02,002602.XSHE,0.0079405431499338
2018-04-02,002630.XSHE,0.0024294630614715
2018-04-02,600000.XSHG,0.095591640092487
2018-04-02,600011.XSHG,0.0204344348671687
2018-04-02,600015.XSHG,0.0330370437934924
2018-04-02,600016.XSHG,0.0683274299752335
2018-04-02,600023.XSHG,0.0218071318207989
2018-04-02,600027.XSHG,0.0073507554252864
2018-04-02,600064.XSHG,0.0032467615969583
2018-04-02,600085.XSHG,0.0135803801128889
2018-04-02,600104.XSHG,0.1135735383132099
2018-04-02,600170.XSHG,0.0092197623092534
2018-04-02,600252.XSHG,0.0040376318784376
2018-04-02,600273.XSHG,0.0032130795048956
2018-04-02,600482.XSHG,0.0067691527737972
2018-04-02,600518.XSHG,0.0283935126595102
2018-04-02,600572.XSHG,0.0041959060021755
2018-04-02,600674.XSHG,0.0115337083340248
2018-04-02,600739.XSHG,0.0071987101791404
2018-04-02,600795.XSHG,0.0168380538142536
2018-04-02,600886.XSHG,0.0138372883548585
2018-04-02,600900.XSHG,0.0533734906307519
2018-04-02,600919.XSHG,0.0125268920427714
2018-04-02,600998.XSHG,0.0094223640319761
2018-04-02,601018.XSHG,0.0197425397164424
2018-04-02,601166.XSHG,0.0916999897515119
2018-04-02,601169.XSHG,0.0364142019576916
2018-04-02,601328.XSHG,0.0702309370432094
2018-04-02,601607.XSHG,0.0135951408651907
2018-04-02,601633.XSHG,0.0199598420238928
2018-04-02,601669.XSHG,0.0185992570492473
2018-04-02,601985.XSHG,0.0082540520838456
2018-04-02,603077.XSHG,0.0053099577491115
2018-05-02,000157.XSHE,0.0078638988039163
2018-05-02,000166.XSHE,0.0286027625156805
2018-05-02,000538.XSHE,0.030654098763594
2018-05-02,000576.XSHE,0.0026397153306498
2018-05-02,000587.XSHE,0.0025002454222827
2018-05-02,000630.XSHE,0.0073718697244101
2018-05-02,000683.XSHE,0.0024222715937899
2018-05-02,000848.XSHE,0.0028237911376627
2018-05-02,000876.XSHE,0.0088617002831925
2018-05-02,000981.XSHE,0.0077854403352288
2018-05-02,000999.XSHE,0.0078317902329113
2018-05-02,002028.XSHE,0.0031201696666463
2018-05-02,002254.XSHE,0.0021161773568235
2018-05-02,002408.XSHE,0.0067619695981535
2018-05-02,002411.XSHE,0.002421124406177
2018-05-02,002540.XSHE,0.0016367282054906
2018-05-02,002602.XSHE,0.0082952570468027
2018-05-02,002630.XSHE,0.0026568144239291
2018-05-02,002665.XSHE,0.0032531247509216
2018-05-02,600000.XSHG,0.0930038358335655
2018-05-02,600015.XSHG,0.0326238898433415
2018-05-02,600016.XSHG,0.0686254664245072
2018-05-02,600023.XSHG,0.0210149824042378
2018-05-02,600085.XSHG,0.0145293094237831
2018-05-02,600104.XSHG,0.1130315352527166
2018-05-02,600170.XSHG,0.0091921616922199
2018-05-02,600252.XSHG,0.003941130900726
2018-05-02,600270.XSHG,0.0051209661107966
2018-05-02,600323.XSHG,0.003625525682446
2018-05-02,600482.XSHG,0.0065528827363634
2018-05-02,600518.XSHG,0.0307018541124406
2018-05-02,600572.XSHG,0.0054015950095595
2018-05-02,600664.XSHG,0.0041881654269924
2018-05-02,600674.XSHG,0.0116227107498381
2018-05-02,600739.XSHG,0.0079261493475908
2018-05-02,600795.XSHG,0.0168615789722181
2018-05-02,600886.XSHG,0.0139872696267615
2018-05-02,600900.XSHG,0.0550954720040197
2018-05-02,600919.XSHG,0.0127436384500881
2018-05-02,601006.XSHG,0.0378245668030312
2018-05-02,601018.XSHG,0.0195473825406894
2018-05-02,601106.XSHG,0.0074147681583509
2018-05-02,601166.XSHG,0.0918596922322398
2018-05-02,601169.XSHG,0.0372840860741822
2018-05-02,601229.XSHG,0.0170050778789926
2018-05-02,601328.XSHG,0.0728955018712891
2018-05-02,601607.XSHG,0.0136617761967679
2018-05-02,601633.XSHG,0.0195858775720806
2018-05-02,601985.XSHG,0.0083984408602132
2018-05-02,603077.XSHG,0.005113760209685
2018-06-01,000089.XSHE,0.004958299253956
2018-06-01,000157.XSHE,0.0078527071962063
2018-06-01,000166.XSHE,0.0279620129338108
2018-06-01,000338.XSHE,0.0112092275454481
2018-06-01,000587.XSHE,0.0027438119517671
2018-06-01,000598.XSHE,0.0041691724717227
2018-06-01,000630.XSHE,0.0071608738851028
2018-06-01,000726.XSHE,0.0018779102043786
2018-06-01,000876.XSHE,0.0088852461791378
2018-06-01,002094.XSHE,0.0024837327786481
2018-06-01,002254.XSHE,0.0021332910804164
2018-06-01,002352.XSHE,0.0128247548745476
2018-06-01,002408.XSHE,0.0065922690412086
2018-06-01,002411.XSHE,0.0029874782675088
2018-06-01,002468.XSHE,0.0023249709822909
2018-06-01,002493.XSHE,0.0162784022729046
2018-06-01,002602.XSHE,0.0083695382256532
2018-06-01,300068.XSHE,0.0028316838870037
2018-06-01,600004.XSHG,0.0102666898804329
2018-06-01,600015.XSHG,0.0320396253028339
2018-06-01,600016.XSHG,0.0682621895856544
2018-06-01,600018.XSHG,0.0441771426610839
2018-06-01,600023.XSHG,0.0215147949962451
2018-06-01,600027.XSHG,0.008415255396877
2018-06-01,600104.XSHG,0.1229342566509218
2018-06-01,600170.XSHG,0.00869597029162
2018-06-01,600270.XSHG,0.0056562434629144
2018-06-01,600406.XSHG,0.0109501950172405
2018-06-01,600642.XSHG,0.0073781167363187
2018-06-01,600664.XSHG,0.0035698106836024
2018-06-01,600674.XSHG,0.0122392335450508
2018-06-01,600694.XSHG,0.003262973911056
2018-06-01,600739.XSHG,0.0073878222723926
2018-06-01,600795.XSHG,0.0167198368704117
2018-06-01,600873.XSHG,0.0044046982528816
2018-06-01,600886.XSHG,0.0151668895876479
2018-06-01,600900.XSHG,0.0578437533451821
2018-06-01,600919.XSHG,0.0127450115138469
2018-06-01,600926.XSHG,0.005202830060579
2018-06-01,601006.XSHG,0.0375925724386497
2018-06-01,601016.XSHG,0.0041583244545705
2018-06-01,601018.XSHG,0.0193661680438925
2018-06-01,601166.XSHG,0.0905302626336891
2018-06-01,601169.XSHG,0.0363562870200346
2018-06-01,601229.XSHG,0.0171715122939853
2018-06-01,601328.XSHG,0.0706750364878668
2018-06-01,601566.XSHG,0.0026994923803265
2018-06-01,601727.XSHG,0.0186829232807801
2018-06-01,601800.XSHG,0.0429376084569274
2018-06-01,601818.XSHG,0.0473510894527692
2018-07-02,000089.XSHE,0.0031426313781156
2018-07-02,000157.XSHE,0.0051645956016938
2018-07-02,000166.XSHE,0.0177191706609796
2018-07-02,000425.XSHE,0.0059158114799945
2018-07-02,000581.XSHE,0.0037088204577499
2018-07-02,000726.XSHE,0.0012481821593315
2018-07-02,002003.XSHE,0.0010614316749753
2018-07-02,002174.XSHE,0.0024590152025379
2018-07-02,002242.XSHE,0.0027164858252165
2018-07-02,002352.XSHE,0.0082275835215688
2018-07-02,002493.XSHE,0.0108083297913697
2018-07-02,300498.XSHE,0.0159068705778538
2018-07-02,600018.XSHG,0.027888523846252
2018-07-02,600023.XSHG,0.0129219846756198
2018-07-02,600027.XSHG,0.0054340797279611
2018-07-02,600028.XSHG,0.1231999970780142
2018-07-02,600031.XSHG,0.0136090806832279
2018-07-02,600104.XSHG,0.0785975589369941
2018-07-02,600170.XSHG,0.0051848489514559
2018-07-02,600177.XSHG,0.0055468076323619
2018-07-02,600236.XSHG,0.0040726958024754
2018-07-02,600270.XSHG,0.0038241550380218
2018-07-02,600273.XSHG,0.0022469069653032
2018-07-02,600406.XSHG,0.0070351802248453
2018-07-02,600518.XSHG,0.0205124622170571
2018-07-02,600648.XSHG,0.0034551643221702
2018-07-02,600660.XSHG,0.0102354515006556
2018-07-02,600674.XSHG,0.007663352797677
2018-07-02,600688.XSHG,0.0083257581088712
2018-07-02,600694.XSHG,0.0019588311652517
2018-07-02,600739.XSHG,0.004685177119007
2018-07-02,600795.XSHG,0.0105594773601262
2018-07-02,600886.XSHG,0.0101355671154361
2018-07-02,600900.XSHG,0.0372620508978339
2018-07-02,600919.XSHG,0.007697135941621
2018-07-02,600926.XSHG,0.0033173107073615
2018-07-02,601006.XSHG,0.0238756456002019
2018-07-02,601018.XSHG,0.0110366621405756
2018-07-02,601098.XSHG,0.0046384057202412
2018-07-02,601139.XSHG,0.0032082477957576
2018-07-02,601166.XSHG,0.0537986799332605
2018-07-02,601169.XSHG,0.0221471222089662
2018-07-02,601229.XSHG,0.0116166225598828
2018-07-02,601328.XSHG,0.0449109845076934
2018-07-02,601566.XSHG,0.001689545223241
2018-07-02,601800.XSHG,0.0265224279223148
2018-07-02,601857.XSHG,0.2484627756119334
2018-07-02,601901.XSHG,0.0112357612126655
2018-07-02,601998.XSHG,0.0402869866394801
2018-07-02,603077.XSHG,0.0031216457767957
2018-08-01,000089.XSHE,0.0023148075461685
2018-08-01,000157.XSHE,0.0035742672378679
2018-08-01,000166.XSHE,0.0121942834705405
2018-08-01,000581.XSHE,0.0024441928486494
2018-08-01,000598.XSHE,0.0018264857221294
2018-08-01,000656.XSHE,0.0036802672109537
2018-08-01,002030.XSHE,0.0017253662405448
2018-08-01,002142.XSHE,0.01061386375254
2018-08-01,002179.XSHE,0.004564003946615
2018-08-01,002242.XSHE,0.0018238570632802
2018-08-01,002309.XSHE,0.0008798201917091
2018-08-01,002352.XSHE,0.0053174357357118
2018-08-01,002434.XSHE,0.001354274192822
2018-08-01,300498.XSHE,0.0114578146667144
2018-08-01,600018.XSHG,0.0196501897740092
2018-08-01,600023.XSHG,0.0093396348929374
2018-08-01,600028.XSHG,0.0883343596041417
2018-08-01,600104.XSHG,0.050163056328062
2018-08-01,600177.XSHG,0.0035745800255333
2018-08-01,600219.XSHG,0.0028080716302283
2018-08-01,600236.XSHG,0.0028910748533025
2018-08-01,600270.XSHG,0.0026508189252709
2018-08-01,600273.XSHG,0.0018864387824859
2018-08-01,600277.XSHG,0.0020258194644536
2018-08-01,600388.XSHG,0.0018708069487787
2018-08-01,600406.XSHG,0.0047617924431131
2018-08-01,600519.XSHG,0.1248445628775333
2018-08-01,600648.XSHG,0.0024819337700183
2018-08-01,600660.XSHG,0.00692183302554
2018-08-01,600674.XSHG,0.0053850355942319
2018-08-01,600688.XSHG,0.0054504136153991
2018-08-01,600699.XSHG,0.0034797703785948
2018-08-01,600737.XSHG,0.0021905560660492
2018-08-01,600795.XSHG,0.0074298878822365
2018-08-01,600839.XSHG,0.0018537227882267
2018-08-01,600886.XSHG,0.007357867466159
2018-08-01,600900.XSHG,0.0268383693860784
2018-08-01,600926.XSHG,0.002297411187348
2018-08-01,601006.XSHG,0.0181035341342278
2018-08-01,601139.XSHG,0.0023484775891664
2018-08-01,601166.XSHG,0.0403092678632581
2018-08-01,601169.XSHG,0.0149407649431922
2018-08-01,601229.XSHG,0.0080384255675829
2018-08-01,601288.XSHG,0.1471544879470728
2018-08-01,601328.XSHG,0.0307184730907625
2018-08-01,601333.XSHG,0.0034021250182179
2018-08-01,601857.XSHG,0.1706150282556262
2018-08-01,601901.XSHG,0.0075869329860282
2018-08-01,601988.XSHG,0.1043017416217981
2018-08-01,603077.XSHG,0.0022219934470862
2018-09-03,000157.XSHE,0.0025036769751992
2018-09-03,000166.XSHE,0.009315978018417
2018-09-03,000656.XSHE,0.0028346829338587
2018-09-03,000776.XSHE,0.008384288933931
2018-09-03,002030.XSHE,0.0014427850896766
2018-09-03,002142.XSHE,0.0078944630003149
2018-09-03,002203.XSHE,0.0014913034927619
2018-09-03,002242.XSHE,0.0013608320178647
2018-09-03,002434.XSHE,0.0010700184426651
2018-09-03,600000.XSHG,0.0302168373231877
2018-09-03,600015.XSHG,0.0103401017221265
2018-09-03,600016.XSHG,0.0222664242709559
2018-09-03,600023.XSHG,0.0069689175290112
2018-09-03,600028.XSHG,0.0683278388294
2018-09-03,600036.XSHG,0.0609516772105757
2018-09-03,600236.XSHG,0.0021572522549857
2018-09-03,600270.XSHG,0.0018929341611092
2018-09-03,600395.XSHG,0.0009870621624467
2018-09-03,600406.XSHG,0.0036801494526566
2018-09-03,600508.XSHG,0.0008347301843156
2018-09-03,600572.XSHG,0.0018325237347485
2018-09-03,600606.XSHG,0.0081641341258477
2018-09-03,600642.XSHG,0.0024328103397504
2018-09-03,600674.XSHG,0.0037208686510698
2018-09-03,600688.XSHG,0.0042554291387974
2018-09-03,600737.XSHG,0.0016783137933033
2018-09-03,600795.XSHG,0.0052613366290191
2018-09-03,600886.XSHG,0.005229931142957
2018-09-03,600900.XSHG,0.0192814463997449
2018-09-03,600919.XSHG,0.003955472696983
2018-09-03,600926.XSHG,0.0017222135414213
2018-09-03,601006.XSHG,0.0130187072931108
2018-09-03,601009.XSHG,0.0065104476721462
2018-09-03,601166.XSHG,0.0301671409327025
2018-09-03,601169.XSHG,0.0110937571626489
2018-09-03,601225.XSHG,0.007759415356137
2018-09-03,601229.XSHG,0.0064536161086453
2018-09-03,601288.XSHG,0.11238670735559
2018-09-03,601328.XSHG,0.0232853210676333
2018-09-03,601390.XSHG,0.0141089199764864
2018-09-03,601398.XSHG,0.1537177261440774
2018-09-03,601628.XSHG,0.048364203195341
2018-09-03,601818.XSHG,0.0154662029595659
2018-09-03,601857.XSHG,0.1372031759531452
2018-09-03,601898.XSHG,0.0049392807359775
2018-09-03,601985.XSHG,0.0095282740349782
2018-09-03,601988.XSHG,0.0785619886622066
2018-09-03,601991.XSHG,0.0032951045472329
2018-09-03,601998.XSHG,0.0200330339802246
2018-09-03,603077.XSHG,0.0016505426630456
2018-10-08,000027.XSHE,0.0038485128980147
2018-10-08,000157.XSHE,0.0040777890377657
2018-10-08,000166.XSHE,0.0157561398063828
2018-10-08,000598.XSHE,0.0023384844965141
2018-10-08,000620.XSHE,0.001841194473657
2018-10-08,000630.XSHE,0.0036743969013796
2018-10-08,000656.XSHE,0.0046639915241202
2018-10-08,000709.XSHE,0.0059960469310473
2018-10-08,000776.XSHE,0.0145148432752748
2018-10-08,000990.XSHE,0.001008007168329
2018-10-08,002030.XSHE,0.0025248440512944
2018-10-08,002047.XSHE,0.0014289458152863
2018-10-08,002203.XSHE,0.0024071560817878
2018-10-08,002254.XSHE,0.0012208776636053
2018-10-08,002434.XSHE,0.0018111987151281
2018-10-08,002537.XSHE,0.0022567999397468
2018-10-08,002701.XSHE,0.001732498889023
2018-10-08,600000.XSHG,0.0515206537654721
2018-10-08,600016.XSHG,0.039095710828223
2018-10-08,600177.XSHG,0.0047109583954757
2018-10-08,600508.XSHG,0.0014187992030318
2018-10-08,600518.XSHG,0.0172881960934876
2018-10-08,600606.XSHG,0.0137442869461805
2018-10-08,600642.XSHG,0.0042628145155902
2018-10-08,600663.XSHG,0.0067089031267985
2018-10-08,600674.XSHG,0.0065768419203626
2018-10-08,600688.XSHG,0.0075507996587986
2018-10-08,600795.XSHG,0.0088286411289465
2018-10-08,600839.XSHG,0.0021980219918596
2018-10-08,600871.XSHG,0.0045196932985394
2018-10-08,600886.XSHG,0.0090608770703231
2018-10-08,600900.XSHG,0.0332173752457737
2018-10-08,600919.XSHG,0.0068298317844423
2018-10-08,600926.XSHG,0.0028621045673731
2018-10-08,601005.XSHG,0.0029940358598954
2018-10-08,601009.XSHG,0.0113562772954828
2018-10-08,601166.XSHG,0.0526659816508938
2018-10-08,601169.XSHG,0.0193604757437061
2018-10-08,601229.XSHG,0.0111465083451292
2018-10-08,601328.XSHG,0.0402981080193068
2018-10-08,601628.XSHG,0.0816464391048295
2018-10-08,601818.XSHG,0.0273681911636558
2018-10-08,601857.XSHG,0.2579823181258791
2018-10-08,601872.XSHG,0.0032624867048408
2018-10-08,601898.XSHG,0.0086530753706243
2018-10-08,601985.XSHG,0.0165424407039811
2018-10-08,601988.XSHG,0.1376674580026209
2018-10-08,601998.XSHG,0.0339653553713527
2018-10-08,603012.XSHG,0.0009016379250785
2018-10-08,603077.XSHG,0.0026929734036858
2018-11-01,000598.XSHE,0.0017441400664681
2018-11-01,000688.XSHE,0.0018274876398539
2018-11-01,000813.XSHE,0.0014011496354949
2018-11-01,000876.XSHE,0.00347720580769
2018-11-01,002047.XSHE,0.0011065628155593
2018-11-01,002266.XSHE,0.0008480073311431
2018-11-01,002506.XSHE,0.0018159231305765
2018-11-01,002537.XSHE,0.0017189403304732
2018-11-01,002701.XSHE,0.0017921480949278
2018-11-01,600000.XSHG,0.0427637565499179
2018-11-01,600015.XSHG,0.0142080899316624
2018-11-01,600016.XSHG,0.0311672769654167
2018-11-01,600018.XSHG,0.0178090632074974
2018-11-01,600023.XSHG,0.0089318676636772
2018-11-01,600028.XSHG,0.0835841296616197
2018-11-01,600089.XSHG,0.0035914353131785
2018-11-01,600170.XSHG,0.003557577160445
2018-11-01,600177.XSHG,0.0037031710411355
2018-11-01,600219.XSHG,0.0032548058797906
2018-11-01,600236.XSHG,0.0027196859305812
2018-11-01,600269.XSHG,0.0012726549395463
2018-11-01,600270.XSHG,0.0025519318117541
2018-11-01,600377.XSHG,0.0048822963404222
2018-11-01,600642.XSHG,0.0031929572705458
2018-11-01,600674.XSHG,0.0049761779164205
2018-11-01,600688.XSHG,0.0053762128434962
2018-11-01,600795.XSHG,0.0066995349082313
2018-11-01,600871.XSHG,0.0032476053669657
2018-11-01,600873.XSHG,0.0016964493044326
2018-11-01,600886.XSHG,0.0069218421321838
2018-11-01,600900.XSHG,0.0249193861221727
2018-11-01,600919.XSHG,0.0054400735961984
2018-11-01,600926.XSHG,0.0023094647573668
2018-11-01,601006.XSHG,0.0168054154216459
2018-11-01,601009.XSHG,0.0085334547706274
2018-11-01,601166.XSHG,0.042407972084203
2018-11-01,601169.XSHG,0.0155280279083022
2018-11-01,601229.XSHG,0.0087261318312438
2018-11-01,601238.XSHG,0.0091997668371136
2018-11-01,601288.XSHG,0.1569552495706962
2018-11-01,601328.XSHG,0.0323582266946316
2018-11-01,601398.XSHG,0.2098351482382789
2018-11-01,601818.XSHG,0.022250584384247
2018-11-01,601939.XSHG,0.0095041641871389
2018-11-01,601985.XSHG,0.0120273440512641
2018-11-01,601988.XSHG,0.108080936327423
2018-11-01,601989.XSHG,0.0106474016781229
2018-11-01,601991.XSHG,0.0045525640996878
2018-11-01,601998.XSHG,0.0260795641255626
2018-11-01,603077.XSHG,0.0019990363229629
2018-12-03,000089.XSHE,0.0023885968708494
2018-12-03,000598.XSHE,0.0018628263812034
2018-12-03,000656.XSHE,0.0045558994021796
2018-12-03,000876.XSHE,0.004535391158843
2018-12-03,000902.XSHE,0.0016236376430785
2018-12-03,002047.XSHE,0.001280121879291
2018-12-03,002266.XSHE,0.0009836817895963
2018-12-03,002358.XSHE,0.002271721471942
2018-12-03,002506.XSHE,0.0018457302384351
2018-12-03,002602.XSHE,0.0041001932627136
2018-12-03,300498.XSHE,0.0145703492201456
2018-12-03,600000.XSHG,0.045033901539951
2018-12-03,600015.XSHG,0.0146739573720548
2018-12-03,600016.XSHG,0.0318158396836346
2018-12-03,600023.XSHG,0.0090972947152187
2018-12-03,600089.XSHG,0.0037860817122609
2018-12-03,600150.XSHG,0.0027373508750295
2018-12-03,600170.XSHG,0.0037516012144454
2018-12-03,600177.XSHG,0.0040672708724069
2018-12-03,600269.XSHG,0.0014093023242424
2018-12-03,600270.XSHG,0.0029374653236335
2018-12-03,600350.XSHG,0.0030712017043191
2018-12-03,600406.XSHG,0.0057219668620116
2018-12-03,600674.XSHG,0.0052297321372985
2018-12-03,600795.XSHG,0.0072005451771835
2018-12-03,600873.XSHG,0.0018726983326367
2018-12-03,600886.XSHG,0.0073019786770254
2018-12-03,600893.XSHG,0.006783080843403
2018-12-03,600900.XSHG,0.0245942162176818
2018-12-03,600919.XSHG,0.0056438088720516
2018-12-03,600926.XSHG,0.002367050919644
2018-12-03,601009.XSHG,0.0086954391890711
2018-12-03,601166.XSHG,0.0448249957989109
2018-12-03,601169.XSHG,0.0160267683461709
2018-12-03,601229.XSHG,0.0087485458512729
2018-12-03,601288.XSHG,0.1547857814736617
2018-12-03,601328.XSHG,0.0337881504292774
2018-12-03,601390.XSHG,0.0196474160445787
2018-12-03,601398.XSHG,0.2120949444522778
2018-12-03,601668.XSHG,0.0351655528670397
2018-12-03,601766.XSHG,0.0294589077345781
2018-12-03,601818.XSHG,0.0226343589261694
2018-12-03,601898.XSHG,0.0066406419909114
2018-12-03,601939.XSHG,0.0094442260708622
2018-12-03,601985.XSHG,0.0121769042068774
2018-12-03,601988.XSHG,0.11186285757562
2018-12-03,601989.XSHG,0.0114808490773612
2018-12-03,601991.XSHG,0.0046359544802831
2018-12-03,601998.XSHG,0.0265833124149226
2018-12-03,603077.XSHG,0.0021898983757405
2019-01-02,000089.XSHE,0.0024149420454454
2019-01-02,000338.XSHE,0.0050291487637839
2019-01-02,000630.XSHE,0.0028772872969299
2019-01-02,000656.XSHE,0.0049271048577269
2019-01-02,000813.XSHE,0.0015342856112905
2019-01-02,002358.XSHE,0.0023704167875022
2019-01-02,002506.XSHE,0.0038864003860493
2019-01-02,002701.XSHE,0.0018341873481856
2019-01-02,300068.XSHE,0.0013592126477324
2019-01-02,300176.XSHE,0.0021635134407978
2019-01-02,300498.XSHE,0.0154943363378711
2019-01-02,600000.XSHG,0.0420728125958641
2019-01-02,600015.XSHG,0.0144664419893463
2019-01-02,600016.XSHG,0.0309227782128376
2019-01-02,600023.XSHG,0.0097606607355569
2019-01-02,600050.XSHG,0.0169130524970383
2019-01-02,600089.XSHG,0.0039668875666457
2019-01-02,600150.XSHG,0.0028202988215033
2019-01-02,600170.XSHG,0.0039949813451057
2019-01-02,600177.XSHG,0.0039631731816152
2019-01-02,600277.XSHG,0.0023193370613621
2019-01-02,600350.XSHG,0.003259719063065
2019-01-02,600377.XSHG,0.0056037150592461
2019-01-02,600406.XSHG,0.0071401816354005
2019-01-02,600548.XSHG,0.0020306548554778
2019-01-02,600674.XSHG,0.0057545667397355
2019-01-02,600795.XSHG,0.0077335135591871
2019-01-02,600869.XSHG,0.0015833697678685
2019-01-02,600873.XSHG,0.001987648823482
2019-01-02,600886.XSHG,0.0081272270735299
2019-01-02,600900.XSHG,0.0273824219146863
2019-01-02,600919.XSHG,0.0055080523213433
2019-01-02,600926.XSHG,0.0023645608471316
2019-01-02,601006.XSHG,0.0187917175231317
2019-01-02,601166.XSHG,0.0433422103897606
2019-01-02,601169.XSHG,0.0156305347487497
2019-01-02,601229.XSHG,0.0088284907047272
2019-01-02,601238.XSHG,0.0096449488026106
2019-01-02,601288.XSHG,0.1597485736877257
2019-01-02,601328.XSHG,0.0343476954413428
2019-01-02,601398.XSHG,0.2163755712059846
2019-01-02,601618.XSHG,0.0084587392888922
2019-01-02,601766.XSHG,0.0312671626173013
2019-01-02,601818.XSHG,0.0224262234788708
2019-01-02,601939.XSHG,0.0092540012812209
2019-01-02,601985.XSHG,0.0126600978176468
2019-01-02,601988.XSHG,0.1151511127452094
2019-01-02,601989.XSHG,0.0120722156174983
2019-01-02,601998.XSHG,0.0262454192371474
2019-01-02,603077.XSHG,0.002188394221834
2019-02-01,000089.XSHE,0.0019174011357303
2019-02-01,000338.XSHE,0.0043778102926095
2019-02-01,000581.XSHE,0.001854699782302
2019-02-01,000598.XSHE,0.0014732772123194
2019-02-01,000630.XSHE,0.0022099626507641
2019-02-01,000651.XSHE,0.0288116144902982
2019-02-01,000709.XSHE,0.0037483607584471
2019-02-01,002142.XSHE,0.0093618964023945
2019-02-01,002506.XSHE,0.0029307490488635
2019-02-01,300498.XSHE,0.0120188942431211
2019-02-01,600000.XSHG,0.0348085373371533
2019-02-01,600015.XSHG,0.0111777352300905
2019-02-01,600016.XSHG,0.024224608239281
2019-02-01,600031.XSHG,0.0084634109166579
2019-02-01,600050.XSHG,0.013065814953184
2019-02-01,600089.XSHG,0.0030840488909654
2019-02-01,600170.XSHG,0.0031525188955862
2019-02-01,600177.XSHG,0.003159071957363
2019-02-01,600377.XSHG,0.0043197111050277
2019-02-01,600406.XSHG,0.0057755810918143
2019-02-01,600606.XSHG,0.009025889426623
2019-02-01,600673.XSHG,0.0025167558926185
2019-02-01,600674.XSHG,0.0046271723512411
2019-02-01,600750.XSHG,0.0008418840089557
2019-02-01,600795.XSHG,0.0055591966588518
2019-02-01,600886.XSHG,0.0064539625642764
2019-02-01,600900.XSHG,0.0216344321627407
2019-02-01,600919.XSHG,0.0043184897096528
2019-02-01,600926.XSHG,0.0018673097916109
2019-02-01,601006.XSHG,0.0148744900662666
2019-02-01,601009.XSHG,0.0067892802603096
2019-02-01,601088.XSHG,0.037949028538612
2019-02-01,601166.XSHG,0.0359114371478515
2019-02-01,601169.XSHG,0.0126123375300706
2019-02-01,601225.XSHG,0.0096601722198018
2019-02-01,601229.XSHG,0.0068891987163877
2019-02-01,601238.XSHG,0.0072512601541535
2019-02-01,601288.XSHG,0.1257990974553398
2019-02-01,601318.XSHG,0.0787456669992983
2019-02-01,601328.XSHG,0.0280766435748697
2019-02-01,601398.XSHG,0.1751836582403008
2019-02-01,601628.XSHG,0.0547679014687344
2019-02-01,601727.XSHG,0.0057214919659231
2019-02-01,601818.XSHG,0.0186336506960019
2019-02-01,601933.XSHG,0.0075050689752112
2019-02-01,601939.XSHG,0.0077892294754732
2019-02-01,601985.XSHG,0.0097200060500085
2019-02-01,601988.XSHG,0.089197556080335
2019-02-01,601989.XSHG,0.009227819290992
2019-02-01,601998.XSHG,0.0209142078935128
2019-03-01,000157.XSHE,0.0038285455452565
2019-03-01,000581.XSHE,0.0025586286988479
2019-03-01,000598.XSHE,0.0020288545778279
2019-03-01,000630.XSHE,0.0032752735258486
2019-03-01,000672.XSHE,0.0011769808812349
2019-03-01,000683.XSHE,0.0011590873849568
2019-03-01,000709.XSHE,0.0052112166316619
2019-03-01,000937.XSHE,0.001773937956719
2019-03-01,002142.XSHE,0.0131175218274751
2019-03-01,002537.XSHE,0.0019195380237983
2019-03-01,600000.XSHG,0.0486246266906103
2019-03-01,600015.XSHG,0.0158362971274334
2019-03-01,600016.XSHG,0.0341490146078405
2019-03-01,600018.XSHG,0.0201474073885481
2019-03-01,600022.XSHG,0.0030095249030704
2019-03-01,600025.XSHG,0.0045878554054314
2019-03-01,600039.XSHG,0.0018561141617996
2019-03-01,600123.XSHG,0.0012628935309574
2019-03-01,600153.XSHG,0.0034974533256597
2019-03-01,600170.XSHG,0.0043367588189226
2019-03-01,600219.XSHG,0.0036065498874786
2019-03-01,600269.XSHG,0.0014757555478325
2019-03-01,600325.XSHG,0.0022353609006398
2019-03-01,600350.XSHG,0.0033587632413522
2019-03-01,600606.XSHG,0.012243038385875
2019-03-01,600642.XSHG,0.0036103128073599
2019-03-01,600674.XSHG,0.0058739596087297
2019-03-01,600694.XSHG,0.0012210010600358
2019-03-01,600717.XSHG,0.0020105196375572
2019-03-01,600795.XSHG,0.0074955679525656
2019-03-01,600823.XSHG,0.0023757817715126
2019-03-01,600887.XSHG,0.0241774476174541
2019-03-01,600900.XSHG,0.026946169539605
2019-03-01,600919.XSHG,0.0062700588845922
2019-03-01,601006.XSHG,0.0190027974987541
2019-03-01,601009.XSHG,0.0093890700247586
2019-03-01,601088.XSHG,0.0494452509423475
2019-03-01,601169.XSHG,0.0172308496658984
2019-03-01,601225.XSHG,0.0131275040967438
2019-03-01,601288.XSHG,0.1629585141476046
2019-03-01,601328.XSHG,0.0372324795731797
2019-03-01,601398.XSHG,0.227029739408885
2019-03-01,601600.XSHG,0.0067047125301947
2019-03-01,601666.XSHG,0.0014172605958108
2019-03-01,601727.XSHG,0.0081103726917776
2019-03-01,601818.XSHG,0.0252137799620612
2019-03-01,601939.XSHG,0.0101360232647266
2019-03-01,601985.XSHG,0.01357753937852
2019-03-01,601988.XSHG,0.1183181811669003
2019-03-01,601991.XSHG,0.0048481071953443
2019-04-01,000157.XSHE,0.0053264992582688
2019-04-01,000402.XSHE,0.0047827785594737
2019-04-01,000690.XSHE,0.0031041085509571
2019-04-01,000778.XSHE,0.0037735062006711
2019-04-01,000926.XSHE,0.0013859114314242
2019-04-01,000999.XSHE,0.0052216233762791
2019-04-01,001979.XSHE,0.010239289635135
2019-04-01,002128.XSHE,0.0028676490106828
2019-04-01,002138.XSHE,0.0024237125432438
2019-04-01,002142.XSHE,0.0188091081828422
2019-04-01,002203.XSHE,0.0027680552236071
2019-04-01,002233.XSHE,0.0027064989432518
2019-04-01,002493.XSHE,0.0131148346580527
2019-04-01,002506.XSHE,0.0050503764540733
2019-04-01,002701.XSHE,0.0026824386134194
2019-04-01,600015.XSHG,0.0198239636230859
2019-04-01,600023.XSHG,0.01236721992258
2019-04-01,600025.XSHG,0.0069422118924083
2019-04-01,600036.XSHG,0.1286267645456885
2019-04-01,600057.XSHG,0.0020170525610253
2019-04-01,600123.XSHG,0.001734806498705
2019-04-01,600125.XSHG,0.0021210547166884
2019-04-01,600153.XSHG,0.0047359740329687
2019-04-01,600277.XSHG,0.0036839349978271
2019-04-01,600348.XSHG,0.0027545088209934
2019-04-01,600350.XSHG,0.0045420800490714
2019-04-01,600519.XSHG,0.1974267270761661
2019-04-01,600585.XSHG,0.0290517941593898
2019-04-01,600606.XSHG,0.0175653362584112
2019-04-01,600642.XSHG,0.0048138050816885
2019-04-01,600660.XSHG,0.0090700136911181
2019-04-01,600717.XSHG,0.0028098234575075
2019-04-01,600761.XSHG,0.0016250765224107
2019-04-01,600823.XSHG,0.0037060822930802
2019-04-01,600835.XSHG,0.0027534239155962
2019-04-01,600886.XSHG,0.0104291614118963
2019-04-01,600887.XSHG,0.0328969569275097
2019-04-01,600900.XSHG,0.0355765326743969
2019-04-01,601001.XSHG,0.0015647799395555
2019-04-01,601009.XSHG,0.0127100590845841
2019-04-01,601021.XSHG,0.0069920674409037
2019-04-01,601117.XSHG,0.0059657813004244
2019-04-01,601225.XSHG,0.0173262562252549
2019-04-01,601318.XSHG,0.1556641479937871
2019-04-01,601872.XSHG,0.0043100479984726
2019-04-01,601877.XSHG,0.0089692795216927
2019-04-01,601958.XSHG,0.004244527637186
2019-04-01,601988.XSHG,0.1476906769942062
2019-04-01,601992.XSHG,0.0069683939824051
2019-04-01,603899.XSHG,0.0062632861099302
2019-05-06,002142.XSHE,0.0083946021913119
2019-05-06,002203.XSHE,0.0013888831192614
2019-05-06,600000.XSHG,0.0280782135201764
2019-05-06,600011.XSHG,0.0059653344265069
2019-05-06,600015.XSHG,0.0083597392494998
2019-05-06,600016.XSHG,0.0187057772234232
2019-05-06,600019.XSHG,0.0129117675877349
2019-05-06,600023.XSHG,0.0052856281128806
2019-05-06,600028.XSHG,0.0440137008543529
2019-05-06,600036.XSHG,0.0592280961093539
2019-05-06,600085.XSHG,0.0034569110630883
2019-05-06,600161.XSHG,0.0017775731401489
2019-05-06,600177.XSHG,0.0027928086334205
2019-05-06,600269.XSHG,0.0008996984109473
2019-05-06,600276.XSHG,0.023938499964287
2019-05-06,600489.XSHG,0.0023142505839614
2019-05-06,600547.XSHG,0.0036156209695351
2019-05-06,600660.XSHG,0.00404303232375
2019-05-06,600674.XSHG,0.0031867866483154
2019-05-06,600688.XSHG,0.0030839905288554
2019-05-06,600795.XSHG,0.0043258123112932
2019-05-06,600872.XSHG,0.0023270335831501
2019-05-06,600886.XSHG,0.0045160721556478
2019-05-06,600887.XSHG,0.0153414486027651
2019-05-06,600900.XSHG,0.0314984559413682
2019-05-06,600919.XSHG,0.0037135743686148
2019-05-06,600998.XSHG,0.002092840538797
2019-05-06,601006.XSHG,0.0104098803232616
2019-05-06,601088.XSHG,0.0263756351030555
2019-05-06,601166.XSHG,0.0311980676556911
2019-05-06,601169.XSHG,0.0095946714258603
2019-05-06,601225.XSHG,0.0073069102406862
2019-05-06,601229.XSHG,0.0054152043682602
2019-05-06,601288.XSHG,0.0908750878331302
2019-05-06,601318.XSHG,0.0744201096014641
2019-05-06,601328.XSHG,0.0205713525374763
2019-05-06,601390.XSHG,0.0106196935559425
2019-05-06,601398.XSHG,0.1305745584537765
2019-05-06,601668.XSHG,0.0201686661105491
2019-05-06,601818.XSHG,0.0136176630784264
2019-05-06,601857.XSHG,0.1006294513360966
2019-05-06,601888.XSHG,0.0125654866190316
2019-05-06,601898.XSHG,0.0037427096580216
2019-05-06,601933.XSHG,0.0064093174907656
2019-05-06,601939.XSHG,0.0058078211387981
2019-05-06,601985.XSHG,0.0074329840933225
2019-05-06,601988.XSHG,0.067455028522872
2019-05-06,601998.XSHG,0.0164783526869975
2019-05-06,603288.XSHG,0.020234357357951
2019-05-06,603899.XSHG,0.0028408386461135
2019-06-03,001979.XSHE,0.004856700825392
2019-06-03,002120.XSHE,0.0016225561427824
2019-06-03,002142.XSHE,0.0099259350303122
2019-06-03,002203.XSHE,0.0017364043817144
2019-06-03,600000.XSHG,0.029841559076905
2019-06-03,600011.XSHG,0.0065136232454295
2019-06-03,600015.XSHG,0.0090891218787962
2019-06-03,600016.XSHG,0.0205967083639453
2019-06-03,600019.XSHG,0.0132734015405818
2019-06-03,600023.XSHG,0.0059789613125382
2019-06-03,600028.XSHG,0.0489342382265924
2019-06-03,600036.XSHG,0.0668010624393104
2019-06-03,600085.XSHG,0.0037878644209299
2019-06-03,600161.XSHG,0.0022223101619629
2019-06-03,600177.XSHG,0.0031994306807619
2019-06-03,600276.XSHG,0.0262084502487362
2019-06-03,600377.XSHG,0.003786140356779
2019-06-03,600388.XSHG,0.0012117966063697
2019-06-03,600398.XSHG,0.0037428911908934
2019-06-03,600489.XSHG,0.0027126678509667
2019-06-03,600547.XSHG,0.0044119767759973
2019-06-03,600642.XSHG,0.0025067423391262
2019-06-03,600674.XSHG,0.003766827236522
2019-06-03,600688.XSHG,0.00355984667492
2019-06-03,600795.XSHG,0.0046614368990597
2019-06-03,600872.XSHG,0.0029058969381531
2019-06-03,600886.XSHG,0.0050784408609627
2019-06-03,600887.XSHG,0.0174453551830251
2019-06-03,600900.XSHG,0.0365730602401081
2019-06-03,600919.XSHG,0.0041174239777612
2019-06-03,600926.XSHG,0.0016068597133621
2019-06-03,601006.XSHG,0.0118115697333833
2019-06-03,601088.XSHG,0.0288120317293183
2019-06-03,601169.XSHG,0.0100145630660168
2019-06-03,601229.XSHG,0.0055657539744895
2019-06-03,601288.XSHG,0.1032489765710868
2019-06-03,601318.XSHG,0.0807529676457466
2019-06-03,601328.XSHG,0.0221321683373979
2019-06-03,601398.XSHG,0.1446646222502437
2019-06-03,601566.XSHG,0.0007708262311113
2019-06-03,601818.XSHG,0.0145779268151317
2019-06-03,601857.XSHG,0.1086784708931692
2019-06-03,601888.XSHG,0.0140823674348079
2019-06-03,601898.XSHG,0.0040577460043823
2019-06-03,601899.XSHG,0.0053058729842814
2019-06-03,601933.XSHG,0.0074483893938632
2019-06-03,601939.XSHG,0.0063306769717823
2019-06-03,601988.XSHG,0.0734089815780225
2019-06-03,603899.XSHG,0.0035282290647777
2019-06-03,603939.XSHG,0.0021321685002879
2019-07-01,000869.XSHE,0.0013970988371651
2019-07-01,000883.XSHE,0.0026168631712567
2019-07-01,000902.XSHE,0.0011923786497539
2019-07-01,002120.XSHE,0.0017282018976952
2019-07-01,002142.XSHE,0.0112012220080915
2019-07-01,300144.XSHE,0.0025911606666556
2019-07-01,600000.XSHG,0.0310070901544544
2019-07-01,600015.XSHG,0.0093872779462584
2019-07-01,600016.XSHG,0.0214505973671863
2019-07-01,600019.XSHG,0.0137434952565854
2019-07-01,600023.XSHG,0.0057408815218663
2019-07-01,600028.XSHG,0.049338529111908
2019-07-01,600036.XSHG,0.0717204491629816
2019-07-01,600161.XSHG,0.0025559108221235
2019-07-01,600170.XSHG,0.0030465912988257
2019-07-01,600177.XSHG,0.0030234738010206
2019-07-01,600276.XSHG,0.0283109164613445
2019-07-01,600298.XSHG,0.0025622614330293
2019-07-01,600315.XSHG,0.0020238247834377
2019-07-01,600377.XSHG,0.003889752791231
2019-07-01,600388.XSHG,0.0012642341518969
2019-07-01,600398.XSHG,0.0037855277627373
2019-07-01,600642.XSHG,0.0025990711092286
2019-07-01,600674.XSHG,0.0037494879020683
2019-07-01,600795.XSHG,0.0047397009572341
2019-07-01,600887.XSHG,0.0195574850234705
2019-07-01,600900.XSHG,0.0369169853262615
2019-07-01,600919.XSHG,0.0041494438490352
2019-07-01,600926.XSHG,0.001663227548442
2019-07-01,601006.XSHG,0.0114860507666258
2019-07-01,601088.XSHG,0.0316969728099564
2019-07-01,601098.XSHG,0.0021473734690605
2019-07-01,601166.XSHG,0.0333708498958081
2019-07-01,601169.XSHG,0.01024711047067
2019-07-01,601225.XSHG,0.0088283434359417
2019-07-01,601229.XSHG,0.005952604459643
2019-07-01,601288.XSHG,0.1002945194015116
2019-07-01,601328.XSHG,0.0227808309850493
2019-07-01,601398.XSHG,0.150383744977132
2019-07-01,601668.XSHG,0.0227537701036638
2019-07-01,601818.XSHG,0.0144410477582758
2019-07-01,601838.XSHG,0.0015705449420687
2019-07-01,601857.XSHG,0.105725301280497
2019-07-01,601888.XSHG,0.0165932619390071
2019-07-01,601898.XSHG,0.0042079975768289
2019-07-01,601939.XSHG,0.0067431476731238
2019-07-01,601985.XSHG,0.0082714158417518
2019-07-01,601988.XSHG,0.0746667119974659
2019-07-01,601998.XSHG,0.0182469088184016
2019-07-01,603866.XSHG,0.0026383506242696
2019-08-01,000027.XSHE,0.0025235345161987
2019-08-01,000598.XSHE,0.0015361548701989
2019-08-01,000718.XSHE,0.000940162433329
2019-08-01,002352.XSHE,0.0065215282698095
2019-08-01,600000.XSHG,0.0353831803749737
2019-08-01,600011.XSHG,0.007682178968011
2019-08-01,600015.XSHG,0.0104347117975236
2019-08-01,600016.XSHG,0.0230710668941737
2019-08-01,600019.XSHG,0.0149518323444675
2019-08-01,600023.XSHG,0.0063349714853605
2019-08-01,600025.XSHG,0.0045637492551014
2019-08-01,600028.XSHG,0.0540099969269778
2019-08-01,600048.XSHG,0.0177802969375401
2019-08-01,600153.XSHG,0.0027239052395708
2019-08-01,600170.XSHG,0.0034486084713529
2019-08-01,600177.XSHG,0.0034842076724801
2019-08-01,600269.XSHG,0.0010953647541976
2019-08-01,600315.XSHG,0.0022857996347218
2019-08-01,600377.XSHG,0.0042153119992398
2019-08-01,600642.XSHG,0.0028532534775616
2019-08-01,600674.XSHG,0.0045100222827424
2019-08-01,600795.XSHG,0.0054577158851339
2019-08-01,600863.XSHG,0.0019459312294456
2019-08-01,600886.XSHG,0.0063362972780439
2019-08-01,600900.XSHG,0.0446027840427306
2019-08-01,600919.XSHG,0.0044347939370324
2019-08-01,600926.XSHG,0.0019009878909564
2019-08-01,601006.XSHG,0.0126765392763668
2019-08-01,601009.XSHG,0.0076359023918738
2019-08-01,601088.XSHG,0.0339685759317932
2019-08-01,601098.XSHG,0.0024009465103242
2019-08-01,601166.XSHG,0.0388325929295218
2019-08-01,601169.XSHG,0.0110041418867117
2019-08-01,601225.XSHG,0.0101586104381098
2019-08-01,601229.XSHG,0.0067372913391701
2019-08-01,601288.XSHG,0.1137675699723545
2019-08-01,601328.XSHG,0.0245179137153605
2019-08-01,601390.XSHG,0.0127290934522804
2019-08-01,601398.XSHG,0.1634590138186603
2019-08-01,601668.XSHG,0.0258764725373848
2019-08-01,601699.XSHG,0.0026444513485227
2019-08-01,601818.XSHG,0.0168651755405411
2019-08-01,601838.XSHG,0.0016965307260441
2019-08-01,601857.XSHG,0.1130433551254956
2019-08-01,601898.XSHG,0.0045793461641637
2019-08-01,601939.XSHG,0.0075996683835031
2019-08-01,601985.XSHG,0.0094369235484899
2019-08-01,601988.XSHG,0.0838211905689863
2019-08-01,601998.XSHG,0.020377688338408
2019-08-01,603659.XSHG,0.0011426571870558
2019-09-02,000333.XSHE,0.0362169490974452
2019-09-02,000667.XSHE,0.0006680087917047
2019-09-02,002203.XSHE,0.001734132506822
2019-09-02,002212.XSHE,0.0015041877023755
2019-09-02,300015.XSHE,0.008430200772054
2019-09-02,600000.XSHG,0.0312914089343091
2019-09-02,600011.XSHG,0.0065877594496855
2019-09-02,600015.XSHG,0.0092033085395378
2019-09-02,600016.XSHG,0.0204733841764926
2019-09-02,600023.XSHG,0.0053682727093074
2019-09-02,600025.XSHG,0.0040148306872331
2019-09-02,600028.XSHG,0.0470996091836025
2019-09-02,600038.XSHG,0.0029494677383005
2019-09-02,600085.XSHG,0.0037529341065759
2019-09-02,600170.XSHG,0.0029915179778168
2019-09-02,600177.XSHG,0.0030867518940332
2019-09-02,600377.XSHG,0.0037420144016602
2019-09-02,600585.XSHG,0.0160855243129782
2019-09-02,600642.XSHG,0.0025654607626776
2019-09-02,600674.XSHG,0.0042487873051249
2019-09-02,600795.XSHG,0.0047655812270611
2019-09-02,600863.XSHG,0.0017907566189257
2019-09-02,600886.XSHG,0.0065229735380948
2019-09-02,600900.XSHG,0.039702308831878
2019-09-02,600919.XSHG,0.0075031799281509
2019-09-02,600926.XSHG,0.0016453551113223
2019-09-02,601006.XSHG,0.0114148860086382
2019-09-02,601009.XSHG,0.0065210608315504
2019-09-02,601088.XSHG,0.031363548074622
2019-09-02,601098.XSHG,0.0021848680511001
2019-09-02,601117.XSHG,0.0027462606224196
2019-09-02,601166.XSHG,0.0322876633125743
2019-09-02,601169.XSHG,0.0094601283293313
2019-09-02,601225.XSHG,0.0090036148973271
2019-09-02,601229.XSHG,0.0059751600184649
2019-09-02,601288.XSHG,0.0984534539874948
2019-09-02,601318.XSHG,0.0941295838764415
2019-09-02,601328.XSHG,0.0209650400439278
2019-09-02,601390.XSHG,0.0111988374629546
2019-09-02,601398.XSHG,0.1426842053939407
2019-09-02,601668.XSHG,0.0224593923947425
2019-09-02,601818.XSHG,0.0147753480969798
2019-09-02,601838.XSHG,0.0015083658509785
2019-09-02,601857.XSHG,0.0979341945193862
2019-09-02,601898.XSHG,0.0045648584805044
2019-09-02,601939.XSHG,0.006480674787025
2019-09-02,601985.XSHG,0.0083139536273314
2019-09-02,601988.XSHG,0.0732572127995072
2019-09-02,601998.XSHG,0.0176680110215094
2019-09-02,603012.XSHG,0.0007050112060763
2019-10-08,000333.XSHE,0.0311608857784675
2019-10-08,000538.XSHE,0.0040689685227242
2019-10-08,000598.XSHE,0.0012758212303316
2019-10-08,000651.XSHE,0.0302068128517834
2019-10-08,002007.XSHE,0.0036362406753346
2019-10-08,300015.XSHE,0.007888576264227
2019-10-08,600000.XSHG,0.0291003482092326
2019-10-08,600009.XSHG,0.0074005515469784
2019-10-08,600011.XSHG,0.0053173961863813
2019-10-08,600015.XSHG,0.0083011584030625
2019-10-08,600016.XSHG,0.0187609596649947
2019-10-08,600019.XSHG,0.011346250833899
2019-10-08,600023.XSHG,0.0046035967926943
2019-10-08,600028.XSHG,0.0415740899475619
2019-10-08,600036.XSHG,0.0624838477148247
2019-10-08,600085.XSHG,0.0032137307228826
2019-10-08,600170.XSHG,0.00248127903716
2019-10-08,600177.XSHG,0.0027922436830949
2019-10-08,600377.XSHG,0.0034319506619194
2019-10-08,600585.XSHG,0.0147703167648644
2019-10-08,600606.XSHG,0.0075068490402804
2019-10-08,600674.XSHG,0.0038304573719959
2019-10-08,600690.XSHG,0.0082502425220863
2019-10-08,600704.XSHG,0.0020198464181083
2019-10-08,600795.XSHG,0.004069443664399
2019-10-08,600900.XSHG,0.0355676462959456
2019-10-08,600919.XSHG,0.0067089964617439
2019-10-08,600926.XSHG,0.0015432721527449
2019-10-08,601006.XSHG,0.0097667694954894
2019-10-08,601009.XSHG,0.0064802262047995
2019-10-08,601088.XSHG,0.0267616917112809
2019-10-08,601117.XSHG,0.0024509472240576
2019-10-08,601166.XSHG,0.0297742833769458
2019-10-08,601169.XSHG,0.0085583694648453
2019-10-08,601225.XSHG,0.0076919951378843
2019-10-08,601229.XSHG,0.0055303616661105
2019-10-08,601288.XSHG,0.0890420156180691
2019-10-08,601318.XSHG,0.0829477673424962
2019-10-08,601328.XSHG,0.0187503034934001
2019-10-08,601333.XSHG,0.0015098905784282
2019-10-08,601398.XSHG,0.1304370860125044
2019-10-08,601668.XSHG,0.0195100720947177
2019-10-08,601818.XSHG,0.0141679981606501
2019-10-08,601838.XSHG,0.0013302397422164
2019-10-08,601857.XSHG,0.0860862944983119
2019-10-08,601939.XSHG,0.0059102276360661
2019-10-08,601985.XSHG,0.0071918791298405
2019-10-08,601988.XSHG,0.0660220173707994
2019-10-08,601998.XSHG,0.0159352830504635
2019-10-08,603012.XSHG,0.0008325015708973
2019-11-01,000166.XSHE,0.0108314633968932
2019-11-01,000333.XSHE,0.0399447826646325
2019-11-01,000402.XSHE,0.002392414395768
2019-11-01,000598.XSHE,0.0014353653564802
2019-11-01,000623.XSHE,0.0018210574343608
2019-11-01,000667.XSHE,0.0006784665304088
2019-11-01,000983.XSHE,0.0017912010134436
2019-11-01,002024.XSHE,0.0083118860491924
2019-11-01,002083.XSHE,0.000541156119387
2019-11-01,002128.XSHE,0.0013120256912986
2019-11-01,300457.XSHE,0.0006819064822832
2019-11-01,600000.XSHG,0.0357329192881044
2019-11-01,600015.XSHG,0.0096670652607806
2019-11-01,600016.XSHG,0.0218548099840823
2019-11-01,600028.XSHG,0.0465981521889265
2019-11-01,600036.XSHG,0.0752925345137411
2019-11-01,600089.XSHG,0.0023890872671119
2019-11-01,600170.XSHG,0.0029113998886596
2019-11-01,600177.XSHG,0.0032850788790996
2019-11-01,600219.XSHG,0.0020691612699186
2019-11-01,600350.XSHG,0.0022933590355615
2019-11-01,600585.XSHG,0.0173384856602723
2019-11-01,600606.XSHG,0.0082635307689341
2019-11-01,600642.XSHG,0.002651017420191
2019-11-01,600674.XSHG,0.0042933528017628
2019-11-01,600795.XSHG,0.0045854401612206
2019-11-01,600900.XSHG,0.0392269029194709
2019-11-01,600919.XSHG,0.0082348657305674
2019-11-01,600926.XSHG,0.0039058891639095
2019-11-01,601006.XSHG,0.0114601570626013
2019-11-01,601009.XSHG,0.007452099550266
2019-11-01,601021.XSHG,0.0040824848136084
2019-11-01,601088.XSHG,0.0302264625258968
2019-11-01,601117.XSHG,0.0029811070046181
2019-11-01,601166.XSHG,0.0368400222244845
2019-11-01,601169.XSHG,0.0102451365235068
2019-11-01,601225.XSHG,0.0084465087382529
2019-11-01,601229.XSHG,0.0062977093064029
2019-11-01,601288.XSHG,0.1073257453452625
2019-11-01,601318.XSHG,0.0972667946693872
2019-11-01,601328.XSHG,0.0221543737293648
2019-11-01,601333.XSHG,0.0017360606985882
2019-11-01,601398.XSHG,0.1597054845376536
2019-11-01,601766.XSHG,0.01647782833527
2019-11-01,601838.XSHG,0.0016120221251962
2019-11-01,601939.XSHG,0.0069839464393668
2019-11-01,601985.XSHG,0.0078853079786198
2019-11-01,601988.XSHG,0.0777669565834012
2019-11-01,601997.XSHG,0.0028654007136483
2019-11-01,601998.XSHG,0.019853613758138
2019-12-02,000027.XSHE,0.0027462597604036
2019-12-02,000166.XSHE,0.0122064374125872
2019-12-02,000402.XSHE,0.002642948927314
2019-12-02,000598.XSHE,0.0015260135401353
2019-12-02,000623.XSHE,0.0020075972277961
2019-12-02,000667.XSHE,0.0007670491011423
2019-12-02,000728.XSHE,0.0027969351816297
2019-12-02,000778.XSHE,0.0017723303926381
2019-12-02,000983.XSHE,0.0020612107816838
2019-12-02,002128.XSHE,0.001514492297687
2019-12-02,002493.XSHE,0.0080051169834404
2019-12-02,600015.XSHG,0.0108191245423057
2019-12-02,600016.XSHG,0.0248470123152834
2019-12-02,600028.XSHG,0.0537149884509132
2019-12-02,600036.XSHG,0.0845918983451317
2019-12-02,600089.XSHG,0.0027416758534169
2019-12-02,600170.XSHG,0.0033346477798511
2019-12-02,600177.XSHG,0.0038433917774108
2019-12-02,600219.XSHG,0.0023896120031514
2019-12-02,600252.XSHG,0.0011483795906652
2019-12-02,600256.XSHG,0.0024941070005633
2019-12-02,600309.XSHG,0.0079692745748906
2019-12-02,600362.XSHG,0.0033676456278052
2019-12-02,600377.XSHG,0.004591164471998
2019-12-02,600395.XSHG,0.0010844554033012
2019-12-02,600606.XSHG,0.0091752322751759
2019-12-02,600642.XSHG,0.0030860610765492
2019-12-02,600660.XSHG,0.0050336576685734
2019-12-02,600674.XSHG,0.0048440871882521
2019-12-02,600795.XSHG,0.0050878051597792
2019-12-02,600820.XSHG,0.0020958403100674
2019-12-02,600900.XSHG,0.0448197465496582
2019-12-02,600919.XSHG,0.0090018798544386
2019-12-02,600926.XSHG,0.0043592938568823
2019-12-02,601006.XSHG,0.0133542041362575
2019-12-02,601166.XSHG,0.0409348928512018
2019-12-02,601169.XSHG,0.0115009254873208
2019-12-02,601229.XSHG,0.0139154784075584
2019-12-02,601288.XSHG,0.1208820592745546
2019-12-02,601318.XSHG,0.1024595470327261
2019-12-02,601328.XSHG,0.0244706689866861
2019-12-02,601333.XSHG,0.0018999245366997
2019-12-02,601398.XSHG,0.1778852627441494
2019-12-02,601838.XSHG,0.001825100185385
2019-12-02,601901.XSHG,0.0062727431949863
2019-12-02,601939.XSHG,0.0077569052213705
2019-12-02,601988.XSHG,0.0866427844925625
2019-12-02,601997.XSHG,0.003189782429128
2019-12-02,601998.XSHG,0.0215939313560165
2019-12-02,603288.XSHG,0.0329284163808732
2020-01-02,000069.XSHE,0.0062085562970368
2020-01-02,000166.XSHE,0.0131985496267024
2020-01-02,000402.XSHE,0.0027692193208521
2020-01-02,000528.XSHE,0.0011810447199112
2020-01-02,000623.XSHE,0.0022067218522608
2020-01-02,000630.XSHE,0.0025443205005754
2020-01-02,000778.XSHE,0.0018730929715037
2020-01-02,000825.XSHE,0.0026884157507937
2020-01-02,000983.XSHE,0.0021933087706969
2020-01-02,002128.XSHE,0.0016115524275653
2020-01-02,002493.XSHE,0.0081626236624166
2020-01-02,002807.XSHE,0.0011505879928166
2020-01-02,600015.XSHG,0.0112290357005492
2020-01-02,600016.XSHG,0.0256504245628645
2020-01-02,600028.XSHG,0.056186148396214
2020-01-02,600036.XSHG,0.0912170389061759
2020-01-02,600039.XSHG,0.0013564391977177
2020-01-02,600064.XSHG,0.0013915897607636
2020-01-02,600089.XSHG,0.0028387062536954
2020-01-02,600153.XSHG,0.0029213573656472
2020-01-02,600177.XSHG,0.004094338632038
2020-01-02,600219.XSHG,0.0025156244170222
2020-01-02,600377.XSHG,0.0049005261231373
2020-01-02,600415.XSHG,0.0024824042352197
2020-01-02,600606.XSHG,0.0097148149214061
2020-01-02,600642.XSHG,0.0030130171349382
2020-01-02,600660.XSHG,0.0055947290155445
2020-01-02,600674.XSHG,0.0049514556904725
2020-01-02,600808.XSHG,0.0020972098794818
2020-01-02,600820.XSHG,0.0022026689564807
2020-01-02,600873.XSHG,0.0015766712962669
2020-01-02,600900.XSHG,0.046212800126993
2020-01-02,600919.XSHG,0.0094304410530413
2020-01-02,600926.XSHG,0.0049778159748037
2020-01-02,601000.XSHG,0.0017657548780029
2020-01-02,601006.XSHG,0.0138137634502823
2020-01-02,601166.XSHG,0.0437912427744643
2020-01-02,601169.XSHG,0.0118916702964174
2020-01-02,601229.XSHG,0.0143887469967329
2020-01-02,601288.XSHG,0.1247413793681484
2020-01-02,601318.XSHG,0.106099178594426
2020-01-02,601328.XSHG,0.0253553882332821
2020-01-02,601333.XSHG,0.0019863306815519
2020-01-02,601398.XSHG,0.1830571090234077
2020-01-02,601618.XSHG,0.0057865473148463
2020-01-02,601838.XSHG,0.0019495748452327
2020-01-02,601939.XSHG,0.0079758008128189
2020-01-02,601988.XSHG,0.0891692679872755
2020-01-02,601997.XSHG,0.003351657492145
2020-01-02,601998.XSHG,0.0225333357573583
2020-02-03,000930.XSHE,0.0006249472352531
2020-02-03,002024.XSHE,0.0079173799536903
2020-02-03,002142.XSHE,0.0158664843853759
2020-02-03,002221.XSHE,0.0014595390456795
2020-02-03,002311.XSHE,0.0056742150600153
2020-02-03,002352.XSHE,0.0185869634646445
2020-02-03,002737.XSHE,0.0009634918720246
2020-02-03,300760.XSHE,0.0102757378903675
2020-02-03,600015.XSHG,0.0099631996142362
2020-02-03,600016.XSHG,0.0223336492207759
2020-02-03,600028.XSHG,0.0488641868871219
2020-02-03,600036.XSHG,0.0799833947706252
2020-02-03,600039.XSHG,0.0011594014699623
2020-02-03,600056.XSHG,0.0017319508486937
2020-02-03,600062.XSHG,0.0016084852526513
2020-02-03,600085.XSHG,0.0042959134245597
2020-02-03,600161.XSHG,0.0035984194454982
2020-02-03,600196.XSHG,0.0057136228344966
2020-02-03,600276.XSHG,0.0417436880798313
2020-02-03,600323.XSHG,0.0016284047152815
2020-02-03,600332.XSHG,0.00580576661783
2020-02-03,600377.XSHG,0.0044664672392567
2020-02-03,600436.XSHG,0.0079738691055312
2020-02-03,600535.XSHG,0.0025482407332912
2020-02-03,600660.XSHG,0.0050280979092081
2020-02-03,600674.XSHG,0.004087977984491
2020-02-03,600741.XSHG,0.0089262527654265
2020-02-03,600750.XSHG,0.0007647119600092
2020-02-03,600808.XSHG,0.001750407927263
2020-02-03,600820.XSHG,0.0018235168799107
2020-02-03,600900.XSHG,0.0417121651829635
2020-02-03,600919.XSHG,0.0082058000923227
2020-02-03,600926.XSHG,0.0043880574602514
2020-02-03,601006.XSHG,0.0118805661806281
2020-02-03,601009.XSHG,0.0071445727156827
2020-02-03,601166.XSHG,0.0360811979634523
2020-02-03,601169.XSHG,0.0103209368277471
2020-02-03,601225.XSHG,0.0088546760458448
2020-02-03,601229.XSHG,0.0122566295253317
2020-02-03,601288.XSHG,0.1096835739638708
2020-02-03,601318.XSHG,0.0931740324332765
2020-02-03,601328.XSHG,0.0221999916535285
2020-02-03,601398.XSHG,0.161741526202307
2020-02-03,601607.XSHG,0.0044035992474161
2020-02-03,601838.XSHG,0.0016625792046603
2020-02-03,601939.XSHG,0.0068383727804765
2020-02-03,601988.XSHG,0.0800159127460255
2020-02-03,601997.XSHG,0.0027624150153972
2020-02-03,601998.XSHG,0.0190694287894041
2020-02-03,603288.XSHG,0.0304355813764086
2020-03-02,000059.XSHE,0.0010356882196968
2020-03-02,000166.XSHE,0.0115123282177644
2020-03-02,000598.XSHE,0.0014690888765839
2020-03-02,000630.XSHE,0.0023569021512098
2020-03-02,000667.XSHE,0.0006997442390873
2020-03-02,000688.XSHE,0.0018327190884951
2020-03-02,000703.XSHE,0.0037179803512206
2020-03-02,001979.XSHE,0.0154050358185614
2020-03-02,002142.XSHE,0.0157720096068554
2020-03-02,002179.XSHE,0.004382976634123
2020-03-02,002311.XSHE,0.0058069961139248
2020-03-02,002673.XSHE,0.0036626883928408
2020-03-02,600008.XSHG,0.0020320025345856
2020-03-02,600015.XSHG,0.0095431754433411
2020-03-02,600016.XSHG,0.021658156502475
2020-03-02,600028.XSHG,0.0472111402496657
2020-03-02,600036.XSHG,0.0753550627232405
2020-03-02,600062.XSHG,0.0014980096026924
2020-03-02,600085.XSHG,0.0038319690477138
2020-03-02,600089.XSHG,0.0025964546396138
2020-03-02,600170.XSHG,0.0033696723298064
2020-03-02,600177.XSHG,0.0035419016768283
2020-03-02,600276.XSHG,0.0395244152857005
2020-03-02,600323.XSHG,0.0016278911673309
2020-03-02,600377.XSHG,0.0040741567932751
2020-03-02,600519.XSHG,0.1434077009822094
2020-03-02,600660.XSHG,0.0049879680998558
2020-03-02,600674.XSHG,0.004280418683836
2020-03-02,600741.XSHG,0.0094617764731363
2020-03-02,600820.XSHG,0.0019863277215272
2020-03-02,600873.XSHG,0.0014637772565925
2020-03-02,600900.XSHG,0.0399157315354948
2020-03-02,600908.XSHG,0.0009417943882724
2020-03-02,600919.XSHG,0.0077932545810482
2020-03-02,600926.XSHG,0.0043201563755672
2020-03-02,601006.XSHG,0.0112676444901702
2020-03-02,601166.XSHG,0.0352285452350115
2020-03-02,601169.XSHG,0.0099938740973613
2020-03-02,601225.XSHG,0.0085671866642337
2020-03-02,601229.XSHG,0.0121841138142426
2020-03-02,601288.XSHG,0.1069512148466885
2020-03-02,601328.XSHG,0.021826571074694
2020-03-02,601398.XSHG,0.1519095128041951
2020-03-02,601838.XSHG,0.0016486840047764
2020-03-02,601939.XSHG,0.0066458456409415
2020-03-02,601988.XSHG,0.0797595463691549
2020-03-02,601997.XSHG,0.0027719760600356
2020-03-02,601998.XSHG,0.018546714981246
2020-03-02,603288.XSHG,0.0289394997273136
2020-03-02,603708.XSHG,0.0016819983857603
2020-04-01,000166.XSHE,0.0109314019480748
2020-04-01,000538.XSHE,0.0056094468036871
2020-04-01,000598.XSHE,0.0015775947624517
2020-04-01,000630.XSHE,0.0023200101520832
2020-04-01,000667.XSHE,0.0007508013694202
2020-04-01,000729.XSHE,0.0016453108914288
2020-04-01,002024.XSHE,0.0076898507206584
2020-04-01,002179.XSHE,0.0040099432204045
2020-04-01,002493.XSHE,0.0068023865101086
2020-04-01,600008.XSHG,0.0019016348636669
2020-04-01,600015.XSHG,0.0091883766715166
2020-04-01,600016.XSHG,0.0223476819092648
2020-04-01,600022.XSHG,0.0015639484727985
2020-04-01,600027.XSHG,0.0026188223003185
2020-04-01,600028.XSHG,0.0464607281015954
2020-04-01,600036.XSHG,0.0734079695578872
2020-04-01,600085.XSHG,0.0037745768192738
2020-04-01,600170.XSHG,0.0031459420141775
2020-04-01,600177.XSHG,0.0035318252168173
2020-04-01,600219.XSHG,0.0022329929668281
2020-04-01,600276.XSHG,0.0439889127584094
2020-04-01,600282.XSHG,0.0015226883647761
2020-04-01,600377.XSHG,0.004023187921912
2020-04-01,600519.XSHG,0.1534578188787294
2020-04-01,600674.XSHG,0.0045049642519864
2020-04-01,600795.XSHG,0.0043962076470368
2020-04-01,600820.XSHG,0.0018977884254323
2020-04-01,600874.XSHG,0.0008561421548561
2020-04-01,600886.XSHG,0.0059524534993175
2020-04-01,600887.XSHG,0.0190879122892604
2020-04-01,600900.XSHG,0.0414947171997413
2020-04-01,600908.XSHG,0.0009396544519311
2020-04-01,600919.XSHG,0.0075667154098528
2020-04-01,601000.XSHG,0.0014767072729975
2020-04-01,601006.XSHG,0.0110812255554469
2020-04-01,601088.XSHG,0.0292229095723237
2020-04-01,601169.XSHG,0.0097615355637776
2020-04-01,601225.XSHG,0.0083064746436251
2020-04-01,601229.XSHG,0.0120587011208224
2020-04-01,601288.XSHG,0.110078165442018
2020-04-01,601328.XSHG,0.0224312978999391
2020-04-01,601398.XSHG,0.154079458086064
2020-04-01,601727.XSHG,0.0055966446966218
2020-04-01,601766.XSHG,0.0175403910252234
2020-04-01,601838.XSHG,0.0015797083847958
2020-04-01,601939.XSHG,0.0067789178917164
2020-04-01,601985.XSHG,0.0075335315387174
2020-04-01,601988.XSHG,0.0812333339831451
2020-04-01,601998.XSHG,0.0181980133657127
2020-04-01,603222.XSHG,0.0018425754313475
2020-05-06,000166.XSHE,0.01126934045086
2020-05-06,000333.XSHE,0.041664368429045
2020-05-06,000538.XSHE,0.0061923708051711
2020-05-06,000598.XSHE,0.0016346588204376
2020-05-06,000623.XSHE,0.0019848192428745
2020-05-06,000667.XSHE,0.0007745784022394
2020-05-06,000729.XSHE,0.0017071708266401
2020-05-06,002128.XSHE,0.0014634875034737
2020-05-06,002179.XSHE,0.0042855453810112
2020-05-06,002294.XSHE,0.0022334951023718
2020-05-06,002493.XSHE,0.0080250408422075
2020-05-06,600008.XSHG,0.0021836767142686
2020-05-06,600015.XSHG,0.0094021954404486
2020-05-06,600016.XSHG,0.0233263526947728
2020-05-06,600019.XSHG,0.0122280259657277
2020-05-06,600027.XSHG,0.0029154448489997
2020-05-06,600028.XSHG,0.0476803015644467
2020-05-06,600048.XSHG,0.0213296633658615
2020-05-06,600064.XSHG,0.0012431514401626
2020-05-06,600085.XSHG,0.0039854315768197
2020-05-06,600153.XSHG,0.0027335486177413
2020-05-06,600170.XSHG,0.0032796051457892
2020-05-06,600177.XSHG,0.0037273467717426
2020-05-06,600219.XSHG,0.0023150117816771
2020-05-06,600276.XSHG,0.0479271519218348
2020-05-06,600282.XSHG,0.0015885110179623
2020-05-06,600329.XSHG,0.0008903911933574
2020-05-06,600377.XSHG,0.0044253409993731
2020-05-06,600436.XSHG,0.0098866261965417
2020-05-06,600519.XSHG,0.1839376514943088
2020-05-06,600795.XSHG,0.004382337227891
2020-05-06,600820.XSHG,0.0020327171897248
2020-05-06,600900.XSHG,0.0427197988055466
2020-05-06,600926.XSHG,0.0044231587630655
2020-05-06,600999.XSHG,0.0117119309541549
2020-05-06,601006.XSHG,0.011721536568722
2020-05-06,601009.XSHG,0.0073277987670988
2020-05-06,601169.XSHG,0.010153405593499
2020-05-06,601229.XSHG,0.0121141237074552
2020-05-06,601288.XSHG,0.1132724684585587
2020-05-06,601328.XSHG,0.022679623603222
2020-05-06,601390.XSHG,0.0123010112664824
2020-05-06,601398.XSHG,0.1551778451750918
2020-05-06,601727.XSHG,0.0058388946604551
2020-05-06,601766.XSHG,0.0170162422010536
2020-05-06,601838.XSHG,0.0016556077264965
2020-05-06,601939.XSHG,0.0068508227116361
2020-05-06,601985.XSHG,0.0076264110066304
2020-05-06,601988.XSHG,0.0819007549656642
2020-05-06,603858.XSHG,0.0028532060893813
2020-06-01,000166.XSHE,0.0107997763233356
2020-06-01,000333.XSHE,0.0438196522919045
2020-06-01,000538.XSHE,0.0057181036953136
2020-06-01,000598.XSHE,0.0015041525495549
2020-06-01,000623.XSHE,0.0018810893456709
2020-06-01,000729.XSHE,0.0017306427548508
2020-06-01,002128.XSHE,0.0014172117301658
2020-06-01,002294.XSHE,0.0022650278212662
2020-06-01,002352.XSHE,0.0215197403175329
2020-06-01,002493.XSHE,0.0072066329472188
2020-06-01,600000.XSHG,0.0318057793815053
2020-06-01,600008.XSHG,0.0018366662149844
2020-06-01,600015.XSHG,0.0087479441918629
2020-06-01,600016.XSHG,0.0217059682782595
2020-06-01,600019.XSHG,0.0115837203609938
2020-06-01,600025.XSHG,0.0035198166176487
2020-06-01,600064.XSHG,0.0012385312270317
2020-06-01,600085.XSHG,0.0037149089737027
2020-06-01,600170.XSHG,0.0029616984213451
2020-06-01,600177.XSHG,0.0031137455212876
2020-06-01,600219.XSHG,0.0021425147527452
2020-06-01,600276.XSHG,0.0451441092305018
2020-06-01,600282.XSHG,0.0013337432565078
2020-06-01,600436.XSHG,0.0095238010891996
2020-06-01,600519.XSHG,0.1894895967070332
2020-06-01,600549.XSHG,0.001851240502955
2020-06-01,600674.XSHG,0.0042054796466159
2020-06-01,600820.XSHG,0.0021015435903336
2020-06-01,600886.XSHG,0.0055598320625069
2020-06-01,600900.XSHG,0.0416135368503962
2020-06-01,600926.XSHG,0.0046997849729379
2020-06-01,600959.XSHG,0.0017524058727005
2020-06-01,601006.XSHG,0.0108376048529098
2020-06-01,601009.XSHG,0.0071388135915812
2020-06-01,601088.XSHG,0.0290201912227436
2020-06-01,601169.XSHG,0.0095599230206361
2020-06-01,601229.XSHG,0.0114432627288283
2020-06-01,601288.XSHG,0.1068678456753435
2020-06-01,601328.XSHG,0.0214806983453003
2020-06-01,601390.XSHG,0.0105360427070983
2020-06-01,601398.XSHG,0.1478363420522994
2020-06-01,601618.XSHG,0.004818674640502
2020-06-01,601668.XSHG,0.0221821861851507
2020-06-01,601688.XSHG,0.0139874554126208
2020-06-01,601818.XSHG,0.0162450799986543
2020-06-01,601838.XSHG,0.0016103059584777
2020-06-01,601939.XSHG,0.0065246336968787
2020-06-01,601988.XSHG,0.0777178852414346
2020-06-01,603156.XSHG,0.0018338595200689
2020-06-01,603858.XSHG,0.0028507976496003
2020-07-01,000166.XSHE,0.0110189779986551
2020-07-01,000333.XSHE,0.0409760183742679
2020-07-01,000538.XSHE,0.0053611846475372
2020-07-01,000623.XSHE,0.0017372585869158
2020-07-01,000776.XSHE,0.0082754969683421
2020-07-01,002032.XSHE,0.0042154897233502
2020-07-01,002128.XSHE,0.0012370955930962
2020-07-01,002352.XSHE,0.0231377461843681
2020-07-01,002493.XSHE,0.0068457519797204
2020-07-01,002736.XSHE,0.0089609509322197
2020-07-01,600000.XSHG,0.0288830724943785
2020-07-01,600015.XSHG,0.0076075508168859
2020-07-01,600016.XSHG,0.019512221710153
2020-07-01,600019.XSHG,0.0098374636223559
2020-07-01,600025.XSHG,0.0032293872357908
2020-07-01,600030.XSHG,0.0232165639141883
2020-07-01,600036.XSHG,0.0686760926169003
2020-07-01,600064.XSHG,0.0011649671943914
2020-07-01,600085.XSHG,0.0036129899158784
2020-07-01,600219.XSHG,0.00235573680892
2020-07-01,600323.XSHG,0.0016681456854215
2020-07-01,600325.XSHG,0.0015027839701388
2020-07-01,600436.XSHG,0.0100246595906418
2020-07-01,600519.XSHG,0.1796227118197248
2020-07-01,600642.XSHG,0.002500298983335
2020-07-01,600674.XSHG,0.0039470970039654
2020-07-01,600835.XSHG,0.0012934654853433
2020-07-01,600886.XSHG,0.0051494717475436
2020-07-01,600887.XSHG,0.0180051730961572
2020-07-01,600900.XSHG,0.0409464664462947
2020-07-01,600926.XSHG,0.0043830217879533
2020-07-01,600958.XSHG,0.0052589128669021
2020-07-01,601006.XSHG,0.0099868495077383
2020-07-01,601009.XSHG,0.0060388743384282
2020-07-01,601018.XSHG,0.0045253092756333
2020-07-01,601169.XSHG,0.008695989676959
2020-07-01,601211.XSHG,0.0126009134989167
2020-07-01,601229.XSHG,0.0108896854448165
2020-07-01,601288.XSHG,0.0953899988624116
2020-07-01,601319.XSHG,0.0036020766691956
2020-07-01,601328.XSHG,0.0193808609530693
2020-07-01,601398.XSHG,0.128740220605447
2020-07-01,601618.XSHG,0.0043733682637605
2020-07-01,601668.XSHG,0.0193038922743839
2020-07-01,601688.XSHG,0.0135743049344196
2020-07-01,601818.XSHG,0.0146286436059437
2020-07-01,601838.XSHG,0.0014645761945604
2020-07-01,601939.XSHG,0.0058386907500155
2020-07-01,601988.XSHG,0.0705897658000263
2020-07-01,601998.XSHG,0.0162117535425356
2020-08-03,000333.XSHE,0.0731604381457776
2020-08-03,000598.XSHE,0.002295980527957
2020-08-03,000667.XSHE,0.0012893383595772
2020-08-03,000778.XSHE,0.0021957793025562
2020-08-03,002032.XSHE,0.0076462004391718
2020-08-03,002352.XSHE,0.0458673927401874
2020-08-03,002424.XSHE,0.0010925660056233
2020-08-03,002545.XSHE,0.001389001950483
2020-08-03,002647.XSHE,0.0034176556703897
2020-08-03,600006.XSHG,0.0013163571448523
2020-08-03,600008.XSHG,0.002861066599062
2020-08-03,600016.XSHG,0.0290970129032541
2020-08-03,600018.XSHG,0.0155943985221604
2020-08-03,600025.XSHG,0.0050461695220625
2020-08-03,600039.XSHG,0.0022090487758224
2020-08-03,600062.XSHG,0.002275446305396
2020-08-03,600085.XSHG,0.0055921158591557
2020-08-03,600170.XSHG,0.0041392721794672
2020-08-03,600177.XSHG,0.0045768970425369
2020-08-03,600252.XSHG,0.0020462089318017
2020-08-03,600256.XSHG,0.0029403163624348
2020-08-03,600323.XSHG,0.0030362085797904
2020-08-03,600332.XSHG,0.007821712809154
2020-08-03,600795.XSHG,0.0059737555717647
2020-08-03,600820.XSHG,0.0028303133941597
2020-08-03,600875.XSHG,0.0031384476249258
2020-08-03,600886.XSHG,0.008642413188107
2020-08-03,600900.XSHG,0.0595105585463203
2020-08-03,600977.XSHG,0.0040832070470282
2020-08-03,601000.XSHG,0.0021687873771649
2020-08-03,601006.XSHG,0.01430453441072
2020-08-03,601018.XSHG,0.0082229740985679
2020-08-03,601139.XSHG,0.0034128270539734
2020-08-03,601169.XSHG,0.0131145493492208
2020-08-03,601225.XSHG,0.0119534673467538
2020-08-03,601229.XSHG,0.0166935207404666
2020-08-03,601288.XSHG,0.140599214153016
2020-08-03,601328.XSHG,0.0276297198117317
2020-08-03,601390.XSHG,0.01545678407733
2020-08-03,601398.XSHG,0.1981425664040381
2020-08-03,601607.XSHG,0.0063991167705829
2020-08-03,601611.XSHG,0.0027891543107647
2020-08-03,601618.XSHG,0.0074558516276948
2020-08-03,601668.XSHG,0.0309267637067988
2020-08-03,601985.XSHG,0.010152964669329
2020-08-03,601988.XSHG,0.1038854920554783
2020-08-03,603288.XSHG,0.0714628206589035
2020-08-03,603367.XSHG,0.0007807284003031
2020-08-03,603368.XSHG,0.0014553647279328
2020-08-03,603377.XSHG,0.0019075181982471
2020-09-01,000333.XSHE,0.0605799041040442
2020-09-01,000598.XSHE,0.0019516295126418
2020-09-01,000709.XSHE,0.0029249765975589
2020-09-01,000778.XSHE,0.0018670276172214
2020-09-01,002647.XSHE,0.00345052714223
2020-09-01,600008.XSHG,0.0023881617218002
2020-09-01,600009.XSHG,0.0102413219332614
2020-09-01,600016.XSHG,0.0243590100459933
2020-09-01,600018.XSHG,0.0126542754363345
2020-09-01,600023.XSHG,0.0065362800475153
2020-09-01,600025.XSHG,0.0044781673961802
2020-09-01,600029.XSHG,0.0058724589683782
2020-09-01,600170.XSHG,0.0034762559186245
2020-09-01,600177.XSHG,0.0043405957834556
2020-09-01,600323.XSHG,0.0028778763136746
2020-09-01,600388.XSHG,0.0014317017404978
2020-09-01,600398.XSHG,0.0038156503662559
2020-09-01,600519.XSHG,0.2796585512443214
2020-09-01,600528.XSHG,0.0026512680463984
2020-09-01,600575.XSHG,0.0010802756784442
2020-09-01,600582.XSHG,0.0016821638438754
2020-09-01,600637.XSHG,0.0044757171728333
2020-09-01,600674.XSHG,0.0055582115231088
2020-09-01,600704.XSHG,0.0026230699678252
2020-09-01,600795.XSHG,0.0049524673778829
2020-09-01,600820.XSHG,0.0023305969290652
2020-09-01,600846.XSHG,0.0007471533285195
2020-09-01,600875.XSHG,0.0025410530397699
2020-09-01,600886.XSHG,0.0077046154882326
2020-09-01,600900.XSHG,0.0530817256012746
2020-09-01,600919.XSHG,0.0091788836530176
2020-09-01,600959.XSHG,0.0021701285586016
2020-09-01,600977.XSHG,0.0034690636054824
2020-09-01,601006.XSHG,0.0121221957986451
2020-09-01,601021.XSHG,0.0050237074097857
2020-09-01,601088.XSHG,0.0329033885823415
2020-09-01,601098.XSHG,0.0025405744579661
2020-09-01,601169.XSHG,0.0109565016277991
2020-09-01,601225.XSHG,0.0100811544222501
2020-09-01,601229.XSHG,0.0140760195474377
2020-09-01,601288.XSHG,0.1166149266315092
2020-09-01,601328.XSHG,0.0228881835873281
2020-09-01,601390.XSHG,0.013008957661849
2020-09-01,601618.XSHG,0.0062638361561746
2020-09-01,601668.XSHG,0.0262985433124
2020-09-01,601766.XSHG,0.0175523696939702
2020-09-01,601985.XSHG,0.0089804627135541
2020-09-01,601988.XSHG,0.0846258459762218
2020-09-01,601992.XSHG,0.0033771915632424
2020-09-01,603288.XSHG,0.0755353751532022
2020-10-09,000002.XSHE,0.0229535457651783
2020-10-09,000598.XSHE,0.0012863436379574
2020-10-09,000651.XSHE,0.0275538581277247
2020-10-09,000709.XSHE,0.0019152510262703
2020-10-09,000778.XSHE,0.0011986064874249
2020-10-09,002647.XSHE,0.0026503495830819
2020-10-09,002841.XSHE,0.0033036781538992
2020-10-09,003816.XSHE,0.0023763529142384
2020-10-09,600015.XSHG,0.0066584669422073
2020-10-09,600016.XSHG,0.0158436452690248
2020-10-09,600018.XSHG,0.008243693995444
2020-10-09,600019.XSHG,0.0094318503235934
2020-10-09,600023.XSHG,0.0042993887471831
2020-10-09,600025.XSHG,0.0031985829493662
2020-10-09,600028.XSHG,0.0316572413711235
2020-10-09,600036.XSHG,0.062915850914122
2020-10-09,600104.XSHG,0.0195007458934383
2020-10-09,600170.XSHG,0.0023335521737172
2020-10-09,600256.XSHG,0.0016340282743395
2020-10-09,600266.XSHG,0.0010975716826437
2020-10-09,600519.XSHG,0.1795967124586992
2020-10-09,600637.XSHG,0.0028380403366017
2020-10-09,600704.XSHG,0.001717190566974
2020-10-09,600795.XSHG,0.0033792165316839
2020-10-09,600886.XSHG,0.0051140783160489
2020-10-09,600900.XSHG,0.0362665693271439
2020-10-09,600919.XSHG,0.005887246788317
2020-10-09,601006.XSHG,0.0080708193017025
2020-10-09,601018.XSHG,0.0043196024797545
2020-10-09,601088.XSHG,0.0230487312288287
2020-10-09,601098.XSHG,0.001650240861532
2020-10-09,601117.XSHG,0.0022621662636879
2020-10-09,601155.XSHG,0.0065493979493511
2020-10-09,601166.XSHG,0.0267373515278793
2020-10-09,601169.XSHG,0.007229826810091
2020-10-09,601229.XSHG,0.009340881209159
2020-10-09,601288.XSHG,0.0785783256942685
2020-10-09,601318.XSHG,0.0711356421893373
2020-10-09,601390.XSHG,0.0093726070973088
2020-10-09,601398.XSHG,0.1115926417224025
2020-10-09,601618.XSHG,0.0040482630726416
2020-10-09,601668.XSHG,0.0177356277760732
2020-10-09,601766.XSHG,0.0114022904540287
2020-10-09,601857.XSHG,0.0563729323367129
2020-10-09,601939.XSHG,0.0049655469426168
2020-10-09,601985.XSHG,0.0058520955140498
2020-10-09,601988.XSHG,0.0570320644254028
2020-10-09,601992.XSHG,0.002184925526449
2020-10-09,601997.XSHG,0.0020304563728885
2020-10-09,601998.XSHG,0.0136359046863843
2020-11-02,000002.XSHE,0.021283659286514
2020-11-02,000623.XSHE,0.0015068313330817
2020-11-02,000651.XSHE,0.0281672435651412
2020-11-02,000778.XSHE,0.0010963162207648
2020-11-02,000883.XSHE,0.0020395038722303
2020-11-02,002647.XSHE,0.0025822010287585
2020-11-02,002841.XSHE,0.0032597536572407
2020-11-02,600008.XSHG,0.0016917284188549
2020-11-02,600015.XSHG,0.0060811639318146
2020-11-02,600016.XSHG,0.014260488616451
2020-11-02,600018.XSHG,0.007538679998839
2020-11-02,600019.XSHG,0.0096390960034537
2020-11-02,600023.XSHG,0.0038807407583471
2020-11-02,600025.XSHG,0.0028903906255329
2020-11-02,600028.XSHG,0.0292883614193774
2020-11-02,600036.XSHG,0.0650871413219902
2020-11-02,600050.XSHG,0.0112746573749903
2020-11-02,600062.XSHG,0.0010516628978039
2020-11-02,600104.XSHG,0.0220719587641831
2020-11-02,600276.XSHG,0.0370415954304749
2020-11-02,600519.XSHG,0.1648421928684953
2020-11-02,600567.XSHG,0.001109543418776
2020-11-02,600704.XSHG,0.001475287256185
2020-11-02,600782.XSHG,0.0010223329720463
2020-11-02,600795.XSHG,0.0030807300870879
2020-11-02,600886.XSHG,0.0049355496222625
2020-11-02,600900.XSHG,0.0352796337499661
2020-11-02,600919.XSHG,0.0053491301251605
2020-11-02,601006.XSHG,0.0073885431678619
2020-11-02,601088.XSHG,0.0215882167164782
2020-11-02,601098.XSHG,0.0014669873133907
2020-11-02,601117.XSHG,0.0021345311644558
2020-11-02,601155.XSHG,0.0058121946472923
2020-11-02,601166.XSHG,0.0273694562235295
2020-11-02,601169.XSHG,0.0066944313091983
2020-11-02,601186.XSHG,0.0074211725671299
2020-11-02,601229.XSHG,0.0083557243332982
2020-11-02,601288.XSHG,0.0730702463319385
2020-11-02,601318.XSHG,0.0655803355214087
2020-11-02,601328.XSHG,0.0138764402432083
2020-11-02,601390.XSHG,0.0085719544616069
2020-11-02,601398.XSHG,0.1044044034154538
2020-11-02,601618.XSHG,0.0035965605053155
2020-11-02,601668.XSHG,0.0164924192390086
2020-11-02,601766.XSHG,0.0101644133457459
2020-11-02,601857.XSHG,0.0515328792978275
2020-11-02,601939.XSHG,0.0046926818468034
2020-11-02,601985.XSHG,0.0056249060493632
2020-11-02,601988.XSHG,0.0527038745223961
2020-11-02,601998.XSHG,0.0126300531514624
2020-12-01,000002.XSHE,0.0306734428718543
2020-12-01,000598.XSHE,0.001582255172822
2020-12-01,000651.XSHE,0.0411947809732023
2020-12-01,000709.XSHE,0.0024747338981567
2020-12-01,000778.XSHE,0.0015478111968079
2020-12-01,000883.XSHE,0.0027250697653913
2020-12-01,600000.XSHG,0.0310443187521597
2020-12-01,600008.XSHG,0.0022989846577239
2020-12-01,600015.XSHG,0.0087955037479959
2020-12-01,600016.XSHG,0.0197000453306281
2020-12-01,600023.XSHG,0.005223213399115
2020-12-01,600025.XSHG,0.0042263001084626
2020-12-01,600028.XSHG,0.0415060690561023
2020-12-01,600036.XSHG,0.0978642804910481
2020-12-01,600048.XSHG,0.0211983451913644
2020-12-01,600170.XSHG,0.0028242707318492
2020-12-01,600177.XSHG,0.0034461223480735
2020-12-01,600528.XSHG,0.002167131346541
2020-12-01,600567.XSHG,0.0015714144342757
2020-12-01,600637.XSHG,0.0033694247080835
2020-12-01,600674.XSHG,0.0047327784823252
2020-12-01,600717.XSHG,0.0012060119849861
2020-12-01,600795.XSHG,0.0043584325040085
2020-12-01,600820.XSHG,0.0018854450692752
2020-12-01,600886.XSHG,0.0067809280645469
2020-12-01,600900.XSHG,0.047405336187965
2020-12-01,600919.XSHG,0.0075469717424245
2020-12-01,601003.XSHG,0.0013342178547024
2020-12-01,601006.XSHG,0.0104113453152771
2020-12-01,601009.XSHG,0.0076560192214509
2020-12-01,601088.XSHG,0.033427228148663
2020-12-01,601117.XSHG,0.0032925296765009
2020-12-01,601169.XSHG,0.0093876844179785
2020-12-01,601186.XSHG,0.010241055316905
2020-12-01,601229.XSHG,0.0115810468071504
2020-12-01,601288.XSHG,0.1014550118217285
2020-12-01,601328.XSHG,0.0192655913353198
2020-12-01,601390.XSHG,0.0118979120725379
2020-12-01,601398.XSHG,0.1514370401472688
2020-12-01,601618.XSHG,0.0051695920768379
2020-12-01,601668.XSHG,0.0233409596613173
2020-12-01,601766.XSHG,0.0142640921601028
2020-12-01,601857.XSHG,0.071495671535291
2020-12-01,601898.XSHG,0.0041913711049211
2020-12-01,601939.XSHG,0.0071913810387587
2020-12-01,601985.XSHG,0.0078637983706855
2020-12-01,601988.XSHG,0.0727183568650931
2020-12-01,601992.XSHG,0.0026615054409274
2020-12-01,601997.XSHG,0.0027085969183764
2020-12-01,601998.XSHG,0.0176585704750141
2021-01-04,000002.XSHE,0.0268248079557143
2021-01-04,000709.XSHE,0.0023631587256386
2021-01-04,000778.XSHE,0.001432192223793
2021-01-04,000825.XSHE,0.0020476138012085
2021-01-04,000900.XSHE,0.0006408096920518
2021-01-04,003816.XSHE,0.0027236566570154
2021-01-04,600000.XSHG,0.0282625283299324
2021-01-04,600008.XSHG,0.002086144999704
2021-01-04,600010.XSHG,0.003714295079372
2021-01-04,600015.XSHG,0.0079125793812093
2021-01-04,600016.XSHG,0.0183237993835929
2021-01-04,600021.XSHG,0.0016583481669807
2021-01-04,600023.XSHG,0.0048923437283497
2021-01-04,600025.XSHG,0.0079951658753961
2021-01-04,600028.XSHG,0.0382664793403731
2021-01-04,600048.XSHG,0.0181828757124519
2021-01-04,600170.XSHG,0.0026534525453089
2021-01-04,600177.XSHG,0.0033026256856568
2021-01-04,600519.XSHG,0.2492777658123989
2021-01-04,600528.XSHG,0.0019580666605605
2021-01-04,600567.XSHG,0.0014065028456226
2021-01-04,600575.XSHG,0.0008843311116724
2021-01-04,600582.XSHG,0.0012707444381795
2021-01-04,600637.XSHG,0.0030604206970263
2021-01-04,600642.XSHG,0.0023566282669971
2021-01-04,600674.XSHG,0.0044137029648074
2021-01-04,600704.XSHG,0.0022334085740584
2021-01-04,600795.XSHG,0.0043153007774985
2021-01-04,600863.XSHG,0.0014775910948875
2021-01-04,600886.XSHG,0.006042786743914
2021-01-04,600900.XSHG,0.0427105556382618
2021-01-04,600919.XSHG,0.0079075855703956
2021-01-04,600998.XSHG,0.0033515292078029
2021-01-04,601006.XSHG,0.0095137244367255
2021-01-04,601169.XSHG,0.0101685516429147
2021-01-04,601186.XSHG,0.0089958575789098
2021-01-04,601229.XSHG,0.0105942398982002
2021-01-04,601288.XSHG,0.0914578084088432
2021-01-04,601328.XSHG,0.0174342871421011
2021-01-04,601390.XSHG,0.0106637837181129
2021-01-04,601398.XSHG,0.1342223185436128
2021-01-04,601658.XSHG,0.0052431116760095
2021-01-04,601668.XSHG,0.0201275458942652
2021-01-04,601766.XSHG,0.012763922973832
2021-01-04,601857.XSHG,0.0674167079256005
2021-01-04,601916.XSHG,0.0028213731112887
2021-01-04,601985.XSHG,0.0076562277017606
2021-01-04,601988.XSHG,0.0663905499483941
2021-01-04,601992.XSHG,0.0024430435543055
2021-01-04,601998.XSHG,0.0161371481572881
2021-02-01,000002.XSHE,0.0269580928117328
2021-02-01,000069.XSHE,0.0046514952076868
2021-02-01,000778.XSHE,0.0013822044086886
2021-02-01,002110.XSHE,0.0013829073031459
2021-02-01,003816.XSHE,0.0026317889450112
2021-02-01,600000.XSHG,0.0302851761335351
2021-02-01,600008.XSHG,0.0020530865842068
2021-02-01,600010.XSHG,0.0035376528280008
2021-02-01,600015.XSHG,0.0080598315826563
2021-02-01,600016.XSHG,0.0180143117871475
2021-02-01,600023.XSHG,0.0046642330075674
2021-02-01,600025.XSHG,0.00798745947654
2021-02-01,600028.XSHG,0.0373037874831127
2021-02-01,600068.XSHG,0.0029762966250028
2021-02-01,600170.XSHG,0.0025511173694061
2021-02-01,600177.XSHG,0.003367092874957
2021-02-01,600208.XSHG,0.0025577756106681
2021-02-01,600210.XSHG,0.0006805432251816
2021-02-01,600377.XSHG,0.003366904881075
2021-02-01,600519.XSHG,0.2618727571486833
2021-02-01,600528.XSHG,0.001890381140256
2021-02-01,600637.XSHG,0.0029189931230891
2021-02-01,600674.XSHG,0.0048683791554021
2021-02-01,600688.XSHG,0.0025350792247994
2021-02-01,600704.XSHG,0.0021362666243265
2021-02-01,600717.XSHG,0.0010987735175363
2021-02-01,600795.XSHG,0.0040200505559314
2021-02-01,600820.XSHG,0.0016158051069498
2021-02-01,600886.XSHG,0.0059687651751697
2021-02-01,600900.XSHG,0.043670542729312
2021-02-01,600919.XSHG,0.0080675494727878
2021-02-01,600998.XSHG,0.0034944978287217
2021-02-01,601006.XSHG,0.0093740604726947
2021-02-01,601009.XSHG,0.0069075803833426
2021-02-01,601169.XSHG,0.0099463345108926
2021-02-01,601186.XSHG,0.0087311496153174
2021-02-01,601229.XSHG,0.0112817787623814
2021-02-01,601288.XSHG,0.0921251242051692
2021-02-01,601328.XSHG,0.0174174825413172
2021-02-01,601398.XSHG,0.1369596069940502
2021-02-01,601668.XSHG,0.0193501676013312
2021-02-01,601816.XSHG,0.0143417860292386
2021-02-01,601828.XSHG,0.0029234703876515
2021-02-01,601857.XSHG,0.0652914108206939
2021-02-01,601916.XSHG,0.0027645265607525
2021-02-01,601939.XSHG,0.0064094495325317
2021-02-01,601988.XSHG,0.0662394160882276
2021-02-01,601997.XSHG,0.0024325205040559
2021-02-01,601998.XSHG,0.0178031453858703
2021-02-01,688009.XSHG,0.0011313906561912
2021-03-01,000402.XSHE,0.0023605216515937
2021-03-01,000598.XSHE,0.0019339358473082
2021-03-01,000778.XSHE,0.0018970168482078
2021-03-01,000999.XSHE,0.0033480939596223
2021-03-01,002110.XSHE,0.0019579612905577
2021-03-01,003816.XSHE,0.0034744154375658
2021-03-01,600000.XSHG,0.0402231347440852
2021-03-01,600008.XSHG,0.0027953024226875
2021-03-01,600015.XSHG,0.0103802905453917
2021-03-01,600016.XSHG,0.023746835305236
2021-03-01,600018.XSHG,0.0144974793495121
2021-03-01,600023.XSHG,0.0061656582440367
2021-03-01,600025.XSHG,0.0103282488670506
2021-03-01,600028.XSHG,0.0565630310168369
2021-03-01,600068.XSHG,0.0040616847895278
2021-03-01,600170.XSHG,0.0034125953438952
2021-03-01,600177.XSHG,0.0048804776391901
2021-03-01,600377.XSHG,0.0045553862995663
2021-03-01,600642.XSHG,0.0030777041824999
2021-03-01,600674.XSHG,0.0060439493200715
2021-03-01,600688.XSHG,0.0035122535238818
2021-03-01,600795.XSHG,0.0053703707104305
2021-03-01,600808.XSHG,0.0021952273788187
2021-03-01,600820.XSHG,0.0021583513506218
2021-03-01,600886.XSHG,0.0075337726835485
2021-03-01,600900.XSHG,0.0579403066778558
2021-03-01,600919.XSHG,0.010952742975209
2021-03-01,601000.XSHG,0.0018574718652805
2021-03-01,601006.XSHG,0.0126127275092533
2021-03-01,601009.XSHG,0.0096351608714153
2021-03-01,601169.XSHG,0.0130353801845147
2021-03-01,601186.XSHG,0.0117705821443687
2021-03-01,601200.XSHG,0.001736426749553
2021-03-01,601229.XSHG,0.0147855750441706
2021-03-01,601288.XSHG,0.1237835193427623
2021-03-01,601328.XSHG,0.0232335666103849
2021-03-01,601390.XSHG,0.0153242722076568
2021-03-01,601398.XSHG,0.1864795790477837
2021-03-01,601607.XSHG,0.0050062338041751
2021-03-01,601668.XSHG,0.0266381248501058
2021-03-01,601669.XSHG,0.0056728299424951
2021-03-01,601800.XSHG,0.0107269251990446
2021-03-01,601816.XSHG,0.0202118220977728
2021-03-01,601857.XSHG,0.0916511603744079
2021-03-01,601916.XSHG,0.0037139138057182
2021-03-01,601939.XSHG,0.0090337712269442
2021-03-01,601988.XSHG,0.0884494275813272
2021-03-01,601992.XSHG,0.0030872957800908
2021-03-01,601997.XSHG,0.0032521523042723
2021-03-01,601998.XSHG,0.0229353330516907
2021-04-01,000089.XSHE,0.0025365804650127
2021-04-01,000598.XSHE,0.0021771227401505
2021-04-01,000685.XSHE,0.0015152369690715
2021-04-01,002203.XSHE,0.0023055186138434
2021-04-01,002807.XSHE,0.0012918732862501
2021-04-01,002966.XSHE,0.0017406364787837
2021-04-01,003816.XSHE,0.0038407413024487
2021-04-01,600000.XSHG,0.0444731351161859
2021-04-01,600008.XSHG,0.0032273652695232
2021-04-01,600015.XSHG,0.0114714953448908
2021-04-01,600016.XSHG,0.0247190906982751
2021-04-01,600023.XSHG,0.0075124480007123
2021-04-01,600027.XSHG,0.0041706961985646
2021-04-01,600068.XSHG,0.0049332076665831
2021-04-01,600153.XSHG,0.0033411596077391
2021-04-01,600170.XSHG,0.0037400688206595
2021-04-01,600208.XSHG,0.0036726076189753
2021-04-01,600377.XSHG,0.0051737078512732
2021-04-01,600575.XSHG,0.0012165907793727
2021-04-01,600637.XSHG,0.0045606674543571
2021-04-01,600642.XSHG,0.0038253649855946
2021-04-01,600717.XSHG,0.0016743568095169
2021-04-01,600795.XSHG,0.0063702620691452
2021-04-01,600820.XSHG,0.0024015862384267
2021-04-01,600900.XSHG,0.068440396532817
2021-04-01,600901.XSHG,0.0023660349853847
2021-04-01,600919.XSHG,0.0131314460534372
2021-04-01,600998.XSHG,0.0047031589315547
2021-04-01,601000.XSHG,0.0022426182407393
2021-04-01,601006.XSHG,0.0143758021051264
2021-04-01,601169.XSHG,0.01406125920373
2021-04-01,601186.XSHG,0.0130279122327194
2021-04-01,601229.XSHG,0.0166451238208093
2021-04-01,601288.XSHG,0.1382852099654695
2021-04-01,601328.XSHG,0.02686855772636
2021-04-01,601333.XSHG,0.0017772921943216
2021-04-01,601398.XSHG,0.2063157013722498
2021-04-01,601607.XSHG,0.0053053904740564
2021-04-01,601668.XSHG,0.0295191062523963
2021-04-01,601669.XSHG,0.0063882808117342
2021-04-01,601800.XSHG,0.0118332562531522
2021-04-01,601816.XSHG,0.0221295157903461
2021-04-01,601857.XSHG,0.0964228286782451
2021-04-01,601916.XSHG,0.0039406643528864
2021-04-01,601939.XSHG,0.0097439961885538
2021-04-01,601988.XSHG,0.0976503530795158
2021-04-01,601989.XSHG,0.0103790881609618
2021-04-01,601992.XSHG,0.0033743083225338
2021-04-01,601997.XSHG,0.0035020322062818
2021-04-01,601998.XSHG,0.0256791456792589
2021-05-06,000166.XSHE,0.0146615904060278
2021-05-06,000598.XSHE,0.0022344717135299
2021-05-06,000950.XSHE,0.0013328460280025
2021-05-06,000999.XSHE,0.0034679678129011
2021-05-06,002252.XSHE,0.0056129818487153
2021-05-06,003816.XSHE,0.0038245186049151
2021-05-06,600015.XSHG,0.0115283964804232
2021-05-06,600016.XSHG,0.0239374637547703
2021-05-06,600018.XSHG,0.0156425771152074
2021-05-06,600023.XSHG,0.0070515353073837
2021-05-06,600050.XSHG,0.0189053246058375
2021-05-06,600068.XSHG,0.0047682547268738
2021-05-06,600153.XSHG,0.0032778962482185
2021-05-06,600170.XSHG,0.0036817190877225
2021-05-06,600208.XSHG,0.0039021930275659
2021-05-06,600325.XSHG,0.0019098777369295
2021-05-06,600332.XSHG,0.0061018515323688
2021-05-06,600377.XSHG,0.0056736704260896
2021-05-06,600502.XSHG,0.0010011332315886
2021-05-06,600528.XSHG,0.0026896732192089
2021-05-06,600637.XSHG,0.0043448661894839
2021-05-06,600688.XSHG,0.0039365956993741
2021-05-06,600755.XSHG,0.0018280818610629
2021-05-06,600795.XSHG,0.0065192685111195
2021-05-06,600820.XSHG,0.0023435742109384
2021-05-06,600900.XSHG,0.0649645286005848
2021-05-06,600919.XSHG,0.0148809826717358
2021-05-06,600998.XSHG,0.004491536868653
2021-05-06,601000.XSHG,0.0023234568103983
2021-05-06,601006.XSHG,0.0147326842959561
2021-05-06,601077.XSHG,0.0035266320103507
2021-05-06,601169.XSHG,0.0145754866995695
2021-05-06,601186.XSHG,0.0127872421835962
2021-05-06,601211.XSHG,0.0177854082043377
2021-05-06,601229.XSHG,0.0161978783245412
2021-05-06,601288.XSHG,0.1355656236188193
2021-05-06,601319.XSHG,0.0048591691385809
2021-05-06,601328.XSHG,0.0272841308806285
2021-05-06,601390.XSHG,0.0158514169854736
2021-05-06,601398.XSHG,0.1982554170999577
2021-05-06,601607.XSHG,0.0059570369619477
2021-05-06,601668.XSHG,0.0290117950384879
2021-05-06,601800.XSHG,0.0114894258258208
2021-05-06,601857.XSHG,0.1018581349860675
2021-05-06,601916.XSHG,0.0039872069424748
2021-05-06,601928.XSHG,0.0027229679889598
2021-05-06,601988.XSHG,0.0986808076128075
2021-05-06,601989.XSHG,0.0110026822612088
2021-05-06,601998.XSHG,0.0254313929246995
2021-05-06,688009.XSHG,0.0015986256780809
2021-06-01,000598.XSHE,0.00205529626545
2021-06-01,000685.XSHE,0.001383363700476
2021-06-01,000999.XSHE,0.0033618235524611
2021-06-01,002807.XSHE,0.0011575348109872
2021-06-01,002966.XSHE,0.0016486247623649
2021-06-01,003816.XSHE,0.0035166149377105
2021-06-01,600000.XSHG,0.0392109669955134
2021-06-01,600015.XSHG,0.0107248997551575
2021-06-01,600016.XSHG,0.0218037458120638
2021-06-01,600018.XSHG,0.0143090020433332
2021-06-01,600028.XSHG,0.055997297425878
2021-06-01,600050.XSHG,0.0174987928894637
2021-06-01,600062.XSHG,0.0016589664805213
2021-06-01,600064.XSHG,0.0016494708062392
2021-06-01,600068.XSHG,0.0042438253258214
2021-06-01,600208.XSHG,0.0035732131210741
2021-06-01,600252.XSHG,0.0013393962021753
2021-06-01,600332.XSHG,0.0058904969963297
2021-06-01,600377.XSHG,0.004959634014323
2021-06-01,600479.XSHG,0.0005393241888069
2021-06-01,600575.XSHG,0.0011463256840401
2021-06-01,600637.XSHG,0.0039839206754157
2021-06-01,600648.XSHG,0.0017806311229845
2021-06-01,600663.XSHG,0.0044994536132504
2021-06-01,600755.XSHG,0.0018142068016984
2021-06-01,600757.XSHG,0.000937017219801
2021-06-01,600795.XSHG,0.0062599541802259
2021-06-01,600900.XSHG,0.0594191998064117
2021-06-01,600901.XSHG,0.0021634707048022
2021-06-01,600998.XSHG,0.0042104396004467
2021-06-01,601006.XSHG,0.0133116376485955
2021-06-01,601077.XSHG,0.003265334762775
2021-06-01,601169.XSHG,0.0135817552495201
2021-06-01,601186.XSHG,0.011536534174992
2021-06-01,601229.XSHG,0.015162776573507
2021-06-01,601288.XSHG,0.1252869672568886
2021-06-01,601328.XSHG,0.0250594604237319
2021-06-01,601390.XSHG,0.01441585999376
2021-06-01,601398.XSHG,0.1830892532630611
2021-06-01,601668.XSHG,0.0261624068991383
2021-06-01,601669.XSHG,0.0056979009046686
2021-06-01,601816.XSHG,0.0206006191818101
2021-06-01,601818.XSHG,0.0206551047804206
2021-06-01,601857.XSHG,0.0999816980852419
2021-06-01,601916.XSHG,0.0036946868584322
2021-06-01,601939.XSHG,0.0086278356470106
2021-06-01,601988.XSHG,0.0922867928734568
2021-06-01,601989.XSHG,0.00997139386391
2021-06-01,601998.XSHG,0.0233924701067669
2021-06-01,688009.XSHG,0.0014826019570834
2021-07-01,000166.XSHE,0.0133893778308001
2021-07-01,000623.XSHE,0.0023313363547348
2021-07-01,000999.XSHE,0.0035292894152453
2021-07-01,002252.XSHE,0.0048110399472355
2021-07-01,003816.XSHE,0.0033421190634535
2021-07-01,600000.XSHG,0.0377792219051103
2021-07-01,600008.XSHG,0.0028259490605345
2021-07-01,600015.XSHG,0.0101854857437967
2021-07-01,600016.XSHG,0.0200685220772565
2021-07-01,600023.XSHG,0.0063703878240813
2021-07-01,600027.XSHG,0.0036063001372138
2021-07-01,600028.XSHG,0.0530965097386349
2021-07-01,600050.XSHG,0.0170498531092711
2021-07-01,600068.XSHG,0.004490909474161
2021-07-01,600153.XSHG,0.0029615580713084
2021-07-01,600208.XSHG,0.0033431881576646
2021-07-01,600377.XSHG,0.0047620604072761
2021-07-01,600491.XSHG,0.0010561292303967
2021-07-01,600642.XSHG,0.0035924695142023
2021-07-01,600674.XSHG,0.0069714901208762
2021-07-01,600795.XSHG,0.0060267241699386
2021-07-01,600820.XSHG,0.0021424090726422
2021-07-01,600867.XSHG,0.0031994152391942
2021-07-01,600886.XSHG,0.008617170271143
2021-07-01,600900.XSHG,0.0609644238197693
2021-07-01,601006.XSHG,0.0125914479345138
2021-07-01,601018.XSHG,0.00664330652328
2021-07-01,601077.XSHG,0.0030002915624783
2021-07-01,601169.XSHG,0.0132674424512291
2021-07-01,601186.XSHG,0.0109678441081763
2021-07-01,601200.XSHG,0.0017203549898064
2021-07-01,601229.XSHG,0.014472869881754
2021-07-01,601288.XSHG,0.1147135322482494
2021-07-01,601319.XSHG,0.0042482403922958
2021-07-01,601328.XSHG,0.0246806940178405
2021-07-01,601390.XSHG,0.0137452003201634
2021-07-01,601398.XSHG,0.1819857451385368
2021-07-01,601668.XSHG,0.0243574386725981
2021-07-01,601669.XSHG,0.0055917220504066
2021-07-01,601800.XSHG,0.0098286831512059
2021-07-01,601818.XSHG,0.020059161323728
2021-07-01,601857.XSHG,0.1088803283258676
2021-07-01,601880.XSHG,0.0038099778647665
2021-07-01,601916.XSHG,0.0035715819785634
2021-07-01,601939.XSHG,0.0083099814454512
2021-07-01,601985.XSHG,0.0101669840142359
2021-07-01,601988.XSHG,0.0833033251013266
2021-07-01,601989.XSHG,0.0096197753580473
2021-07-01,601998.XSHG,0.022504561680542
2021-07-01,688009.XSHG,0.0014461697089936
2021-08-02,000166.XSHE,0.0155682174589152
2021-08-02,000623.XSHE,0.0027959017469093
2021-08-02,000728.XSHE,0.0049476913639583
2021-08-02,000776.XSHE,0.0155913469412891
2021-08-02,000783.XSHE,0.0061490373432023
2021-08-02,002252.XSHE,0.005826956871291
2021-08-02,002465.XSHE,0.0036368441631301
2021-08-02,002839.XSHE,0.0012832063156333
2021-08-02,003816.XSHE,0.0039539316018628
2021-08-02,300070.XSHE,0.0027064429492616
2021-08-02,300401.XSHE,0.001146351845154
2021-08-02,600000.XSHG,0.0422676620477673
2021-08-02,600008.XSHG,0.0038206951498978
2021-08-02,600011.XSHG,0.0068690216584899
2021-08-02,600015.XSHG,0.0112245632662311
2021-08-02,600023.XSHG,0.0070146520525834
2021-08-02,600027.XSHG,0.0041626812455196
2021-08-02,600028.XSHG,0.0602869678928369
2021-08-02,600050.XSHG,0.0202282504779682
2021-08-02,600068.XSHG,0.0060426773787106
2021-08-02,600153.XSHG,0.0032018003154312
2021-08-02,600208.XSHG,0.0039870427706019
2021-08-02,600482.XSHG,0.0053786056835744
2021-08-02,600487.XSHG,0.0047823323139198
2021-08-02,600705.XSHG,0.0056768804919311
2021-08-02,600789.XSHG,0.0010412493374135
2021-08-02,600795.XSHG,0.0072214549798446
2021-08-02,600837.XSHG,0.0151854017211994
2021-08-02,600900.XSHG,0.0677930558402257
2021-08-02,601006.XSHG,0.0138581287601007
2021-08-02,601077.XSHG,0.0035393957442815
2021-08-02,601169.XSHG,0.0144728298287045
2021-08-02,601186.XSHG,0.0135712367197984
2021-08-02,601200.XSHG,0.0019941574943652
2021-08-02,601211.XSHG,0.0194615717270445
2021-08-02,601229.XSHG,0.0156054893913733
2021-08-02,601288.XSHG,0.1363558491720678
2021-08-02,601328.XSHG,0.0267442490224437
2021-08-02,601390.XSHG,0.0170547447248698
2021-08-02,601398.XSHG,0.1956117018697544
2021-08-02,601668.XSHG,0.029040113672711
2021-08-02,601800.XSHG,0.0123768342360705
2021-08-02,601880.XSHG,0.0046828238903476
2021-08-02,601916.XSHG,0.0040249164780024
2021-08-02,601985.XSHG,0.0131716070491596
2021-08-02,601988.XSHG,0.1000606889411983
2021-08-02,601989.XSHG,0.0112756919871765
2021-08-02,601998.XSHG,0.0245988156002884
2021-08-02,603323.XSHG,0.0010606556388792
2021-08-02,688009.XSHG,0.001647574826607
2021-09-01,000166.XSHE,0.016748265657342
2021-09-01,000563.XSHE,0.0020560852824641
2021-09-01,000598.XSHE,0.0025661133960593
2021-09-01,000685.XSHE,0.0017521842219228
2021-09-01,000686.XSHE,0.003152683874017
2021-09-01,000728.XSHE,0.0053353706298339
2021-09-01,000778.XSHE,0.0026708602202515
2021-09-01,000783.XSHE,0.0066185268075474
2021-09-01,002500.XSHE,0.0037183836180461
2021-09-01,002736.XSHE,0.0172890350091539
2021-09-01,002926.XSHE,0.0040480876787214
2021-09-01,003816.XSHE,0.004092881252953
2021-09-01,300070.XSHE,0.002862660599418
2021-09-01,600008.XSHG,0.0043075614546461
2021-09-01,600015.XSHG,0.0112570177979977
2021-09-01,600023.XSHG,0.0073493280405756
2021-09-01,600027.XSHG,0.0050070563351789
2021-09-01,600028.XSHG,0.0631764400814678
2021-09-01,600050.XSHG,0.0203335855630662
2021-09-01,600153.XSHG,0.0034679444879137
2021-09-01,600208.XSHG,0.0040337596500525
2021-09-01,600390.XSHG,0.0042761743757421
2021-09-01,600482.XSHG,0.0060333833869435
2021-09-01,600528.XSHG,0.0029409238663149
2021-09-01,600705.XSHG,0.005545281523108
2021-09-01,600795.XSHG,0.0077279860335325
2021-09-01,600820.XSHG,0.0027212527650135
2021-09-01,600837.XSHG,0.0172711001103643
2021-09-01,600863.XSHG,0.002230387228599
2021-09-01,600871.XSHG,0.0045381095314211
2021-09-01,600900.XSHG,0.0697896276758096
2021-09-01,601000.XSHG,0.0023488627740401
2021-09-01,601006.XSHG,0.0142485799989874
2021-09-01,601077.XSHG,0.0036018429470363
2021-09-01,601088.XSHG,0.0498667998601558
2021-09-01,601169.XSHG,0.0143711681615202
2021-09-01,601186.XSHG,0.014729471429797
2021-09-01,601198.XSHG,0.0048509596496153
2021-09-01,601288.XSHG,0.1385532550948739
2021-09-01,601328.XSHG,0.027165519117778
2021-09-01,601398.XSHG,0.1953649622434015
2021-09-01,601668.XSHG,0.032220620205958
2021-09-01,601766.XSHG,0.0258020752639244
2021-09-01,601880.XSHG,0.0046780927919801
2021-09-01,601985.XSHG,0.0146681821266521
2021-09-01,601988.XSHG,0.0998578576504986
2021-09-01,601989.XSHG,0.0127392184577122
2021-09-01,601992.XSHG,0.0036131087959485
2021-09-01,601998.XSHG,0.0247277948101525
2021-09-01,688009.XSHG,0.0016735704644879
2021-10-08,000156.XSHE,0.0015618981538074
2021-10-08,000563.XSHE,0.0020915439887157
2021-10-08,000598.XSHE,0.0027931578032298
2021-10-08,000617.XSHE,0.0109353774434772
2021-10-08,000728.XSHE,0.0053586677171545
2021-10-08,002500.XSHE,0.0037996431438003
2021-10-08,002736.XSHE,0.0170491961816232
2021-10-08,002926.XSHE,0.0040711682594756
2021-10-08,002958.XSHE,0.0017000992219156
2021-10-08,600000.XSHG,0.0426131861423421
2021-10-08,600015.XSHG,0.0116041536521062
2021-10-08,600017.XSHG,0.0013916880778747
2021-10-08,600018.XSHG,0.0226388376747302
2021-10-08,600028.XSHG,0.0701288482561871
2021-10-08,600050.XSHG,0.0205550775662611
2021-10-08,600062.XSHG,0.0020082962348974
2021-10-08,600153.XSHG,0.003934789614963
2021-10-08,600269.XSHG,0.0013778659128155
2021-10-08,600377.XSHG,0.0053801489148993
2021-10-08,600390.XSHG,0.0040634248199
2021-10-08,600528.XSHG,0.0028593695825852
2021-10-08,600535.XSHG,0.0033110410820979
2021-10-08,600598.XSHG,0.004593174345885
2021-10-08,600643.XSHG,0.0018560890560752
2021-10-08,600705.XSHG,0.0055416603708414
2021-10-08,600820.XSHG,0.0028201790515388
2021-10-08,600900.XSHG,0.0798138942885905
2021-10-08,600901.XSHG,0.0025582239561432
2021-10-08,600959.XSHG,0.0022077580524978
2021-10-08,601006.XSHG,0.0150229567856653
2021-10-08,601018.XSHG,0.0084668864854778
2021-10-08,601077.XSHG,0.0036725108646887
2021-10-08,601098.XSHG,0.0026677188423143
2021-10-08,601169.XSHG,0.0150771465206701
2021-10-08,601198.XSHG,0.0051372653892886
2021-10-08,601229.XSHG,0.016323746619894
2021-10-08,601288.XSHG,0.1416426363992186
2021-10-08,601328.XSHG,0.0285547674580559
2021-10-08,601333.XSHG,0.0021599130803317
2021-10-08,601398.XSHG,0.2030385379474932
2021-10-08,601668.XSHG,0.0315182734459556
2021-10-08,601818.XSHG,0.0228110899078207
2021-10-08,601880.XSHG,0.0050821895921928
2021-10-08,601881.XSHG,0.0109458954683631
2021-10-08,601916.XSHG,0.004012906918116
2021-10-08,601939.XSHG,0.0092648664427876
2021-10-08,601988.XSHG,0.1034560610272701
2021-10-08,601992.XSHG,0.0037977346168947
2021-10-08,601998.XSHG,0.0250453510234562
2021-10-08,688009.XSHG,0.0016830865976112
2021-11-01,000617.XSHE,0.0097442017351496
2021-11-01,000728.XSHE,0.0048572523086268
2021-11-01,002252.XSHE,0.0050094227242545
2021-11-01,002262.XSHE,0.0020006007345629
2021-11-01,002500.XSHE,0.0034314005159547
2021-11-01,002736.XSHE,0.0153887393707491
2021-11-01,002839.XSHE,0.0014476954739008
2021-11-01,002926.XSHE,0.0036602341684923
2021-11-01,002958.XSHE,0.0015763729874645
2021-11-01,002966.XSHE,0.0017060031079324
2021-11-01,600000.XSHG,0.0388347653508839
2021-11-01,600015.XSHG,0.0109729193019117
2021-11-01,600016.XSHG,0.0210918586978456
2021-11-01,600029.XSHG,0.0099550455250807
2021-11-01,600030.XSHG,0.0386882007806567
2021-11-01,600050.XSHG,0.0191325447022053
2021-11-01,600062.XSHG,0.0018139777119222
2021-11-01,600104.XSHG,0.0354008462099509
2021-11-01,600177.XSHG,0.0045294923330368
2021-11-01,600271.XSHG,0.003353921364884
2021-11-01,600377.XSHG,0.0048286144043495
2021-11-01,600535.XSHG,0.0031305564052697
2021-11-01,600633.XSHG,0.0014696793922252
2021-11-01,600637.XSHG,0.0039788027948157
2021-11-01,600705.XSHG,0.0052318232831929
2021-11-01,600867.XSHG,0.0037490496180189
2021-11-01,600887.XSHG,0.0384886600244636
2021-11-01,600900.XSHG,0.0737730467224738
2021-11-01,600901.XSHG,0.0023423826429846
2021-11-01,600909.XSHG,0.0036778597275121
2021-11-01,600967.XSHG,0.0026354164075876
2021-11-01,601006.XSHG,0.0142110095384859
2021-11-01,601077.XSHG,0.0034315719026881
2021-11-01,601169.XSHG,0.0143396272289654
2021-11-01,601229.XSHG,0.015303382323035
2021-11-01,601288.XSHG,0.1344126190625056
2021-11-01,601328.XSHG,0.0279309762550264
2021-11-01,601360.XSHG,0.012977245211493
2021-11-01,601398.XSHG,0.1934927748835143
2021-11-01,601658.XSHG,0.0096138241068246
2021-11-01,601668.XSHG,0.0294161005465183
2021-11-01,601818.XSHG,0.0217722071528804
2021-11-01,601880.XSHG,0.0044517913155226
2021-11-01,601916.XSHG,0.0036697898592773
2021-11-01,601939.XSHG,0.008719168864223
2021-11-01,601988.XSHG,0.098175242102755
2021-11-01,601992.XSHG,0.0035280115515207
2021-11-01,601997.XSHG,0.003581503531791
2021-11-01,601998.XSHG,0.0235602652572613
2021-11-01,688009.XSHG,0.0015115027773506
2021-12-01,000686.XSHE,0.0036836985954042
2021-12-01,000728.XSHE,0.0057174122211087
2021-12-01,000750.XSHE,0.0038107171746914
2021-12-01,000901.XSHE,0.0013116098802753
2021-12-01,000977.XSHE,0.0086354461861413
2021-12-01,000987.XSHE,0.005908140973388
2021-12-01,000997.XSHE,0.0032168356050349
2021-12-01,002422.XSHE,0.0036990051188884
2021-12-01,002500.XSHE,0.0040685339821933
2021-12-01,002736.XSHE,0.0175311830958289
2021-12-01,002859.XSHE,0.0024503679813068
2021-12-01,002926.XSHE,0.0043740385286948
2021-12-01,300059.XSHE,0.0526636057200716
2021-12-01,600000.XSHG,0.0446338522493455
2021-12-01,600015.XSHG,0.01291553933826
2021-12-01,600016.XSHG,0.0246315618059779
2021-12-01,600050.XSHG,0.0213624984257879
2021-12-01,600062.XSHG,0.0022961753041712
2021-12-01,600120.XSHG,0.0022947338814982
2021-12-01,600155.XSHG,0.0029696989250247
2021-12-01,600271.XSHG,0.004374453654218
2021-12-01,600486.XSHG,0.0074044496947229
2021-12-01,600498.XSHG,0.0036423373548827
2021-12-01,600511.XSHG,0.0030128537087574
2021-12-01,600535.XSHG,0.0036706609246533
2021-12-01,600633.XSHG,0.0019427430394378
2021-12-01,600637.XSHG,0.0048100632586298
2021-12-01,600705.XSHG,0.0060781088947153
2021-12-01,600789.XSHG,0.0011196309674744
2021-12-01,600901.XSHG,0.0026846930886991
2021-12-01,600918.XSHG,0.004899041265834
2021-12-01,600967.XSHG,0.0031426008140782
2021-12-01,600999.XSHG,0.0227041299407432
2021-12-01,601006.XSHG,0.016215829111407
2021-12-01,601077.XSHG,0.0039968472789655
2021-12-01,601099.XSHG,0.0038748078930325
2021-12-01,601138.XSHG,0.0060822151793777
2021-12-01,601169.XSHG,0.0165636228927389
2021-12-01,601198.XSHG,0.0059527110572487
2021-12-01,601211.XSHG,0.022299081624954
2021-12-01,601229.XSHG,0.0176410861889246
2021-12-01,601288.XSHG,0.1557766496807448
2021-12-01,601328.XSHG,0.0320743239248962
2021-12-01,601360.XSHG,0.0153969807823873
2021-12-01,601398.XSHG,0.2203169192845132
2021-12-01,601658.XSHG,0.0104147681540806
2021-12-01,601766.XSHG,0.0263190708177327
2021-12-01,601818.XSHG,0.0249768873558724
2021-12-01,601939.XSHG,0.0098676386282491
2021-12-01,601988.XSHG,0.1145701385449334
2022-01-04,000028.XSHE,0.0020965522086246
2022-01-04,000078.XSHE,0.0014293745706735
2022-01-04,000623.XSHE,0.0032964120673105
2022-01-04,000652.XSHE,0.0010004633401718
2022-01-04,000728.XSHE,0.0050811644171846
2022-01-04,000750.XSHE,0.0034610199614031
2022-01-04,002152.XSHE,0.0045179612968762
2022-01-04,002352.XSHE,0.0492683101501325
2022-01-04,002422.XSHE,0.0031961817723627
2022-01-04,002500.XSHE,0.0036456612282958
2022-01-04,002673.XSHE,0.0050795614017914
2022-01-04,002737.XSHE,0.0015054240998973
2022-01-04,002926.XSHE,0.0039606047897655
2022-01-04,600015.XSHG,0.0110581733709472
2022-01-04,600016.XSHG,0.0212391661298411
2022-01-04,600030.XSHG,0.0397495993394909
2022-01-04,600037.XSHG,0.0018760679895722
2022-01-04,600050.XSHG,0.0187972230161767
2022-01-04,600056.XSHG,0.0019682345261012
2022-01-04,600062.XSHG,0.0021493222353644
2022-01-04,600115.XSHG,0.0079028488690292
2022-01-04,600332.XSHG,0.00742746817214
2022-01-04,600380.XSHG,0.0039245368898056
2022-01-04,600511.XSHG,0.0026970764259025
2022-01-04,600528.XSHG,0.0028346364953449
2022-01-04,600705.XSHG,0.0054451926596694
2022-01-04,600900.XSHG,0.0795642616004241
2022-01-04,600909.XSHG,0.0038929131725132
2022-01-04,600959.XSHG,0.0025660972690408
2022-01-04,600977.XSHG,0.0037006206199216
2022-01-04,601006.XSHG,0.0147112353288689
2022-01-04,601077.XSHG,0.0034823727607198
2022-01-04,601138.XSHG,0.0364104306163061
2022-01-04,601169.XSHG,0.0144443204755457
2022-01-04,601211.XSHG,0.0203201654249886
2022-01-04,601229.XSHG,0.0151691581929906
2022-01-04,601288.XSHG,0.1347806607828735
2022-01-04,601328.XSHG,0.02777711691743
2022-01-04,601360.XSHG,0.0140425809231769
2022-01-04,601398.XSHG,0.1928645512438339
2022-01-04,601607.XSHG,0.0060382965696604
2022-01-04,601668.XSHG,0.0313160246111897
2022-01-04,601816.XSHG,0.0205121387779171
2022-01-04,601818.XSHG,0.0210935241105784
2022-01-04,601916.XSHG,0.0037693037466759
2022-01-04,601928.XSHG,0.0032043393966363
2022-01-04,601939.XSHG,0.0086849568605064
2022-01-04,601988.XSHG,0.0991137479871814
2022-01-04,601998.XSHG,0.0241506181861164
2022-01-04,603858.XSHG,0.003782327001027
2022-02-07,000089.XSHE,0.0016427253380572
2022-02-07,000617.XSHE,0.0068845337399816
2022-02-07,000750.XSHE,0.0022696738887299
2022-02-07,002673.XSHE,0.0033522973359135
2022-02-07,002807.XSHE,0.0009272745664809
2022-02-07,002926.XSHE,0.0025321057060134
2022-02-07,002966.XSHE,0.0011883940274391
2022-02-07,600000.XSHG,0.0263928389546645
2022-02-07,600015.XSHG,0.0078083841491772
2022-02-07,600016.XSHG,0.0146709126003791
2022-02-07,600028.XSHG,0.0439702392460814
2022-02-07,600030.XSHG,0.0303261416757643
2022-02-07,600036.XSHG,0.1117953609065039
2022-02-07,600050.XSHG,0.0122044721760663
2022-02-07,600115.XSHG,0.0059418294674709
2022-02-07,600177.XSHG,0.0032218696891654
2022-02-07,600705.XSHG,0.0036109738797543
2022-02-07,600848.XSHG,0.002267323423417
2022-02-07,600900.XSHG,0.053738605071177
2022-02-07,600908.XSHG,0.001131708607314
2022-02-07,600919.XSHG,0.0105350684224273
2022-02-07,601006.XSHG,0.0106065386539492
2022-02-07,601009.XSHG,0.0089609286731055
2022-02-07,601077.XSHG,0.0024303046474794
2022-02-07,601138.XSHG,0.0232565294333897
2022-02-07,601169.XSHG,0.0101973849743998
2022-02-07,601211.XSHG,0.014094375466491
2022-02-07,601229.XSHG,0.0103784542856789
2022-02-07,601288.XSHG,0.0947571224735502
2022-02-07,601318.XSHG,0.0594261912467424
2022-02-07,601319.XSHG,0.0158504061018611
2022-02-07,601328.XSHG,0.0201736513455449
2022-02-07,601336.XSHG,0.0084383201571566
2022-02-07,601398.XSHG,0.1348727555373218
2022-02-07,601577.XSHG,0.0017541851474469
2022-02-07,601601.XSHG,0.0194327691300807
2022-02-07,601607.XSHG,0.0039025656806933
2022-02-07,601628.XSHG,0.0619740373671788
2022-02-07,601658.XSHG,0.0068893888353978
2022-02-07,601816.XSHG,0.0149689928956735
2022-02-07,601818.XSHG,0.0148386429729877
2022-02-07,601838.XSHG,0.0055500084723094
2022-02-07,601880.XSHG,0.0031518381168895
2022-02-07,601881.XSHG,0.0071433905870568
2022-02-07,601916.XSHG,0.0025600030150676
2022-02-07,601939.XSHG,0.0062065608483312
2022-02-07,601988.XSHG,0.0696225971233832
2022-02-07,601992.XSHG,0.0025155566673137
2022-02-07,601997.XSHG,0.0024911946379681
2022-02-07,601998.XSHG,0.0171425726335709
2022-03-01,000089.XSHE,0.0017562920722188
2022-03-01,000563.XSHE,0.0014736440865017
2022-03-01,002203.XSHE,0.0026349651557475
2022-03-01,002673.XSHE,0.0035894295314215
2022-03-01,002807.XSHE,0.0009821491735442
2022-03-01,002966.XSHE,0.0013693210619014
2022-03-01,600000.XSHG,0.0282502687390294
2022-03-01,600015.XSHG,0.0082762845353992
2022-03-01,600016.XSHG,0.0158118047963029
2022-03-01,600028.XSHG,0.0470749329501866
2022-03-01,600030.XSHG,0.0302923123475125
2022-03-01,600036.XSHG,0.1181861509769342
2022-03-01,600050.XSHG,0.0135028520798757
2022-03-01,600064.XSHG,0.0013558709204613
2022-03-01,600177.XSHG,0.0034710318364519
2022-03-01,600377.XSHG,0.0038458876056676
2022-03-01,600612.XSHG,0.0016771817481045
2022-03-01,600663.XSHG,0.0037231925809859
2022-03-01,600705.XSHG,0.0040638869101608
2022-03-01,600887.XSHG,0.0268475196197135
2022-03-01,600900.XSHG,0.0603479195322294
2022-03-01,600901.XSHG,0.0017233922635873
2022-03-01,600908.XSHG,0.0012228360763129
2022-03-01,600919.XSHG,0.011450334486916
2022-03-01,601006.XSHG,0.0115453663679226
2022-03-01,601009.XSHG,0.0096147711420625
2022-03-01,601077.XSHG,0.0026326966732542
2022-03-01,601128.XSHG,0.0022914645094749
2022-03-01,601138.XSHG,0.0251517094798814
2022-03-01,601169.XSHG,0.0109461675603821
2022-03-01,601229.XSHG,0.0110566463587122
2022-03-01,601288.XSHG,0.1023871578773938
2022-03-01,601298.XSHG,0.0035356048528614
2022-03-01,601318.XSHG,0.0634824768102751
2022-03-01,601319.XSHG,0.0173491377434525
2022-03-01,601328.XSHG,0.0217533147008232
2022-03-01,601398.XSHG,0.1438882616547013
2022-03-01,601601.XSHG,0.0208336137778158
2022-03-01,601607.XSHG,0.0040808528380871
2022-03-01,601658.XSHG,0.007289853757634
2022-03-01,601816.XSHG,0.0158938468685482
2022-03-01,601818.XSHG,0.0158448513742846
2022-03-01,601838.XSHG,0.0061406678480654
2022-03-01,601880.XSHG,0.0035251263115276
2022-03-01,601916.XSHG,0.0027581450181897
2022-03-01,601939.XSHG,0.0066735051810266
2022-03-01,601988.XSHG,0.0749884022004257
2022-03-01,601992.XSHG,0.0027561299704031
2022-03-01,601997.XSHG,0.0026714905943902
2022-03-01,601998.XSHG,0.017979277441236
2022-04-01,000402.XSHE,0.0028229376585425
2022-04-01,000563.XSHE,0.0019680444044825
2022-04-01,000728.XSHE,0.0047904640952514
2022-04-01,000750.XSHE,0.0031044534158404
2022-04-01,002673.XSHE,0.0045068192214633
2022-04-01,002807.XSHE,0.0014981166418596
2022-04-01,002926.XSHE,0.0033568669905991
2022-04-01,002936.XSHE,0.0026427227094292
2022-04-01,002958.XSHE,0.0026692610895998
2022-04-01,002966.XSHE,0.0018481242327314
2022-04-01,600000.XSHG,0.0356368801418063
2022-04-01,600015.XSHG,0.0108803792514266
2022-04-01,600016.XSHG,0.0205938686833639
2022-04-01,600028.XSHG,0.0628251230647839
2022-04-01,600050.XSHG,0.0165650882892745
2022-04-01,600064.XSHG,0.001948724767996
2022-04-01,600177.XSHG,0.0046809704133045
2022-04-01,600208.XSHG,0.004035957818784
2022-04-01,600377.XSHG,0.0048794171362918
2022-04-01,600390.XSHG,0.0035731034792866
2022-04-01,600648.XSHG,0.0019393892249847
2022-04-01,600663.XSHG,0.0051856613353296
2022-04-01,600705.XSHG,0.0056422930642149
2022-04-01,600900.XSHG,0.0760249112124921
2022-04-01,600908.XSHG,0.0015894169066043
2022-04-01,600909.XSHG,0.0035337640612744
2022-04-01,601006.XSHG,0.0153884650268921
2022-04-01,601009.XSHG,0.0140257925587517
2022-04-01,601077.XSHG,0.0035705538475983
2022-04-01,601128.XSHG,0.0031697465060919
2022-04-01,601138.XSHG,0.0302418295004914
2022-04-01,601169.XSHG,0.0146958314516069
2022-04-01,601229.XSHG,0.0140053033740087
2022-04-01,601288.XSHG,0.1386822558008462
2022-04-01,601298.XSHG,0.0046321000641923
2022-04-01,601319.XSHG,0.0226932119998534
2022-04-01,601328.XSHG,0.0302346595139369
2022-04-01,601398.XSHG,0.1942947088849068
2022-04-01,601658.XSHG,0.0095666703408411
2022-04-01,601766.XSHG,0.0197643466217442
2022-04-01,601818.XSHG,0.0207797985779824
2022-04-01,601860.XSHG,0.0016572716673788
2022-04-01,601881.XSHG,0.009872847930611
2022-04-01,601916.XSHG,0.0035861038875708
2022-04-01,601939.XSHG,0.0090930727165733
2022-04-01,601988.XSHG,0.1043233084811565
2022-04-01,601989.XSHG,0.012758246660167
2022-04-01,601992.XSHG,0.00389949198852
2022-04-01,601997.XSHG,0.0034763092212191
2022-04-01,601998.XSHG,0.0268453140660392
2022-05-05,000581.XSHE,0.002185719536677
2022-05-05,000651.XSHE,0.0265800274558732
2022-05-05,002078.XSHE,0.0043003938038771
2022-05-05,002936.XSHE,0.0020676287516961
2022-05-05,002958.XSHE,0.002130591654817
2022-05-05,002966.XSHE,0.0016038321006277
2022-05-05,003816.XSHE,0.003678238343705
2022-05-05,600000.XSHG,0.0310301188280209
2022-05-05,600015.XSHG,0.0091276236086753
2022-05-05,600016.XSHG,0.0172666851871007
2022-05-05,600023.XSHG,0.0061723632852869
2022-05-05,600025.XSHG,0.0147421074363465
2022-05-05,600028.XSHG,0.0549986064714462
2022-05-05,600050.XSHG,0.0144612524462035
2022-05-05,600177.XSHG,0.0043907211293415
2022-05-05,600221.XSHG,0.0075244989995396
2022-05-05,600332.XSHG,0.0055692902050655
2022-05-05,600350.XSHG,0.0035329682105598
2022-05-05,600377.XSHG,0.0041000300746582
2022-05-05,600585.XSHG,0.021369306609875
2022-05-05,600674.XSHG,0.0065818842110208
2022-05-05,600886.XSHG,0.0090783771740654
2022-05-05,600887.XSHG,0.0305350676747245
2022-05-05,600900.XSHG,0.0694477515008133
2022-05-05,600901.XSHG,0.0019956752919253
2022-05-05,600919.XSHG,0.0141594442931497
2022-05-05,601006.XSHG,0.0129629186610738
2022-05-05,601009.XSHG,0.0130427091214803
2022-05-05,601077.XSHG,0.0030390755537756
2022-05-05,601138.XSHG,0.0250808800802699
2022-05-05,601169.XSHG,0.0126444848178437
2022-05-05,601186.XSHG,0.0128761838583206
2022-05-05,601229.XSHG,0.0118418116130507
2022-05-05,601288.XSHG,0.1219639313890951
2022-05-05,601298.XSHG,0.0039381424361039
2022-05-05,601319.XSHG,0.0197424566481667
2022-05-05,601328.XSHG,0.0259146999351866
2022-05-05,601398.XSHG,0.1694453236954873
2022-05-05,601577.XSHG,0.0020487609499861
2022-05-05,601658.XSHG,0.0083537264445374
2022-05-05,601766.XSHG,0.0161907588666393
2022-05-05,601816.XSHG,0.0164161445142659
2022-05-05,601818.XSHG,0.0173446144174116
2022-05-05,601916.XSHG,0.0031074151186165
2022-05-05,601939.XSHG,0.0076922476273951
2022-05-05,601988.XSHG,0.0900738018293954
2022-05-05,601989.XSHG,0.0104313016347285
2022-05-05,601992.XSHG,0.003109619631293
2022-05-05,601997.XSHG,0.0028876509493389
2022-05-05,601998.XSHG,0.0212211359214443
2022-06-01,000581.XSHE,0.0020922341545129
2022-06-01,002078.XSHE,0.003869392595666
2022-06-01,003816.XSHE,0.0033521361872268
2022-06-01,600000.XSHG,0.028394450601118
2022-06-01,600015.XSHG,0.0084054421633273
2022-06-01,600016.XSHG,0.0163935601760844
2022-06-01,600023.XSHG,0.0057551120711685
2022-06-01,600025.XSHG,0.0155855634562849
2022-06-01,600028.XSHG,0.05142039782822
2022-06-01,600050.XSHG,0.0131395654967933
2022-06-01,600104.XSHG,0.0252335858541658
2022-06-01,600177.XSHG,0.003942772474843
2022-06-01,600221.XSHG,0.0067137982111571
2022-06-01,600323.XSHG,0.0020421575887022
2022-06-01,600332.XSHG,0.0052440668485301
2022-06-01,600585.XSHG,0.0181818053522791
2022-06-01,600674.XSHG,0.0063962781607056
2022-06-01,600867.XSHG,0.0025035039459573
2022-06-01,600886.XSHG,0.008715011258883
2022-06-01,600887.XSHG,0.0266787176490319
2022-06-01,600900.XSHG,0.0673901039086727
2022-06-01,600901.XSHG,0.0017815588263842
2022-06-01,600959.XSHG,0.0021038148910121
2022-06-01,601006.XSHG,0.0121636475107286
2022-06-01,601009.XSHG,0.0113494829851913
2022-06-01,601018.XSHG,0.0066051133655025
2022-06-01,601028.XSHG,0.0019037467491052
2022-06-01,601077.XSHG,0.0027731436803499
2022-06-01,601098.XSHG,0.0022381915987813
2022-06-01,601169.XSHG,0.0114547801391246
2022-06-01,601186.XSHG,0.0110997740091764
2022-06-01,601229.XSHG,0.0108273331146308
2022-06-01,601288.XSHG,0.1101710582858326
2022-06-01,601319.XSHG,0.0183277756499902
2022-06-01,601328.XSHG,0.0236173447308079
2022-06-01,601398.XSHG,0.1533236883956854
2022-06-01,601577.XSHG,0.0019240415839949
2022-06-01,601658.XSHG,0.007128581066141
2022-06-01,601727.XSHG,0.0064384814682958
2022-06-01,601766.XSHG,0.015084381449369
2022-06-01,601816.XSHG,0.0157084559616782
2022-06-01,601818.XSHG,0.0156778826140133
2022-06-01,601857.XSHG,0.1099045813274841
2022-06-01,601916.XSHG,0.0027950681055057
2022-06-01,601939.XSHG,0.0070044701791368
2022-06-01,601988.XSHG,0.0822255868349955
2022-06-01,601989.XSHG,0.0100199262369866
2022-06-01,601992.XSHG,0.0028946551243102
2022-06-01,601997.XSHG,0.0026386219610446
2022-06-01,601998.XSHG,0.0193651561714093
2022-07-01,000883.XSHE,0.0028755756423049
2022-07-01,000895.XSHE,0.0037139500733672
2022-07-01,002142.XSHE,0.0199177067729399
2022-07-01,003816.XSHE,0.002326108767277
2022-07-01,600000.XSHG,0.0199737875224789
2022-07-01,600015.XSHG,0.0056678687491976
2022-07-01,600016.XSHG,0.0112050046563413
2022-07-01,600022.XSHG,0.00159421450956
2022-07-01,600025.XSHG,0.0109610445831499
2022-07-01,600028.XSHG,0.0332047008075222
2022-07-01,600050.XSHG,0.0091503489542117
2022-07-01,600176.XSHG,0.0059391182421118
2022-07-01,600177.XSHG,0.0026014531906198
2022-07-01,600323.XSHG,0.0014332621944898
2022-07-01,600332.XSHG,0.0037046342849826
2022-07-01,600380.XSHG,0.0020149012922293
2022-07-01,600519.XSHG,0.2170821803166652
2022-07-01,600585.XSHG,0.0121133104453848
2022-07-01,600674.XSHG,0.0045856877719603
2022-07-01,600867.XSHG,0.0017553729902109
2022-07-01,600886.XSHG,0.0063479390595226
2022-07-01,600887.XSHG,0.0205539199262721
2022-07-01,600900.XSHG,0.0471045582025339
2022-07-01,600901.XSHG,0.001324211415166
2022-07-01,600919.XSHG,0.0089767782011533
2022-07-01,600926.XSHG,0.0064044700942238
2022-07-01,601006.XSHG,0.0083694288244358
2022-07-01,601077.XSHG,0.0018411515505081
2022-07-01,601128.XSHG,0.0017517538312894
2022-07-01,601166.XSHG,0.0352087485381325
2022-07-01,601169.XSHG,0.0081751463651405
2022-07-01,601186.XSHG,0.0077788301398971
2022-07-01,601229.XSHG,0.0077048049007496
2022-07-01,601288.XSHG,0.0767227522261822
2022-07-01,601318.XSHG,0.042725137688351
2022-07-01,601319.XSHG,0.0138985407316818
2022-07-01,601328.XSHG,0.0166810415479466
2022-07-01,601398.XSHG,0.1095295584163377
2022-07-01,601577.XSHG,0.0013874350678046
2022-07-01,601628.XSHG,0.0549780641955349
2022-07-01,601658.XSHG,0.005137158720263
2022-07-01,601816.XSHG,0.0114048183730009
2022-07-01,601818.XSHG,0.0106010495037726
2022-07-01,601916.XSHG,0.0019703591125336
2022-07-01,601939.XSHG,0.004967766690433
2022-07-01,601988.XSHG,0.0585181450483883
2022-07-01,601989.XSHG,0.0069402263257688
2022-07-01,601997.XSHG,0.0017526251491664
2022-07-01,601998.XSHG,0.0137468452853361
2022-07-01,603288.XSHG,0.035676503101466
2022-08-01,000581.XSHE,0.0017737421681063
2022-08-01,002203.XSHE,0.0025567963889006
2022-08-01,002304.XSHE,0.0233261247702552
2022-08-01,002318.XSHE,0.0018686976305672
2022-08-01,002461.XSHE,0.0019227353342327
2022-08-01,002736.XSHE,0.0088830435540998
2022-08-01,002839.XSHE,0.0012190866256797
2022-08-01,002966.XSHE,0.0012592279084939
2022-08-01,003816.XSHE,0.0029426986108001
2022-08-01,600000.XSHG,0.023365505333837
2022-08-01,600015.XSHG,0.0072002211796369
2022-08-01,600016.XSHG,0.0140951132014759
2022-08-01,600022.XSHG,0.0019886475797307
2022-08-01,600025.XSHG,0.0141107185816282
2022-08-01,600028.XSHG,0.0432418697861367
2022-08-01,600050.XSHG,0.0116248081758552
2022-08-01,600177.XSHG,0.0032525008091352
2022-08-01,600320.XSHG,0.0013167352282237
2022-08-01,600323.XSHG,0.001887897710773
2022-08-01,600332.XSHG,0.0044611029253805
2022-08-01,600482.XSHG,0.0036899107960437
2022-08-01,600519.XSHG,0.2614480425496246
2022-08-01,600528.XSHG,0.002096205501561
2022-08-01,600597.XSHG,0.0017773811006824
2022-08-01,600867.XSHG,0.0021043750780274
2022-08-01,600886.XSHG,0.0079456962931438
2022-08-01,600887.XSHG,0.0247743641455546
2022-08-01,600900.XSHG,0.0595435123298488
2022-08-01,600908.XSHG,0.0011554171003143
2022-08-01,600919.XSHG,0.0116372902305858
2022-08-01,600926.XSHG,0.0079452424203832
2022-08-01,600977.XSHG,0.0023166736863351
2022-08-01,601006.XSHG,0.0098540401301581
2022-08-01,601077.XSHG,0.0023155170346086
2022-08-01,601138.XSHG,0.0219243026202455
2022-08-01,601169.XSHG,0.0096840327426385
2022-08-01,601186.XSHG,0.0093090284898625
2022-08-01,601212.XSHG,0.0022909456690772
2022-08-01,601229.XSHG,0.0090177517195164
2022-08-01,601288.XSHG,0.0935834932999127
2022-08-01,601328.XSHG,0.0198362027432955
2022-08-01,601398.XSHG,0.1297231928097711
2022-08-01,601577.XSHG,0.0016912137389231
2022-08-01,601766.XSHG,0.013714165771893
2022-08-01,601818.XSHG,0.0112705594688844
2022-08-01,601939.XSHG,0.0058518153144663
2022-08-01,601988.XSHG,0.0705455736169932
2022-08-01,601989.XSHG,0.0091423605906289
2022-08-01,601998.XSHG,0.0162343847383618
2022-08-01,603613.XSHG,0.0052800347657076
2022-09-01,000166.XSHE,0.0095237209674124
2022-09-01,000581.XSHE,0.0015141420037607
2022-09-01,000598.XSHE,0.0015506044502229
2022-09-01,000651.XSHE,0.0184689468252809
2022-09-01,000783.XSHE,0.0031605317724371
2022-09-01,002078.XSHE,0.0031961548207109
2022-09-01,002252.XSHE,0.0028968375888274
2022-09-01,002736.XSHE,0.0081891705875148
2022-09-01,002966.XSHE,0.0023244438082967
2022-09-01,003816.XSHE,0.0110426482195378
2022-09-01,600000.XSHG,0.021353475902448
2022-09-01,600015.XSHG,0.0066576163371104
2022-09-01,600016.XSHG,0.0128813674598394
2022-09-01,600022.XSHG,0.0017513155635327
2022-09-01,600025.XSHG,0.0132578658143822
2022-09-01,600028.XSHG,0.0406720826391008
2022-09-01,600039.XSHG,0.0051346087312645
2022-09-01,600050.XSHG,0.0110287953838521
2022-09-01,600061.XSHG,0.0042605841025325
2022-09-01,600489.XSHG,0.0032133098289367
2022-09-01,600519.XSHG,0.2377450365804057
2022-09-01,600583.XSHG,0.0020108692590994
2022-09-01,600837.XSHG,0.0083838743994214
2022-09-01,600886.XSHG,0.0079764173393913
2022-09-01,600887.XSHG,0.02182609135414
2022-09-01,600900.XSHG,0.0547136359013921
2022-09-01,600959.XSHG,0.0015749497718164
2022-09-01,601006.XSHG,0.0097833814040933
2022-09-01,601077.XSHG,0.0021279472383128
2022-09-01,601098.XSHG,0.0017908945704012
2022-09-01,601128.XSHG,0.002072265662914
2022-09-01,601138.XSHG,0.0183633592027137
2022-09-01,601169.XSHG,0.0088075813023844
2022-09-01,601186.XSHG,0.0086694638337152
2022-09-01,601211.XSHG,0.0110088666240254
2022-09-01,601229.XSHG,0.0082273256647799
2022-09-01,601288.XSHG,0.0852237714211394
2022-09-01,601318.XSHG,0.0475783715702125
2022-09-01,601328.XSHG,0.01804909597098
2022-09-01,601398.XSHG,0.1182812982385881
2022-09-01,601611.XSHG,0.0022451897404364
2022-09-01,601688.XSHG,0.0095648128481047
2022-09-01,601766.XSHG,0.0121415605885028
2022-09-01,601816.XSHG,0.0124018213460971
2022-09-01,601818.XSHG,0.0103000413263847
2022-09-01,601880.XSHG,0.0031259802929789
2022-09-01,601939.XSHG,0.0052996427173693
2022-09-01,601988.XSHG,0.0646828915306977
2022-09-01,601989.XSHG,0.008355101838126
2022-09-01,601998.XSHG,0.0155902376543734
2022-10-10,000166.XSHE,0.0080873638345196
2022-10-10,000598.XSHE,0.001380781989795
2022-10-10,000651.XSHE,0.0169024194571281
2022-10-10,002078.XSHE,0.0028504746196712
2022-10-10,002736.XSHE,0.006999027339504
2022-10-10,002966.XSHE,0.0022894218482625
2022-10-10,003816.XSHE,0.0098296242586672
2022-10-10,600000.XSHG,0.0193852708162178
2022-10-10,600015.XSHG,0.0060713580479093
2022-10-10,600016.XSHG,0.0113271311986316
2022-10-10,600018.XSHG,0.0119520810399557
2022-10-10,600025.XSHG,0.0115496676738728
2022-10-10,600028.XSHG,0.0389611726589733
2022-10-10,600050.XSHG,0.0098316806631865
2022-10-10,600177.XSHG,0.0027022985584574
2022-10-10,600519.XSHG,0.21077338117011
2022-10-10,600583.XSHG,0.0018940720227498
2022-10-10,600612.XSHG,0.0011713838158116
2022-10-10,600837.XSHG,0.0072191041864694
2022-10-10,600886.XSHG,0.0070218504420118
2022-10-10,600900.XSHG,0.0499085652098294
2022-10-10,600901.XSHG,0.0013631343023906
2022-10-10,600919.XSHG,0.0103490782940195
2022-10-10,600926.XSHG,0.0066794983841537
2022-10-10,601006.XSHG,0.0093717449466681
2022-10-10,601009.XSHG,0.0087112485633113
2022-10-10,601077.XSHG,0.0019978053507498
2022-10-10,601098.XSHG,0.0016568916126333
2022-10-10,601169.XSHG,0.008183513103398
2022-10-10,601186.XSHG,0.0075755590170532
2022-10-10,601211.XSHG,0.0094899742603108
2022-10-10,601229.XSHG,0.0075906553806137
2022-10-10,601288.XSHG,0.0806942253556719
2022-10-10,601298.XSHG,0.0027607603307154
2022-10-10,601318.XSHG,0.0421625146751846
2022-10-10,601319.XSHG,0.0168076781372693
2022-10-10,601328.XSHG,0.0169991194621486
2022-10-10,601398.XSHG,0.1104338795071024
2022-10-10,601601.XSHG,0.0129319623826597
2022-10-10,601728.XSHG,0.0071408822405436
2022-10-10,601766.XSHG,0.0106503774141846
2022-10-10,601816.XSHG,0.0116560399759887
2022-10-10,601818.XSHG,0.0093829426181622
2022-10-10,601857.XSHG,0.0801665073207819
2022-10-10,601880.XSHG,0.0028301439174099
2022-10-10,601916.XSHG,0.0019560987623673
2022-10-10,601939.XSHG,0.0049750743077364
2022-10-10,601988.XSHG,0.0607874896415735
2022-10-10,601997.XSHG,0.0018072357279724
2022-10-10,601998.XSHG,0.0147798341554892
2022-11-01,000166.XSHE,0.0149705393073575
2022-11-01,000538.XSHE,0.0077930735340742
2022-11-01,000598.XSHE,0.0024036565253889
2022-11-01,000623.XSHE,0.0027456663014462
2022-11-01,002030.XSHE,0.0040831228263096
2022-11-01,002152.XSHE,0.0039109635170347
2022-11-01,002673.XSHE,0.0042112605810591
2022-11-01,002736.XSHE,0.0130096826275919
2022-11-01,002966.XSHE,0.0040971453818635
2022-11-01,003816.XSHE,0.0174641588197127
2022-11-01,600000.XSHG,0.0330207702293636
2022-11-01,600008.XSHG,0.0034306473205962
2022-11-01,600015.XSHG,0.0103588471705063
2022-11-01,600016.XSHG,0.0198288065574553
2022-11-01,600028.XSHG,0.0655533465044768
2022-11-01,600050.XSHG,0.0176228521608523
2022-11-01,600177.XSHG,0.0046106155424034
2022-11-01,600271.XSHG,0.0034916391714704
2022-11-01,600489.XSHG,0.0055341651512126
2022-11-01,600547.XSHG,0.0105817633693268
2022-11-01,600583.XSHG,0.0035865647099012
2022-11-01,600612.XSHG,0.002044660342656
2022-11-01,600837.XSHG,0.0127372192341484
2022-11-01,600845.XSHG,0.0102329903272289
2022-11-01,600901.XSHG,0.0026942596209342
2022-11-01,600919.XSHG,0.0169896486985596
2022-11-01,600967.XSHG,0.0024253675624454
2022-11-01,600977.XSHG,0.0034247513449474
2022-11-01,600998.XSHG,0.003981573772079
2022-11-01,601006.XSHG,0.016030283892293
2022-11-01,601009.XSHG,0.0151547152846213
2022-11-01,601077.XSHG,0.0034607109077568
2022-11-01,601169.XSHG,0.0143277948595938
2022-11-01,601211.XSHG,0.0166623460567796
2022-11-01,601229.XSHG,0.0130481997030972
2022-11-01,601288.XSHG,0.1363747483744618
2022-11-01,601319.XSHG,0.0295064719301128
2022-11-01,601328.XSHG,0.0293504165781924
2022-11-01,601398.XSHG,0.1836059529714363
2022-11-01,601555.XSHG,0.0055832192783707
2022-11-01,601728.XSHG,0.012948697543322
2022-11-01,601766.XSHG,0.0198563169082002
2022-11-01,601816.XSHG,0.0213477340435928
2022-11-01,601818.XSHG,0.0163145909529855
2022-11-01,601880.XSHG,0.005059704681312
2022-11-01,601939.XSHG,0.0084708486304198
2022-11-01,601988.XSHG,0.1062413379112264
2022-11-01,601989.XSHG,0.0130486074586041
2022-11-01,601998.XSHG,0.025236046012312
2022-11-01,688009.XSHG,0.0015314978089048
2022-12-01,000166.XSHE,0.0156422286374034
2022-12-01,000425.XSHE,0.0042758324767556
2022-12-01,000538.XSHE,0.0081694276768284
2022-12-01,000598.XSHE,0.002520091166579
2022-12-01,000623.XSHE,0.0030705471830117
2022-12-01,002673.XSHE,0.0044268619379991
2022-12-01,002736.XSHE,0.0135299141461096
2022-12-01,002966.XSHE,0.0044886287817676
2022-12-01,003816.XSHE,0.0181138514749756
2022-12-01,600000.XSHG,0.0356171121939261
2022-12-01,600008.XSHG,0.003565415015843
2022-12-01,600015.XSHG,0.0111847846325764
2022-12-01,600016.XSHG,0.0209195861882179
2022-12-01,600028.XSHG,0.0724308849559128
2022-12-01,600170.XSHG,0.0041288864624936
2022-12-01,600177.XSHG,0.0049187615427671
2022-12-01,600271.XSHG,0.0034690839536447
2022-12-01,600352.XSHG,0.0053912133624009
2022-12-01,600390.XSHG,0.0039008271936995
2022-12-01,600398.XSHG,0.0035863481897935
2022-12-01,600489.XSHG,0.0060050500125681
2022-12-01,600598.XSHG,0.0043829338557657
2022-12-01,600612.XSHG,0.0022112309495247
2022-12-01,600637.XSHG,0.0038334062237297
2022-12-01,600705.XSHG,0.0049829126758368
2022-12-01,600755.XSHG,0.002651006443763
2022-12-01,600871.XSHG,0.0046067279556406
2022-12-01,600886.XSHG,0.0128897392334162
2022-12-01,600919.XSHG,0.0181686719172138
2022-12-01,600998.XSHG,0.0042547683151114
2022-12-01,601000.XSHG,0.0028882557854827
2022-12-01,601006.XSHG,0.0169407484431238
2022-12-01,601077.XSHG,0.0035638495618115
2022-12-01,601169.XSHG,0.0152442063016181
2022-12-01,601211.XSHG,0.0176264876901086
2022-12-01,601229.XSHG,0.0138941006386047
2022-12-01,601288.XSHG,0.1438571832268964
2022-12-01,601319.XSHG,0.0316793795108051
2022-12-01,601328.XSHG,0.0310707235484607
2022-12-01,601398.XSHG,0.1925793555437703
2022-12-01,601555.XSHG,0.0057985799351802
2022-12-01,601728.XSHG,0.0144211274594745
2022-12-01,601766.XSHG,0.0217518236109803
2022-12-01,601816.XSHG,0.0223681000073623
2022-12-01,601818.XSHG,0.0178013919971731
2022-12-01,601880.XSHG,0.0051896413487942
2022-12-01,601939.XSHG,0.0088680501949137
2022-12-01,601988.XSHG,0.1098101503343444
2022-12-01,601989.XSHG,0.0135842665230561
2022-12-01,601992.XSHG,0.0037258435827612
2023-01-03,000166.XSHE,0.0133337543993044
2023-01-03,000425.XSHE,0.0036958884761352
2023-01-03,000538.XSHE,0.0136788365659304
2023-01-03,002311.XSHE,0.0151174827406843
2023-01-03,002673.XSHE,0.003732501231966
2023-01-03,002736.XSHE,0.0116135307618794
2023-01-03,003816.XSHE,0.0158471194654826
2023-01-03,600000.XSHG,0.0315486373172976
2023-01-03,600008.XSHG,0.0031428636180155
2023-01-03,600015.XSHG,0.0099315902366346
2023-01-03,600016.XSHG,0.0181353197426335
2023-01-03,600018.XSHG,0.0184655282008478
2023-01-03,600028.XSHG,0.0622165434617891
2023-01-03,600177.XSHG,0.0043305117318217
2023-01-03,600352.XSHG,0.0048316547572262
2023-01-03,600373.XSHG,0.0019500112405387
2023-01-03,600489.XSHG,0.0054544319052905
2023-01-03,600612.XSHG,0.0020785073751342
2023-01-03,600637.XSHG,0.0034466640698196
2023-01-03,600837.XSHG,0.0113314201322984
2023-01-03,600867.XSHG,0.0027540524243064
2023-01-03,600871.XSHG,0.0040345211267284
2023-01-03,600959.XSHG,0.0022599975119505
2023-01-03,600999.XSHG,0.0146197240991358
2023-01-03,601006.XSHG,0.014631262116675
2023-01-03,601009.XSHG,0.013739729787909
2023-01-03,601077.XSHG,0.003091095118316
2023-01-03,601098.XSHG,0.0027100319722299
2023-01-03,601108.XSHG,0.0049221936854634
2023-01-03,601118.XSHG,0.002831051399864
2023-01-03,601138.XSHG,0.0273979528332706
2023-01-03,601169.XSHG,0.0134842134599243
2023-01-03,601211.XSHG,0.0149014210851376
2023-01-03,601229.XSHG,0.0121664651319818
2023-01-03,601288.XSHG,0.1290281049012933
2023-01-03,601298.XSHG,0.0044649146297687
2023-01-03,601328.XSHG,0.0276585623783428
2023-01-03,601398.XSHG,0.1727503239994282
2023-01-03,601555.XSHG,0.0048760093287394
2023-01-03,601801.XSHG,0.001549575751401
2023-01-03,601818.XSHG,0.0160632006657156
2023-01-03,601825.XSHG,0.0040537948350463
2023-01-03,601857.XSHG,0.1205995907472183
2023-01-03,601880.XSHG,0.0045344990274838
2023-01-03,601939.XSHG,0.0080296136505113
2023-01-03,601988.XSHG,0.0990121922301112
2023-01-03,601989.XSHG,0.011556293768385
2023-01-03,601992.XSHG,0.0031965646273706
2023-01-03,601997.XSHG,0.002912890396131
2023-01-03,688538.XSHG,0.0022873598794285
2023-02-01,000166.XSHE,0.0136804075318591
2023-02-01,000425.XSHE,0.0040954067226852
2023-02-01,000538.XSHE,0.0139254499453804
2023-02-01,000581.XSHE,0.0022237325618234
2023-02-01,000651.XSHE,0.0280256202143939
2023-02-01,000750.XSHE,0.0028207108405776
2023-02-01,000783.XSHE,0.0046585550484423
2023-02-01,000895.XSHE,0.0128363326601144
2023-02-01,002673.XSHE,0.003992424450187
2023-02-01,002736.XSHE,0.012262687177241
2023-02-01,003816.XSHE,0.0153546256735121
2023-02-01,300017.XSHE,0.0019446424831711
2023-02-01,600000.XSHG,0.03100340677326
2023-02-01,600008.XSHG,0.0030972029660267
2023-02-01,600015.XSHG,0.0096059619245376
2023-02-01,600016.XSHG,0.0178124684075985
2023-02-01,600018.XSHG,0.0178258818341199
2023-02-01,600028.XSHG,0.0616993979269285
2023-02-01,600352.XSHG,0.0047063067094878
2023-02-01,600369.XSHG,0.0033053985559482
2023-02-01,600373.XSHG,0.0018824628015489
2023-02-01,600637.XSHG,0.0033076705293539
2023-02-01,600739.XSHG,0.0029439413906178
2023-02-01,600837.XSHG,0.0122123452538555
2023-02-01,600839.XSHG,0.0019140663278701
2023-02-01,600867.XSHG,0.0028157151994263
2023-02-01,600871.XSHG,0.0041868726028005
2023-02-01,600967.XSHG,0.0022260047591094
2023-02-01,600999.XSHG,0.0155086488165915
2023-02-01,601006.XSHG,0.014295122859875
2023-02-01,601077.XSHG,0.0030431926960822
2023-02-01,601108.XSHG,0.0053048307613279
2023-02-01,601138.XSHG,0.0272159331853217
2023-02-01,601169.XSHG,0.0129260911513822
2023-02-01,601211.XSHG,0.015561723256736
2023-02-01,601229.XSHG,0.0119437497462146
2023-02-01,601288.XSHG,0.1254175926710941
2023-02-01,601328.XSHG,0.0273764303159124
2023-02-01,601398.XSHG,0.1667662483805015
2023-02-01,601555.XSHG,0.0052101535504567
2023-02-01,601577.XSHG,0.0020414918498315
2023-02-01,601818.XSHG,0.0156088111068805
2023-02-01,601825.XSHG,0.0039332697763564
2023-02-01,601857.XSHG,0.1208372241202843
2023-02-01,601880.XSHG,0.0044314661362723
2023-02-01,601939.XSHG,0.007737699481673
2023-02-01,601988.XSHG,0.0973972632079967
2023-02-01,601997.XSHG,0.0028683299946091
2023-02-01,688009.XSHG,0.0060005577356544
2023-02-01,688981.XSHG,0.0122084699270667
2023-03-01,000156.XSHE,0.0017803341790663
2023-03-01,000166.XSHE,0.0131901008552218
2023-03-01,000538.XSHE,0.0133353381048831
2023-03-01,000651.XSHE,0.0280251865703095
2023-03-01,000778.XSHE,0.0022053448546731
2023-03-01,000895.XSHE,0.0128046512897183
2023-03-01,000959.XSHE,0.0034285100642615
2023-03-01,002465.XSHE,0.0030258197684522
2023-03-01,002701.XSHE,0.0018587933170376
2023-03-01,002736.XSHE,0.0120106844034011
2023-03-01,003816.XSHE,0.0149513335429991
2023-03-01,300296.XSHE,0.001860247961722
2023-03-01,600000.XSHG,0.0293473399921846
2023-03-01,600008.XSHG,0.003012583678766
2023-03-01,600015.XSHG,0.0092887360197848
2023-03-01,600016.XSHG,0.0167513842759516
2023-03-01,600018.XSHG,0.0170742066865036
2023-03-01,600028.XSHG,0.0622209474099478
2023-03-01,600104.XSHG,0.0244411224916061
2023-03-01,600177.XSHG,0.0041374641263091
2023-03-01,600352.XSHG,0.004673094050096
2023-03-01,600369.XSHG,0.0031797098820453
2023-03-01,600373.XSHG,0.0019072273250761
2023-03-01,600507.XSHG,0.0019032183050125
2023-03-01,600637.XSHG,0.0033904258789191
2023-03-01,600674.XSHG,0.0080473815749739
2023-03-01,600739.XSHG,0.0028587800853563
2023-03-01,600820.XSHG,0.0024334586647931
2023-03-01,600959.XSHG,0.0021900362537598
2023-03-01,600999.XSHG,0.0145451433416104
2023-03-01,601006.XSHG,0.0141069403556074
2023-03-01,601077.XSHG,0.0029446528051717
2023-03-01,601098.XSHG,0.0025129965203917
2023-03-01,601106.XSHG,0.0029749942783124
2023-03-01,601138.XSHG,0.0271529849002492
2023-03-01,601169.XSHG,0.012666230604541
2023-03-01,601211.XSHG,0.0148410116507964
2023-03-01,601229.XSHG,0.0114424228327532
2023-03-01,601288.XSHG,0.1207657403238107
2023-03-01,601328.XSHG,0.0265953782177486
2023-03-01,601398.XSHG,0.1596613742184092
2023-03-01,601718.XSHG,0.0019353856178916
2023-03-01,601766.XSHG,0.0193987261707238
2023-03-01,601857.XSHG,0.1177421163245191
2023-03-01,601939.XSHG,0.007451696626266
2023-03-01,601988.XSHG,0.0940451516043699
2023-03-01,601997.XSHG,0.002767260225506
2023-03-01,601998.XSHG,0.0233546033476697
2023-03-01,688009.XSHG,0.0063400350067897
2023-03-01,688981.XSHG,0.0114216934140286
2023-04-03,000027.XSHE,0.0046756225093009
2023-04-03,000166.XSHE,0.0152696391226963
2023-04-03,000598.XSHE,0.002419435075347
2023-04-03,000783.XSHE,0.0050018862462448
2023-04-03,000895.XSHE,0.0143822926459647
2023-04-03,002736.XSHE,0.0135138797557484
2023-04-03,003816.XSHE,0.0179779683495628
2023-04-03,600000.XSHG,0.0337259935180142
2023-04-03,600008.XSHG,0.003507500756485
2023-04-03,600015.XSHG,0.0110859233632033
2023-04-03,600016.XSHG,0.0195514695911111
2023-04-03,600018.XSHG,0.0203311913179158
2023-04-03,600022.XSHG,0.0026672102786866
2023-04-03,600025.XSHG,0.0199343150178846
2023-04-03,600098.XSHG,0.0030440605936572
2023-04-03,600104.XSHG,0.0268301976651162
2023-04-03,600170.XSHG,0.0039132069960315
2023-04-03,600177.XSHG,0.0047645869761026
2023-04-03,600352.XSHG,0.0053186275315785
2023-04-03,600482.XSHG,0.0054626016228062
2023-04-03,600517.XSHG,0.004834243198657
2023-04-03,600674.XSHG,0.0094165643658436
2023-04-03,600704.XSHG,0.0039801408278252
2023-04-03,600710.XSHG,0.0013615559542881
2023-04-03,600739.XSHG,0.0032170700694342
2023-04-03,600820.XSHG,0.0028639553582989
2023-04-03,600848.XSHG,0.0048509082684332
2023-04-03,600886.XSHG,0.0119891075061942
2023-04-03,600959.XSHG,0.0027250990580681
2023-04-03,600999.XSHG,0.0166408117203905
2023-04-03,601006.XSHG,0.0171535897779257
2023-04-03,601019.XSHG,0.0026780134980512
2023-04-03,601077.XSHG,0.0034451829283563
2023-04-03,601166.XSHG,0.05607262219786
2023-04-03,601169.XSHG,0.0149342746294426
2023-04-03,601211.XSHG,0.0174000007719265
2023-04-03,601229.XSHG,0.013299796130465
2023-04-03,601288.XSHG,0.1482659934425337
2023-04-03,601298.XSHG,0.0054458864263939
2023-04-03,601328.XSHG,0.0319900541034591
2023-04-03,601398.XSHG,0.1917322411379964
2023-04-03,601818.XSHG,0.0223225518834451
2023-04-03,601880.XSHG,0.0048142409049721
2023-04-03,601901.XSHG,0.0094061593118087
2023-04-03,601916.XSHG,0.0076661264142702
2023-04-03,601939.XSHG,0.0091221405146024
2023-04-03,601985.XSHG,0.0192994367415329
2023-04-03,601988.XSHG,0.1131708058675183
2023-04-03,601989.XSHG,0.013375457852272
2023-04-03,601997.XSHG,0.0031483602042745
2023-05-04,000027.XSHE,0.0042780227348769
2023-05-04,000166.XSHE,0.0144704091886921
2023-05-04,000598.XSHE,0.0021714830490893
2023-05-04,000623.XSHE,0.0027815762467144
2023-05-04,000685.XSHE,0.0013164436494182
2023-05-04,000883.XSHE,0.0039447558540783
2023-05-04,000895.XSHE,0.0119506258815415
2023-05-04,001965.XSHE,0.0081047963941047
2023-05-04,002736.XSHE,0.0116273585586538
2023-05-04,002958.XSHE,0.0019757963159782
2023-05-04,003816.XSHE,0.0174153202442455
2023-05-04,600000.XSHG,0.0309954607639486
2023-05-04,600008.XSHG,0.0030986032748377
2023-05-04,600015.XSHG,0.0105961987046539
2023-05-04,600018.XSHG,0.0184488823475959
2023-05-04,600025.XSHG,0.017720750854534
2023-05-04,600098.XSHG,0.0028219403992133
2023-05-04,600157.XSHG,0.0047045454135426
2023-05-04,600170.XSHG,0.0034893618002056
2023-05-04,600177.XSHG,0.0043380159079009
2023-05-04,600377.XSHG,0.0049247082930305
2023-05-04,600674.XSHG,0.0090220109387473
2023-05-04,600837.XSHG,0.0116150926613565
2023-05-04,600886.XSHG,0.011924536782467
2023-05-04,600900.XSHG,0.0705442555123983
2023-05-04,600905.XSHG,0.0101897864863695
2023-05-04,600919.XSHG,0.0156517629234113
2023-05-04,600999.XSHG,0.0146443382593307
2023-05-04,601006.XSHG,0.0162716616471753
2023-05-04,601018.XSHG,0.0068827162118553
2023-05-04,601077.XSHG,0.0049803496577389
2023-05-04,601099.XSHG,0.0025867556936752
2023-05-04,601166.XSHG,0.0478736175139616
2023-05-04,601169.XSHG,0.0140995294037134
2023-05-04,601211.XSHG,0.0156780548403843
2023-05-04,601228.XSHG,0.0029903477496097
2023-05-04,601229.XSHG,0.0121857285818575
2023-05-04,601288.XSHG,0.1473207426852855
2023-05-04,601328.XSHG,0.0319497541097807
2023-05-04,601398.XSHG,0.1835022322040963
2023-05-04,601555.XSHG,0.0050537509973755
2023-05-04,601818.XSHG,0.0211844134603084
2023-05-04,601825.XSHG,0.0038446754111625
2023-05-04,601866.XSHG,0.0029542142655046
2023-05-04,601880.XSHG,0.0042975104252641
2023-05-04,601916.XSHG,0.0073083984129627
2023-05-04,601939.XSHG,0.0086401664048028
2023-05-04,601985.XSHG,0.0185771333009475
2023-05-04,601988.XSHG,0.1141806123413877
2023-05-04,601997.XSHG,0.002870795240212
2023-06-01,000027.XSHE,0.0112481096563871
2023-06-01,000166.XSHE,0.0364312699123008
2023-06-01,000559.XSHE,0.0049557065317755
2023-06-01,000598.XSHE,0.0056622613110541
2023-06-01,000623.XSHE,0.0067060299022315
2023-06-01,000685.XSHE,0.0033360208254561
2023-06-01,000728.XSHE,0.0101059657707626
2023-06-01,000750.XSHE,0.0064269438614483
2023-06-01,000883.XSHE,0.0105620417681961
2023-06-01,000895.XSHE,0.0291759896603549
2023-06-01,002202.XSHE,0.0127455430149572
2023-06-01,002266.XSHE,0.0044041967235648
2023-06-01,002267.XSHE,0.0029911993692607
2023-06-01,002673.XSHE,0.0092034589660715
2023-06-01,002736.XSHE,0.0280512187719167
2023-06-01,002797.XSHE,0.0083685132697709
2023-06-01,002936.XSHE,0.0048656222118616
2023-06-01,300185.XSHE,0.0033732799693962
2023-06-01,600008.XSHG,0.0077503432515832
2023-06-01,600018.XSHG,0.0421959471448233
2023-06-01,600157.XSHG,0.0113828800046732
2023-06-01,600167.XSHG,0.0056000022508561
2023-06-01,600177.XSHG,0.0109215590494907
2023-06-01,600236.XSHG,0.0157715789887262
2023-06-01,600578.XSHG,0.008596776852243
2023-06-01,600597.XSHG,0.0049633163984869
2023-06-01,600598.XSHG,0.008258404864533
2023-06-01,600674.XSHG,0.0225288729797813
2023-06-01,600739.XSHG,0.0070058202118852
2023-06-01,600848.XSHG,0.0107234022605254
2023-06-01,600900.XSHG,0.1761879243909692
2023-06-01,600905.XSHG,0.0254192776203126
2023-06-01,600909.XSHG,0.0079195570515858
2023-06-01,600919.XSHG,0.037676735339573
2023-06-01,601006.XSHG,0.0389075720745963
2023-06-01,601016.XSHG,0.0078495728325821
2023-06-01,601018.XSHG,0.0157777788059504
2023-06-01,601099.XSHG,0.0061349803704992
2023-06-01,601139.XSHG,0.0072696269882998
2023-06-01,601158.XSHG,0.009155518117776
2023-06-01,601166.XSHG,0.1190182958111018
2023-06-01,601169.XSHG,0.0343996667111145
2023-06-01,601211.XSHG,0.0381817616081758
2023-06-01,601228.XSHG,0.0073251406907539
2023-06-01,601229.XSHG,0.029528795816709
2023-06-01,601555.XSHG,0.0127061872926775
2023-06-01,601825.XSHG,0.0093275236342316
2023-06-01,601880.XSHG,0.0102329770736101
2023-06-01,601985.XSHG,0.0457253683865786
2023-06-01,601997.XSHG,0.0069434636285261
2023-07-03,000027.XSHE,0.0086525966379911
2023-07-03,000157.XSHE,0.0130303826753065
2023-07-03,000559.XSHE,0.0041186561731381
2023-07-03,000598.XSHE,0.0044248727596158
2023-07-03,000685.XSHE,0.0026288375670565
2023-07-03,000728.XSHE,0.0079128185847823
2023-07-03,000750.XSHE,0.0050479587921781
2023-07-03,000883.XSHE,0.0082202114421034
2023-07-03,000895.XSHE,0.0233637491719243
2023-07-03,002128.XSHE,0.0070003082260644
2023-07-03,002202.XSHE,0.009995632570319
2023-07-03,002266.XSHE,0.0036560819656248
2023-07-03,002673.XSHE,0.0072376677478463
2023-07-03,002736.XSHE,0.0214381840565419
2023-07-03,002797.XSHE,0.0064986966184819
2023-07-03,002936.XSHE,0.0038624807294043
2023-07-03,003816.XSHE,0.033780394305201
2023-07-03,600008.XSHG,0.0058020960786766
2023-07-03,600104.XSHG,0.0456305601097722
2023-07-03,600120.XSHG,0.0036149829312964
2023-07-03,600177.XSHG,0.0081402123398608
2023-07-03,600236.XSHG,0.0120079399518253
2023-07-03,600406.XSHG,0.0503245759852004
2023-07-03,600516.XSHG,0.0068708620541673
2023-07-03,600598.XSHG,0.0065636195229483
2023-07-03,600660.XSHG,0.0195350888179369
2023-07-03,600663.XSHG,0.0079828786986284
2023-07-03,600674.XSHG,0.0183492655253238
2023-07-03,600739.XSHG,0.0055727472200136
2023-07-03,600741.XSHG,0.0160985341822814
2023-07-03,600848.XSHG,0.0078764391839851
2023-07-03,600900.XSHG,0.1375837540087693
2023-07-03,600905.XSHG,0.0200087832569056
2023-07-03,600919.XSHG,0.0313282910699751
2023-07-03,601016.XSHG,0.0060063932362884
2023-07-03,601088.XSHG,0.1405405037108717
2023-07-03,601099.XSHG,0.0048470684500418
2023-07-03,601139.XSHG,0.0058536692272076
2023-07-03,601166.XSHG,0.0899420897416806
2023-07-03,601211.XSHG,0.0289841395948623
2023-07-03,601216.XSHG,0.0095773327885237
2023-07-03,601228.XSHG,0.0057873792889385
2023-07-03,601229.XSHG,0.0220042821787321
2023-07-03,601238.XSHG,0.0214076380163213
2023-07-03,601825.XSHG,0.0069396269222816
2023-07-03,601880.XSHG,0.0080847757169696
2023-07-03,601918.XSHG,0.0030395126970384
2023-07-03,601919.XSHG,0.0331511447027989
2023-07-03,601985.XSHG,0.0367200455318034
2023-07-03,603766.XSHG,0.0029542372344915
2023-08-01,000039.XSHE,0.0032066397450972
2023-08-01,000089.XSHE,0.0028266129946376
2023-08-01,000157.XSHE,0.0090935450904363
2023-08-01,000552.XSHE,0.0016063266966275
2023-08-01,000559.XSHE,0.0028911330230562
2023-08-01,000685.XSHE,0.0019082543142953
2023-08-01,000709.XSHE,0.0047873198517454
2023-08-01,000895.XSHE,0.0163834884878477
2023-08-01,002075.XSHE,0.0017960331838412
2023-08-01,002128.XSHE,0.0049944538355759
2023-08-01,002202.XSHE,0.0071209264809879
2023-08-01,002266.XSHE,0.0039394575485076
2023-08-01,002736.XSHE,0.0159905717018475
2023-08-01,002797.XSHE,0.0049751397189143
2023-08-01,002936.XSHE,0.0029370515085016
2023-08-01,002939.XSHE,0.0058339443614034
2023-08-01,002958.XSHE,0.0027889053044067
2023-08-01,003816.XSHE,0.0231620262716741
2023-08-01,600000.XSHG,0.041833267471349
2023-08-01,600008.XSHG,0.0042123100964949
2023-08-01,600104.XSHG,0.0336316215509433
2023-08-01,600108.XSHG,0.0011938854842028
2023-08-01,600120.XSHG,0.0027092400607382
2023-08-01,600170.XSHG,0.0049824443076109
2023-08-01,600177.XSHG,0.0061630394086072
2023-08-01,600282.XSHG,0.0042776881140346
2023-08-01,600352.XSHG,0.0059728135642207
2023-08-01,600508.XSHG,0.0019855205980727
2023-08-01,600519.XSHG,0.4449978238589594
2023-08-01,600598.XSHG,0.0048038058395536
2023-08-01,600655.XSHG,0.0055405726781468
2023-08-01,600660.XSHG,0.0141194640592191
2023-08-01,600663.XSHG,0.0059906805870137
2023-08-01,600900.XSHG,0.0926304318280033
2023-08-01,600905.XSHG,0.0138465841564104
2023-08-01,600919.XSHG,0.0207859117651958
2023-08-01,601166.XSHG,0.0647867424242643
2023-08-01,601211.XSHG,0.0216624959051758
2023-08-01,601212.XSHG,0.004193596891392
2023-08-01,601216.XSHG,0.0070890221103991
2023-08-01,601228.XSHG,0.0042498954429574
2023-08-01,601229.XSHG,0.0160224185517372
2023-08-01,601825.XSHG,0.0050962760007608
2023-08-01,601866.XSHG,0.0039223441494505
2023-08-01,601880.XSHG,0.0058965316020697
2023-08-01,601918.XSHG,0.0021229508626475
2023-08-01,601933.XSHG,0.0061776447435359
2023-08-01,601952.XSHG,0.0032043415669167
2023-08-01,601985.XSHG,0.0258150501997406
2023-08-01,601997.XSHG,0.0038417540007705
2023-09-01,000039.XSHE,0.0018651751365628
2023-09-01,000538.XSHE,0.0110695270338103
2023-09-01,000709.XSHE,0.0027020431136935
2023-09-01,000895.XSHE,0.0105880780881613
2023-09-01,000902.XSHE,0.00149280245072
2023-09-01,002001.XSHE,0.0056454948528993
2023-09-01,002064.XSHE,0.0040414841942943
2023-09-01,002078.XSHE,0.0037349111963218
2023-09-01,002128.XSHE,0.0029727046035899
2023-09-01,003816.XSHE,0.0141734277591979
2023-09-01,600000.XSHG,0.0233881000752296
2023-09-01,600008.XSHG,0.0023863474247784
2023-09-01,600015.XSHG,0.0081184076726416
2023-09-01,600018.XSHG,0.0135392514982665
2023-09-01,600025.XSHG,0.0148745401121794
2023-09-01,600098.XSHG,0.0024264561209169
2023-09-01,600104.XSHG,0.019309568302862
2023-09-01,600170.XSHG,0.0028079203937044
2023-09-01,600177.XSHG,0.0036830139724742
2023-09-01,600282.XSHG,0.0026068681334938
2023-09-01,600309.XSHG,0.0344681865434742
2023-09-01,600362.XSHG,0.0045809519486062
2023-09-01,600519.XSHG,0.2643095222215857
2023-09-01,600655.XSHG,0.0033097227263773
2023-09-01,600660.XSHG,0.0086812331925944
2023-09-01,600674.XSHG,0.0075094213521827
2023-09-01,600740.XSHG,0.001491098229215
2023-09-01,600873.XSHG,0.003054643594872
2023-09-01,600888.XSHG,0.0012327505590363
2023-09-01,600900.XSHG,0.0563791162241163
2023-09-01,600919.XSHG,0.0128499121982892
2023-09-01,600938.XSHG,0.0061859562437681
2023-09-01,601006.XSHG,0.0123438334569309
2023-09-01,601077.XSHG,0.0038058811918125
2023-09-01,601088.XSHG,0.0538917729612413
2023-09-01,601158.XSHG,0.0029735440114214
2023-09-01,601166.XSHG,0.0376401150130271
2023-09-01,601169.XSHG,0.0108868219425334
2023-09-01,601200.XSHG,0.001249685717408
2023-09-01,601228.XSHG,0.0023978390220666
2023-09-01,601229.XSHG,0.0094913710346188
2023-09-01,601288.XSHG,0.1248297510054458
2023-09-01,601328.XSHG,0.0246723764958848
2023-09-01,601398.XSHG,0.1400529921482025
2023-09-01,601727.XSHG,0.006430097065183
2023-09-01,601825.XSHG,0.0030785198665667
2023-09-01,601866.XSHG,0.0022464251459535
2023-09-01,601880.XSHG,0.0034028751408147
2023-09-01,603568.XSHG,0.0034143936307167
2023-09-01,688538.XSHG,0.0017130679802548
2023-10-09,000039.XSHE,0.0023521350201576
2023-10-09,000538.XSHE,0.0139373505197719
2023-10-09,000895.XSHE,0.0134031330182495
2023-10-09,000937.XSHE,0.0028773036133924
2023-10-09,002001.XSHE,0.0072036201730303
2023-10-09,002078.XSHE,0.0048944126226335
2023-10-09,002128.XSHE,0.0038773570374391
2023-10-09,003816.XSHE,0.0182631998966591
2023-10-09,600000.XSHG,0.0301277282460642
2023-10-09,600008.XSHG,0.0030223925337782
2023-10-09,600015.XSHG,0.0106340357717475
2023-10-09,600018.XSHG,0.0173234991033911
2023-10-09,600025.XSHG,0.0198159365316225
2023-10-09,600098.XSHG,0.003104142125776
2023-10-09,600104.XSHG,0.0255366590865823
2023-10-09,600177.XSHG,0.0047375899068472
2023-10-09,600252.XSHG,0.0013452718988719
2023-10-09,600282.XSHG,0.0033575236120842
2023-10-09,600350.XSHG,0.005031897483988
2023-10-09,600655.XSHG,0.0041548466166607
2023-10-09,600660.XSHG,0.0112036849883422
2023-10-09,600674.XSHG,0.0096653927358712
2023-10-09,600900.XSHG,0.0749093129561448
2023-10-09,600901.XSHG,0.0029287377280165
2023-10-09,600919.XSHG,0.0187840995046669
2023-10-09,600938.XSHG,0.0087051782783612
2023-10-09,600989.XSHG,0.0151291984236045
2023-10-09,601006.XSHG,0.01631617717864
2023-10-09,601018.XSHG,0.0079625242320032
2023-10-09,601077.XSHG,0.0051982263142214
2023-10-09,601088.XSHG,0.0759657983639768
2023-10-09,601128.XSHG,0.0028328598550916
2023-10-09,601158.XSHG,0.0038825919853294
2023-10-09,601166.XSHG,0.0491980387233847
2023-10-09,601169.XSHG,0.0142619534269161
2023-10-09,601228.XSHG,0.0030800243074019
2023-10-09,601229.XSHG,0.0124342877435998
2023-10-09,601288.XSHG,0.1678016715878084
2023-10-09,601328.XSHG,0.0330670754194915
2023-10-09,601398.XSHG,0.1838345738054156
2023-10-09,601577.XSHG,0.0047490831456554
2023-10-09,601665.XSHG,0.0014259407397364
2023-10-09,601818.XSHG,0.0208013200055621
2023-10-09,601825.XSHG,0.004062327718725
2023-10-09,601866.XSHG,0.002861487069279
2023-10-09,601880.XSHG,0.0042885216656487
2023-10-09,601919.XSHG,0.0183215842568336
2023-10-09,601939.XSHG,0.0088106025736142
2023-10-09,601985.XSHG,0.0202920587371414
2023-10-09,688538.XSHG,0.0022256317107669
2023-11-01,000791.XSHE,0.0011660396384153
2023-11-01,000895.XSHE,0.0117907689168932
2023-11-01,000902.XSHE,0.001766865793443
2023-11-01,002001.XSHE,0.0063340416379611
2023-11-01,002007.XSHE,0.0047909552956688
2023-11-01,002064.XSHE,0.0046503541303377
2023-11-01,002078.XSHE,0.0044266004194943
2023-11-01,002128.XSHE,0.0036993758326266
2023-11-01,003816.XSHE,0.0151922464006926
2023-11-01,300009.XSHE,0.0016588321220675
2023-11-01,600000.XSHG,0.0260097531577981
2023-11-01,600015.XSHG,0.0093252230957787
2023-11-01,600025.XSHG,0.0181591428544991
2023-11-01,600104.XSHG,0.0219134092355433
2023-11-01,600177.XSHG,0.0040359360325587
2023-11-01,600219.XSHG,0.0047187788127059
2023-11-01,600236.XSHG,0.0057120488667065
2023-11-01,600252.XSHG,0.0011857513815252
2023-11-01,600282.XSHG,0.0030421082314263
2023-11-01,600352.XSHG,0.0037443624080409
2023-11-01,600660.XSHG,0.0095730762032156
2023-11-01,600674.XSHG,0.0084992123377613
2023-11-01,600873.XSHG,0.0036006003725035
2023-11-01,600886.XSHG,0.0110225853098894
2023-11-01,600887.XSHG,0.0222507204680691
2023-11-01,600900.XSHG,0.0689214328758439
2023-11-01,600901.XSHG,0.0026129499518941
2023-11-01,600919.XSHG,0.0161184939828944
2023-11-01,600938.XSHG,0.0072059880895177
2023-11-01,600989.XSHG,0.013612302123991
2023-11-01,600999.XSHG,0.0134796428451908
2023-11-01,601006.XSHG,0.01431595488658
2023-11-01,601077.XSHG,0.0047938057334034
2023-11-01,601088.XSHG,0.0645236713931032
2023-11-01,601128.XSHG,0.0025335763126425
2023-11-01,601166.XSHG,0.0405473484278128
2023-11-01,601169.XSHG,0.012344585946728
2023-11-01,601211.XSHG,0.0143631443101796
2023-11-01,601229.XSHG,0.0108755300134279
2023-11-01,601288.XSHG,0.1492806120986386
2023-11-01,601328.XSHG,0.0289505711151604
2023-11-01,601398.XSHG,0.1661229924384738
2023-11-01,601825.XSHG,0.0035163720082199
2023-11-01,601880.XSHG,0.0036724932987327
2023-11-01,601919.XSHG,0.0159941273237867
2023-11-01,601939.XSHG,0.0077824379113355
2023-11-01,601985.XSHG,0.0182209053777584
2023-11-01,601988.XSHG,0.1067228530672774
2023-11-01,603826.XSHG,0.0032578106810695
2023-11-01,688538.XSHG,0.0019616088307138
2023-12-01,000538.XSHE,0.011756617529584
2023-12-01,000895.XSHE,0.0117550509661667
2023-12-01,000902.XSHE,0.0017508099314634
2023-12-01,002001.XSHE,0.006723328237816
2023-12-01,002007.XSHE,0.005031028457934
2023-12-01,002128.XSHE,0.0040395446431303
2023-12-01,002252.XSHE,0.0070910115980854
2023-12-01,002432.XSHE,0.0022996131258003
2023-12-01,003816.XSHE,0.0155399918436988
2023-12-01,300009.XSHE,0.0016973676368229
2023-12-01,600000.XSHG,0.0263024208710497
2023-12-01,600015.XSHG,0.0097794048807906
2023-12-01,600016.XSHG,0.0179531451427446
2023-12-01,600018.XSHG,0.0152485213768288
2023-12-01,600025.XSHG,0.019685371949654
2023-12-01,600177.XSHG,0.0041296943782612
2023-12-01,600252.XSHG,0.0012322095645479
2023-12-01,600282.XSHG,0.0030243747420365
2023-12-01,600298.XSHG,0.0041056216735161
2023-12-01,600377.XSHG,0.0050684135393589
2023-12-01,600483.XSHG,0.0028752525486547
2023-12-01,600637.XSHG,0.0036806048741345
2023-12-01,600674.XSHG,0.0083039475155754
2023-12-01,600740.XSHG,0.0017596399288045
2023-12-01,600795.XSHG,0.0092861587352877
2023-12-01,600863.XSHG,0.0033128571988979
2023-12-01,600873.XSHG,0.0036194770978934
2023-12-01,600887.XSHG,0.0223112390084984
2023-12-01,600900.XSHG,0.070014318264219
2023-12-01,600901.XSHG,0.0027624649523593
2023-12-01,600919.XSHG,0.0158695595555868
2023-12-01,600999.XSHG,0.0136803463950625
2023-12-01,601006.XSHG,0.0146791515042367
2023-12-01,601018.XSHG,0.0074857330116453
2023-12-01,601077.XSHG,0.004739232697095
2023-12-01,601088.XSHG,0.0679768814825266
2023-12-01,601169.XSHG,0.0125846901140568
2023-12-01,601211.XSHG,0.0146922053416556
2023-12-01,601229.XSHG,0.0107965785324527
2023-12-01,601288.XSHG,0.1524336108890357
2023-12-01,601328.XSHG,0.0296784969185448
2023-12-01,601398.XSHG,0.1696482872116301
2023-12-01,601818.XSHG,0.0176660558720352
2023-12-01,601825.XSHG,0.0034402089564078
2023-12-01,601916.XSHG,0.0071023245163092
2023-12-01,601919.XSHG,0.0164723629929952
2023-12-01,601939.XSHG,0.0080069982923293
2023-12-01,601985.XSHG,0.0175388347446547
2023-12-01,601988.XSHG,0.1113898864820178
2023-12-01,688538.XSHG,0.001979052276105
2024-01-02,000408.XSHE,0.0055195626144083
2024-01-02,000883.XSHE,0.0037760849560705
2024-01-02,000895.XSHE,0.0123826315409321
2024-01-02,000902.XSHE,0.0017500216014991
2024-01-02,000937.XSHE,0.0028673743605683
2024-01-02,002001.XSHE,0.0070228011191459
2024-01-02,002078.XSHE,0.0045918403415279
2024-01-02,002128.XSHE,0.0041814784779225
2024-01-02,002318.XSHE,0.0026071471752714
2024-01-02,003816.XSHE,0.0169404193449903
2024-01-02,600015.XSHG,0.0098366917581232
2024-01-02,600016.XSHG,0.0179451774295496
2024-01-02,600018.XSHG,0.0155317154510271
2024-01-02,600025.XSHG,0.0214150921469283
2024-01-02,600177.XSHG,0.004055504252202
2024-01-02,600282.XSHG,0.0030865805088789
2024-01-02,600295.XSHG,0.0026348908497432
2024-01-02,600298.XSHG,0.0041297358186656
2024-01-02,600350.XSHG,0.0046708441048893
2024-01-02,600377.XSHG,0.0053474223098668
2024-01-02,600642.XSHG,0.0043409625706728
2024-01-02,600660.XSHG,0.0101574351258308
2024-01-02,600674.XSHG,0.0091014215834361
2024-01-02,600740.XSHG,0.0017585916866608
2024-01-02,600863.XSHG,0.0035488095264791
2024-01-02,600873.XSHG,0.0038267090253367
2024-01-02,600886.XSHG,0.012609359752472
2024-01-02,600900.XSHG,0.0750411466460168
2024-01-02,600919.XSHG,0.0164495206453306
2024-01-02,601006.XSHG,0.0154288324037172
2024-01-02,601018.XSHG,0.0076374880941502
2024-01-02,601077.XSHG,0.0049589595555595
2024-01-02,601088.XSHG,0.07186542743782
2024-01-02,601158.XSHG,0.0037468336184671
2024-01-02,601169.XSHG,0.0129471106830091
2024-01-02,601211.XSHG,0.0149147178007694
2024-01-02,601225.XSHG,0.02785741859654
2024-01-02,601229.XSHG,0.0111820526802042
2024-01-02,601288.XSHG,0.1572531280767618
2024-01-02,601298.XSHG,0.0045718466115217
2024-01-02,601328.XSHG,0.0305331939862823
2024-01-02,601398.XSHG,0.1738081956913919
2024-01-02,601718.XSHG,0.001714031738405
2024-01-02,601818.XSHG,0.0181123559035377
2024-01-02,601825.XSHG,0.0035890433488771
2024-01-02,601916.XSHG,0.0073358564983814
2024-01-02,601939.XSHG,0.00845708492885
2024-01-02,601985.XSHG,0.0195179383634398
2024-01-02,601988.XSHG,0.1137467780068697
2024-01-02,603826.XSHG,0.0036947332509965
2024-02-01,000157.XSHE,0.0050370302181587
2024-02-01,000333.XSHE,0.040136931874044
2024-02-01,000895.XSHE,0.0097574134315767
2024-02-01,002078.XSHE,0.0033177357763656
2024-02-01,600000.XSHG,0.0197611385041134
2024-02-01,600015.XSHG,0.0091862936023471
2024-02-01,600016.XSHG,0.0137630134858332
2024-02-01,600018.XSHG,0.0126418093991852
2024-02-01,600019.XSHG,0.0132441157604463
2024-02-01,600025.XSHG,0.0155756676498468
2024-02-01,600036.XSHG,0.0621296560920435
2024-02-01,600177.XSHG,0.0030658969049952
2024-02-01,600236.XSHG,0.0045107402514013
2024-02-01,600350.XSHG,0.003632561526961
2024-02-01,600377.XSHG,0.0043064734520561
2024-02-01,600398.XSHG,0.0033485259535944
2024-02-01,600642.XSHG,0.0035016640724506
2024-02-01,600660.XSHG,0.0077260883111632
2024-02-01,600674.XSHG,0.0074660800179514
2024-02-01,600690.XSHG,0.0140594380098006
2024-02-01,600873.XSHG,0.0028908632151053
2024-02-01,600886.XSHG,0.0095863461806979
2024-02-01,600887.XSHG,0.0168296156769005
2024-02-01,600900.XSHG,0.0562992300191886
2024-02-01,600919.XSHG,0.0131862775858797
2024-02-01,600926.XSHG,0.0056651871294878
2024-02-01,600941.XSHG,0.0075754358914446
2024-02-01,600999.XSHG,0.0098172635632111
2024-02-01,601006.XSHG,0.0121211436493883
2024-02-01,601009.XSHG,0.0075340098707492
2024-02-01,601018.XSHG,0.0055402187956317
2024-02-01,601077.XSHG,0.0037530068758355
2024-02-01,601088.XSHG,0.0592676012455008
2024-02-01,601169.XSHG,0.0105711052980187
2024-02-01,601211.XSHG,0.0108022122250809
2024-02-01,601225.XSHG,0.0229695901469349
2024-02-01,601229.XSHG,0.0087332777502461
2024-02-01,601288.XSHG,0.1229519343686717
2024-02-01,601298.XSHG,0.0036728830207486
2024-02-01,601328.XSHG,0.0232387700797684
2024-02-01,601398.XSHG,0.1372035705224267
2024-02-01,601658.XSHG,0.0311675756450006
2024-02-01,601816.XSHG,0.0239689218082177
2024-02-01,601818.XSHG,0.0142891005115021
2024-02-01,601825.XSHG,0.0028782008210455
2024-02-01,601838.XSHG,0.0047146802953771
2024-02-01,601916.XSHG,0.0056738715453548
2024-02-01,601939.XSHG,0.0064968531490772
2024-02-01,601985.XSHG,0.015330422754009
2024-02-01,601988.XSHG,0.0891025560651621
2024-03-01,000157.XSHE,0.0049894324157626
2024-03-01,000166.XSHE,0.0090701404760735
2024-03-01,000333.XSHE,0.0388542903444687
2024-03-01,000651.XSHE,0.0197169299156289
2024-03-01,000725.XSHE,0.0133354372045684
2024-03-01,000895.XSHE,0.0089096589680092
2024-03-01,002001.XSHE,0.0048219829487994
2024-03-01,600000.XSHG,0.0184200899880735
2024-03-01,600015.XSHG,0.0086105593567245
2024-03-01,600016.XSHG,0.0127078652011477
2024-03-01,600018.XSHG,0.0110451214732087
2024-03-01,600019.XSHG,0.0128874533369671
2024-03-01,600025.XSHG,0.0146482336129321
2024-03-01,600036.XSHG,0.0581558957220403
2024-03-01,600089.XSHG,0.006702937757873
2024-03-01,600104.XSHG,0.0153047373005482
2024-03-01,600236.XSHG,0.0039795604581867
2024-03-01,600406.XSHG,0.0163884499216546
2024-03-01,600660.XSHG,0.007669187660579
2024-03-01,600674.XSHG,0.006793656023319
2024-03-01,600690.XSHG,0.0135863059417682
2024-03-01,600873.XSHG,0.0027902251545729
2024-03-01,600886.XSHG,0.0088167100094234
2024-03-01,600887.XSHG,0.015726988366552
2024-03-01,600900.XSHG,0.0529741958400303
2024-03-01,600919.XSHG,0.0122715222669694
2024-03-01,600989.XSHG,0.0098773256027499
2024-03-01,600999.XSHG,0.0092106103601599
2024-03-01,601006.XSHG,0.0107769732194325
2024-03-01,601009.XSHG,0.0070824479252209
2024-03-01,601077.XSHG,0.0034939700610985
2024-03-01,601169.XSHG,0.0097040150576508
2024-03-01,601211.XSHG,0.0099696318519919
2024-03-01,601225.XSHG,0.0221031438936047
2024-03-01,601229.XSHG,0.0080301250266073
2024-03-01,601288.XSHG,0.1194732611656662
2024-03-01,601328.XSHG,0.0218951603864121
2024-03-01,601398.XSHG,0.1270757404199653
2024-03-01,601607.XSHG,0.0031044950824288
2024-03-01,601658.XSHG,0.0286744197619137
2024-03-01,601766.XSHG,0.0140645529796939
2024-03-01,601816.XSHG,0.0216715852767664
2024-03-01,601818.XSHG,0.0131892308953189
2024-03-01,601899.XSHG,0.0240404454060591
2024-03-01,601916.XSHG,0.0053054370189354
2024-03-01,601939.XSHG,0.0059528010896482
2024-03-01,601985.XSHG,0.0142503486822752
2024-03-01,601988.XSHG,0.0833411327764647
2024-03-01,601989.XSHG,0.0091612252042071
2024-03-01,601998.XSHG,0.0193743531898447
2024-04-01,000027.XSHE,0.0025590402811869
2024-04-01,000157.XSHE,0.004501526268134
2024-04-01,000166.XSHE,0.0076373910025491
2024-04-01,000333.XSHE,0.0338682191177532
2024-04-01,000338.XSHE,0.0063862919728733
2024-04-01,000651.XSHE,0.0167582752080816
2024-04-01,000725.XSHE,0.0119358353385697
2024-04-01,002601.XSHE,0.0021628393150511
2024-04-01,002714.XSHE,0.012226048587445
2024-04-01,600000.XSHG,0.0158766216952237
2024-04-01,600015.XSHG,0.0075516803536501
2024-04-01,600016.XSHG,0.0106652311257053
2024-04-01,600018.XSHG,0.0093619894868879
2024-04-01,600019.XSHG,0.0108418108025365
2024-04-01,600028.XSHG,0.0451889292666548
2024-04-01,600036.XSHG,0.0503740234457154
2024-04-01,600104.XSHG,0.0132236320297451
2024-04-01,600219.XSHG,0.0030220510722648
2024-04-01,600406.XSHG,0.0145931768203942
2024-04-01,600519.XSHG,0.161771365103288
2024-04-01,600660.XSHG,0.0067132911668192
2024-04-01,600674.XSHG,0.0059990844927865
2024-04-01,600690.XSHG,0.0120917272288681
2024-04-01,600886.XSHG,0.0077180949371639
2024-04-01,600887.XSHG,0.0132785135094096
2024-04-01,600900.XSHG,0.0444166840518991
2024-04-01,600905.XSHG,0.0047778036255401
2024-04-01,600919.XSHG,0.01087988996932
2024-04-01,600926.XSHG,0.0045296079872428
2024-04-01,600989.XSHG,0.0092389916894168
2024-04-01,600999.XSHG,0.0078459024524773
2024-04-01,601006.XSHG,0.0096855700488818
2024-04-01,601009.XSHG,0.0062650825310038
2024-04-01,601021.XSHG,0.0041728889813319
2024-04-01,601169.XSHG,0.0090319573660437
2024-04-01,601229.XSHG,0.0070239971778669
2024-04-01,601288.XSHG,0.1010282619819039
2024-04-01,601328.XSHG,0.0190284630373239
2024-04-01,601398.XSHG,0.1067025298469373
2024-04-01,601728.XSHG,0.008823072369738
2024-04-01,601766.XSHG,0.0125037137561578
2024-04-01,601816.XSHG,0.0186262869241694
2024-04-01,601825.XSHG,0.0023961854778524
2024-04-01,601838.XSHG,0.0039072026674261
2024-04-01,601899.XSHG,0.0259441452193991
2024-04-01,601916.XSHG,0.0048032022796969
2024-04-01,601919.XSHG,0.0099167885503079
2024-04-01,601939.XSHG,0.0049595439811689
2024-04-01,601988.XSHG,0.0703256729038206
2024-04-01,603195.XSHG,0.0068598654943141
2024-05-06,000166.XSHE,0.0082390097103947
2024-05-06,000333.XSHE,0.0379232051569899
2024-05-06,000538.XSHE,0.0079525345296648
2024-05-06,000651.XSHE,0.0189334987195625
2024-05-06,000725.XSHE,0.0130137846308844
2024-05-06,002001.XSHE,0.00470075738834
2024-05-06,002311.XSHE,0.0065199309611153
2024-05-06,300760.XSHE,0.0296611860294175
2024-05-06,600000.XSHG,0.0179999707780793
2024-05-06,600008.XSHG,0.0016801979497214
2024-05-06,600009.XSHG,0.0056389980604339
2024-05-06,600015.XSHG,0.0080176654726228
2024-05-06,600018.XSHG,0.0102283404597806
2024-05-06,600021.XSHG,0.0019198105993344
2024-05-06,600036.XSHG,0.0562102225208719
2024-05-06,600104.XSHG,0.0133830707069797
2024-05-06,600177.XSHG,0.0028421897157536
2024-05-06,600236.XSHG,0.0040148254162068
2024-05-06,600309.XSHG,0.0225507465629294
2024-05-06,600332.XSHG,0.0035661182987821
2024-05-06,600519.XSHG,0.1727356058170893
2024-05-06,600598.XSHG,0.0018678313950943
2024-05-06,600690.XSHG,0.0156274384330216
2024-05-06,600704.XSHG,0.001917918689408
2024-05-06,600809.XSHG,0.0256366454145589
2024-05-06,600873.XSHG,0.0025606573280347
2024-05-06,600886.XSHG,0.0088537029964451
2024-05-06,600887.XSHG,0.0141855404580196
2024-05-06,600900.XSHG,0.0477675866374809
2024-05-06,600905.XSHG,0.0050314263258767
2024-05-06,600926.XSHG,0.0053917228639985
2024-05-06,600989.XSHG,0.0097848166923982
2024-05-06,601009.XSHG,0.0067290981429539
2024-05-06,601018.XSHG,0.004531988580925
2024-05-06,601166.XSHG,0.0272969529265454
2024-05-06,601169.XSHG,0.0091999041844835
2024-05-06,601229.XSHG,0.0078753225862531
2024-05-06,601288.XSHG,0.1084861032095694
2024-05-06,601319.XSHG,0.0147250660139734
2024-05-06,601328.XSHG,0.0208200044391951
2024-05-06,601398.XSHG,0.113103402085234
2024-05-06,601658.XSHG,0.0254314431962759
2024-05-06,601668.XSHG,0.0174954664380017
2024-05-06,601669.XSHG,0.0052997510097627
2024-05-06,601816.XSHG,0.0201783853637864
2024-05-06,601838.XSHG,0.0043980720495782
2024-05-06,601868.XSHG,0.0024554441924596
2024-05-06,601916.XSHG,0.0050491492192448
2024-05-06,601919.XSHG,0.0119795998477227
2024-05-06,603195.XSHG,0.0085878897947421
2024-06-03,000001.XSHE,0.01689100733973
2024-06-03,000166.XSHE,0.0081462832106872
2024-06-03,002223.XSHE,0.0030486524198745
2024-06-03,002415.XSHE,0.0235820579874084
2024-06-03,600000.XSHG,0.0192662849975004
2024-06-03,600015.XSHG,0.0083068182827934
2024-06-03,600016.XSHG,0.010851239816886
2024-06-03,600018.XSHG,0.0105630679279218
2024-06-03,600019.XSHG,0.0120426187942986
2024-06-03,600025.XSHG,0.0146259368206434
2024-06-03,600028.XSHG,0.0481839886652608
2024-06-03,600029.XSHG,0.0058571578818173
2024-06-03,600050.XSHG,0.0112673099464651
2024-06-03,600104.XSHG,0.0132136271894345
2024-06-03,600177.XSHG,0.0028951630079595
2024-06-03,600332.XSHG,0.003476116573593
2024-06-03,600352.XSHG,0.0022514895345021
2024-06-03,600519.XSHG,0.1632554290786521
2024-06-03,600598.XSHG,0.0018235394492928
2024-06-03,600674.XSHG,0.0069827270744078
2024-06-03,600886.XSHG,0.0098293069804001
2024-06-03,600887.XSHG,0.0142850289102945
2024-06-03,600900.XSHG,0.0522030241746953
2024-06-03,600905.XSHG,0.0049872285072513
2024-06-03,600926.XSHG,0.0056838933685722
2024-06-03,600989.XSHG,0.0095107250639785
2024-06-03,601009.XSHG,0.0073688873613721
2024-06-03,601018.XSHG,0.0043984064500032
2024-06-03,601166.XSHG,0.0293139053936306
2024-06-03,601169.XSHG,0.0096709563359549
2024-06-03,601216.XSHG,0.0028830024325258
2024-06-03,601229.XSHG,0.0084526560704601
2024-06-03,601288.XSHG,0.1116063596109298
2024-06-03,601319.XSHG,0.0149706225890693
2024-06-03,601328.XSHG,0.0220608772893133
2024-06-03,601398.XSHG,0.1162694940674768
2024-06-03,601577.XSHG,0.0026900494843554
2024-06-03,601607.XSHG,0.0028158417953862
2024-06-03,601658.XSHG,0.0267115128205838
2024-06-03,601668.XSHG,0.0183106409646895
2024-06-03,601669.XSHG,0.0055023489571171
2024-06-03,601728.XSHG,0.0092403443215242
2024-06-03,601816.XSHG,0.0195420394248817
2024-06-03,601818.XSHG,0.0118090272050319
2024-06-03,601838.XSHG,0.0046712232337956
2024-06-03,601868.XSHG,0.0024353256645756
2024-06-03,601916.XSHG,0.005055384148062
2024-06-03,601939.XSHG,0.0053692822980766
2024-06-03,601988.XSHG,0.0741839316113521
2024-06-03,601997.XSHG,0.0016381574655091
2024-07-01,000001.XSHE,0.0162875207399574
2024-07-01,002001.XSHE,0.0048648562977878
2024-07-01,002252.XSHE,0.00428800226588
2024-07-01,003816.XSHE,0.0151198014001044
2024-07-01,600000.XSHG,0.0197087646745873
2024-07-01,600015.XSHG,0.0080483848381179
2024-07-01,600016.XSHG,0.0109566667862644
2024-07-01,600018.XSHG,0.0109747970149016
2024-07-01,600019.XSHG,0.011982412101842
2024-07-01,600025.XSHG,0.0161295973902626
2024-07-01,600028.XSHG,0.0492135907687066
2024-07-01,600029.XSHG,0.0060327857822099
2024-07-01,600036.XSHG,0.057480283983076
2024-07-01,600050.XSHG,0.0117520824639732
2024-07-01,600104.XSHG,0.0130102070756685
2024-07-01,600115.XSHG,0.0044165228662589
2024-07-01,600177.XSHG,0.0027289265714879
2024-07-01,600674.XSHG,0.0075897866013616
2024-07-01,600886.XSHG,0.0105352089602524
2024-07-01,600887.XSHG,0.0132785994404483
2024-07-01,600900.XSHG,0.0573929774590947
2024-07-01,600905.XSHG,0.0103852742157594
2024-07-01,600926.XSHG,0.0058709686795861
2024-07-01,600941.XSHG,0.0066109140320381
2024-07-01,600989.XSHG,0.0104487300938397
2024-07-01,601006.XSHG,0.0102873299198186
2024-07-01,601009.XSHG,0.0076726506044235
2024-07-01,601018.XSHG,0.0044353282138323
2024-07-01,601021.XSHG,0.0044716227322102
2024-07-01,601077.XSHG,0.0036114251191588
2024-07-01,601088.XSHG,0.0605540441880874
2024-07-01,601166.XSHG,0.0299029136353737
2024-07-01,601169.XSHG,0.0100645215010487
2024-07-01,601229.XSHG,0.0082762085106979
2024-07-01,601288.XSHG,0.1149462333594006
2024-07-01,601298.XSHG,0.0042283520807497
2024-07-01,601319.XSHG,0.0150841533177136
2024-07-01,601328.XSHG,0.0239998933065133
2024-07-01,601398.XSHG,0.1272480949190812
2024-07-01,601607.XSHG,0.0030359298132328
2024-07-01,601658.XSHG,0.0276515768181532
2024-07-01,601668.XSHG,0.0182285473335776
2024-07-01,601728.XSHG,0.0096908628059436
2024-07-01,601816.XSHG,0.0215837487030558
2024-07-01,601818.XSHG,0.0120049732087326
2024-07-01,601838.XSHG,0.0048340885271626
2024-07-01,601868.XSHG,0.0024797230316075
2024-07-01,601916.XSHG,0.0048919488119247
2024-07-01,601939.XSHG,0.0058893699779066
2024-07-01,601988.XSHG,0.0798187970571243
2024-08-01,000001.XSHE,0.0168950151301104
2024-08-01,000166.XSHE,0.0088452596044893
2024-08-01,000728.XSHE,0.0024748621223765
2024-08-01,600000.XSHG,0.0213247230021744
2024-08-01,600008.XSHG,0.0018295344502439
2024-08-01,600015.XSHG,0.0082309864800167
2024-08-01,600019.XSHG,0.0126373333070259
2024-08-01,600025.XSHG,0.017624497473524
2024-08-01,600028.XSHG,0.0528155180866146
2024-08-01,600050.XSHG,0.0123903759864594
2024-08-01,600104.XSHG,0.0144543056834893
2024-08-01,600115.XSHG,0.0049822261620931
2024-08-01,600177.XSHG,0.002798503600084
2024-08-01,600820.XSHG,0.0018604306563329
2024-08-01,600900.XSHG,0.0612998982553375
2024-08-01,600905.XSHG,0.0117047082895762
2024-08-01,600919.XSHG,0.0119567047549178
2024-08-01,600926.XSHG,0.0061055601927855
2024-08-01,600958.XSHG,0.0053886794354279
2024-08-01,600999.XSHG,0.009381259631394
2024-08-01,601006.XSHG,0.0105450436598017
2024-08-01,601009.XSHG,0.0079192935714868
2024-08-01,601018.XSHG,0.0048242041123933
2024-08-01,601077.XSHG,0.0038951566754939
2024-08-01,601111.XSHG,0.0071825072141461
2024-08-01,601166.XSHG,0.0293050171974486
2024-08-01,601169.XSHG,0.0096250462692599
2024-08-01,601186.XSHG,0.0082109750694684
2024-08-01,601211.XSHG,0.0092266827801424
2024-08-01,601229.XSHG,0.008663508526504
2024-08-01,601288.XSHG,0.1253043866306093
2024-08-01,601318.XSHG,0.0387858118412563
2024-08-01,601319.XSHG,0.0171228253475192
2024-08-01,601328.XSHG,0.0246231263930293
2024-08-01,601377.XSHG,0.0039899802909664
2024-08-01,601398.XSHG,0.1343937709538913
2024-08-01,601607.XSHG,0.0031720577428013
2024-08-01,601618.XSHG,0.0048127279645219
2024-08-01,601628.XSHG,0.0568953681477945
2024-08-01,601658.XSHG,0.0273699986098292
2024-08-01,601668.XSHG,0.0196862495312198
2024-08-01,601669.XSHG,0.0061722532172887
2024-08-01,601728.XSHG,0.0100143653579627
2024-08-01,601800.XSHG,0.0086141818052489
2024-08-01,601816.XSHG,0.0243532521240529
2024-08-01,601818.XSHG,0.0125103984387057
2024-08-01,601868.XSHG,0.002712818531548
2024-08-01,601916.XSHG,0.0051869937198495
2024-08-01,601939.XSHG,0.0060834237078185
2024-08-01,601988.XSHG,0.0837981922634658
2024-09-02,000001.XSHE,0.0186966999050847
2024-09-02,000166.XSHE,0.0090199257803181
2024-09-02,000538.XSHE,0.0091729972964291
2024-09-02,000651.XSHE,0.0211653451660988
2024-09-02,000728.XSHE,0.0026032945259403
2024-09-02,000776.XSHE,0.0068199683655069
2024-09-02,600000.XSHG,0.0234686775690248
2024-09-02,600008.XSHG,0.0020077019405924
2024-09-02,600015.XSHG,0.0092968509394986
2024-09-02,600016.XSHG,0.0117606225740673
2024-09-02,600028.XSHG,0.0630833232208296
2024-09-02,600029.XSHG,0.0067150957109803
2024-09-02,600036.XSHG,0.062771464159113
2024-09-02,600050.XSHG,0.0136630468793762
2024-09-02,600115.XSHG,0.0052106639811022
2024-09-02,600177.XSHG,0.003132718268327
2024-09-02,600196.XSHG,0.0045182743096786
2024-09-02,600298.XSHG,0.0025830598028956
2024-09-02,600406.XSHG,0.0188096924447514
2024-09-02,600598.XSHG,0.0021938638238612
2024-09-02,600871.XSHG,0.002366450270141
2024-09-02,600900.XSHG,0.0679722300764016
2024-09-02,600919.XSHG,0.0137110214691435
2024-09-02,600941.XSHG,0.0074392240452819
2024-09-02,600958.XSHG,0.0058939603011811
2024-09-02,600999.XSHG,0.010291308239336
2024-09-02,601009.XSHG,0.0089024700965486
2024-09-02,601018.XSHG,0.0050766492130295
2024-09-02,601088.XSHG,0.064560184146488
2024-09-02,601111.XSHG,0.0075640283343629
2024-09-02,601166.XSHG,0.0326660546002806
2024-09-02,601169.XSHG,0.0107998422202198
2024-09-02,601211.XSHG,0.0103151419343845
2024-09-02,601228.XSHG,0.0022504166867439
2024-09-02,601229.XSHG,0.0094487541362533
2024-09-02,601318.XSHG,0.044565177733273
2024-09-02,601319.XSHG,0.020737085382333
2024-09-02,601377.XSHG,0.0041808254997064
2024-09-02,601398.XSHG,0.1526203129304294
2024-09-02,601607.XSHG,0.0034351616923139
2024-09-02,601658.XSHG,0.0303202041734128
2024-09-02,601668.XSHG,0.0207914449850911
2024-09-02,601688.XSHG,0.0086405803492357
2024-09-02,601728.XSHG,0.0119470143412853
2024-09-02,601816.XSHG,0.0249900103906751
2024-09-02,601818.XSHG,0.0135770831543399
2024-09-02,601868.XSHG,0.0028191984052661
2024-09-02,601916.XSHG,0.0052560734834037
2024-09-02,601988.XSHG,0.098419684395475
2024-09-02,601997.XSHG,0.0017491206504847
2024-10-08,000001.XSHE,0.0420438853322555
2024-10-08,000089.XSHE,0.0024733739335144
2024-10-08,000513.XSHE,0.0041844682511757
2024-10-08,000538.XSHE,0.0186558281162916
2024-10-08,001213.XSHE,0.0033194028641525
2024-10-08,002252.XSHE,0.0090735495267216
2024-10-08,002294.XSHE,0.0067063179619361
2024-10-08,002966.XSHE,0.004941893586858
2024-10-08,600000.XSHG,0.0518428822068234
2024-10-08,600004.XSHG,0.0041801837941669
2024-10-08,600008.XSHG,0.0041365218940155
2024-10-08,600009.XSHG,0.0126187479581204
2024-10-08,600010.XSHG,0.009695751220877
2024-10-08,600015.XSHG,0.0201372139854488
2024-10-08,600016.XSHG,0.0246362327568688
2024-10-08,600018.XSHG,0.0262025055349367
2024-10-08,600019.XSHG,0.0258478038557489
2024-10-08,600028.XSHG,0.1121481402338688
2024-10-08,600036.XSHG,0.1388022511492557
2024-10-08,600050.XSHG,0.0288568890943403
2024-10-08,600177.XSHG,0.0065484272727479
2024-10-08,600352.XSHG,0.0058939111143266
2024-10-08,600406.XSHG,0.0374723223636596
2024-10-08,600598.XSHG,0.0046080344298471
2024-10-08,600637.XSHG,0.0044110185345665
2024-10-08,600688.XSHG,0.0037847008537511
2024-10-08,600741.XSHG,0.0097527522591893
2024-10-08,600905.XSHG,0.0236097949259107
2024-10-08,600919.XSHG,0.0264241296170136
2024-10-08,600926.XSHG,0.0129449034500093
2024-10-08,601009.XSHG,0.0179519814618615
2024-10-08,601018.XSHG,0.010556280933212
2024-10-08,601166.XSHG,0.0699250903215103
2024-10-08,601169.XSHG,0.021445842458244
2024-10-08,601222.XSHG,0.002730791930086
2024-10-08,601228.XSHG,0.0046321716522514
2024-10-08,601229.XSHG,0.0191938430527534
2024-10-08,601326.XSHG,0.0030090647990318
2024-10-08,601399.XSHG,0.0038101191879162
2024-10-08,601568.XSHG,0.0029867616919341
2024-10-08,601577.XSHG,0.0057623417080928
2024-10-08,601607.XSHG,0.0071202825973654
2024-10-08,601658.XSHG,0.0613093606962397
2024-10-08,601818.XSHG,0.0284927354031597
2024-10-08,601825.XSHG,0.0119418378407692
2024-10-08,601838.XSHG,0.0101682425813282
2024-10-08,601868.XSHG,0.013364585876865
2024-10-08,601880.XSHG,0.0048563102240516
2024-10-08,601916.XSHG,0.0109446425988597
2024-10-08,601997.XSHG,0.003843874906067
2024-11-01,000060.XSHE,0.0020572090382064
2024-11-01,000089.XSHE,0.0015727104740431
2024-11-01,000408.XSHE,0.0050894422229314
2024-11-01,000425.XSHE,0.007280033285497
2024-11-01,002262.XSHE,0.0025722501183884
2024-11-01,002352.XSHE,0.0238488240480604
2024-11-01,600000.XSHG,0.0320559724552596
2024-11-01,600008.XSHG,0.0027663515709434
2024-11-01,600017.XSHG,0.0010644622411209
2024-11-01,600031.XSHG,0.0174276392337718
2024-11-01,600036.XSHG,0.086150364798622
2024-11-01,600096.XSHG,0.0047059390968763
2024-11-01,600143.XSHG,0.0025140147588724
2024-11-01,600298.XSHG,0.0034493031872832
2024-11-01,600323.XSHG,0.0020012805257866
2024-11-01,600352.XSHG,0.003628078320632
2024-11-01,600406.XSHG,0.0232825239057807
2024-11-01,600497.XSHG,0.0033842745564061
2024-11-01,600578.XSHG,0.0027729982274268
2024-11-01,600598.XSHG,0.003000039860094
2024-11-01,600637.XSHG,0.0028774280330421
2024-11-01,600688.XSHG,0.0023915109007467
2024-11-01,600820.XSHG,0.0024042924674387
2024-11-01,600863.XSHG,0.0032270144254338
2024-11-01,600905.XSHG,0.0149499729952273
2024-11-01,600919.XSHG,0.0180254940931991
2024-11-01,600926.XSHG,0.0084161042059111
2024-11-01,600941.XSHG,0.0086184410103083
2024-11-01,601006.XSHG,0.0131990752492972
2024-11-01,601018.XSHG,0.0064955326141148
2024-11-01,601088.XSHG,0.074414049584141
2024-11-01,601118.XSHG,0.0027411733654756
2024-11-01,601169.XSHG,0.0132410793333558
2024-11-01,601228.XSHG,0.0028763649474545
2024-11-01,601229.XSHG,0.0120650922716158
2024-11-01,601288.XSHG,0.167661432435463
2024-11-01,601369.XSHG,0.0016316036717268
2024-11-01,601398.XSHG,0.1821784158945592
2024-11-01,601577.XSHG,0.0038344393393632
2024-11-01,601658.XSHG,0.0387913983113618
2024-11-01,601665.XSHG,0.0030173453444577
2024-11-01,601728.XSHG,0.0142633873497869
2024-11-01,601818.XSHG,0.0175906994503139
2024-11-01,601825.XSHG,0.0079944752973281
2024-11-01,601838.XSHG,0.00651188535173
2024-11-01,601868.XSHG,0.0084798683800177
2024-11-01,601880.XSHG,0.003254359457565
2024-11-01,601916.XSHG,0.0067225758948438
2024-11-01,601939.XSHG,0.0084957456462978
2024-11-01,601988.XSHG,0.1130060307524188
2024-12-02,000425.XSHE,0.0090259025904723
2024-12-02,000429.XSHE,0.0020587979411523
2024-12-02,000927.XSHE,0.0023913912175693
2024-12-02,000950.XSHE,0.0013707869158231
2024-12-02,000963.XSHE,0.0091699734360619
2024-12-02,001213.XSHE,0.0026200005854503
2024-12-02,002028.XSHE,0.0064254712591384
2024-12-02,002078.XSHE,0.0054847262272852
2024-12-02,002091.XSHE,0.0016849119597954
2024-12-02,002203.XSHE,0.0025409351267223
2024-12-02,002204.XSHE,0.0014068951020011
2024-12-02,002221.XSHE,0.0020298183278107
2024-12-02,002267.XSHE,0.0012406298624312
2024-12-02,002318.XSHE,0.0031631946833012
2024-12-02,002966.XSHE,0.0037983860799897
2024-12-02,600016.XSHG,0.0190392692691489
2024-12-02,600017.XSHG,0.0013774568872342
2024-12-02,600029.XSHG,0.0113517215608211
2024-12-02,600098.XSHG,0.0031480470201137
2024-12-02,600115.XSHG,0.0094194886099899
2024-12-02,600143.XSHG,0.0031462155659605
2024-12-02,600352.XSHG,0.0044983651019213
2024-12-02,600717.XSHG,0.0019753846235277
2024-12-02,600820.XSHG,0.0029264922030077
2024-12-02,600873.XSHG,0.0040407444201483
2024-12-02,600919.XSHG,0.0216857271722432
2024-12-02,600926.XSHG,0.0104517176142182
2024-12-02,600941.XSHG,0.0107933769561529
2024-12-02,600959.XSHG,0.0024892079133213
2024-12-02,600977.XSHG,0.0030574930199442
2024-12-02,601006.XSHG,0.0167720036202089
2024-12-02,601009.XSHG,0.0131967438567589
2024-12-02,601018.XSHG,0.0082736113362881
2024-12-02,601111.XSHG,0.0127165682510885
2024-12-02,601128.XSHG,0.0030666101939093
2024-12-02,601228.XSHG,0.003623136824687
2024-12-02,601229.XSHG,0.0155423184077818
2024-12-02,601288.XSHG,0.2075738011123908
2024-12-02,601398.XSHG,0.2229474474770189
2024-12-02,601607.XSHG,0.0055536138124552
2024-12-02,601658.XSHG,0.0486232742753773
2024-12-02,601728.XSHG,0.0177308505027556
2024-12-02,601816.XSHG,0.0399446506344702
2024-12-02,601818.XSHG,0.0225365139592351
2024-12-02,601838.XSHG,0.0081081259730173
2024-12-02,601916.XSHG,0.0084572776228593
2024-12-02,601988.XSHG,0.1424425530629774
2024-12-02,601998.XSHG,0.0359725395711524
2024-12-02,603128.XSHG,0.0011425147676479
2024-12-02,603358.XSHG,0.0019633154851601
2025-01-02,000001.XSHE,0.0166246095337622
2025-01-02,000333.XSHE,0.0388975408543146
2025-01-02,000538.XSHE,0.007698498179921
2025-01-02,000582.XSHE,0.0010626668770592
2025-01-02,000651.XSHE,0.0191564240612463
2025-01-02,000895.XSHE,0.0067038978952162
2025-01-02,002032.XSHE,0.0032144305133608
2025-01-02,002078.XSHE,0.0030182570852345
2025-01-02,002966.XSHE,0.002221346241929
2025-01-02,600000.XSHG,0.0222857640348682
2025-01-02,600015.XSHG,0.0089379873149296
2025-01-02,600016.XSHG,0.0106582735607411
2025-01-02,600018.XSHG,0.0104049435553745
2025-01-02,600019.XSHG,0.0113368568335335
2025-01-02,600028.XSHG,0.0466317266849722
2025-01-02,600036.XSHG,0.0595426665889472
2025-01-02,600096.XSHG,0.0030177930407617
2025-01-02,600298.XSHG,0.0022934646441473
2025-01-02,600352.XSHG,0.0023945152647399
2025-01-02,600377.XSHG,0.0043088617790992
2025-01-02,600642.XSHG,0.0033826254513156
2025-01-02,600660.XSHG,0.0090751131124489
2025-01-02,600803.XSHG,0.0044829846005667
2025-01-02,600887.XSHG,0.0140343548344923
2025-01-02,600900.XSHG,0.0525415813860197
2025-01-02,600901.XSHG,0.0022305685294019
2025-01-02,600919.XSHG,0.0133693851460971
2025-01-02,600926.XSHG,0.0059682533267134
2025-01-02,600941.XSHG,0.0065388522702178
2025-01-02,601006.XSHG,0.0093035252157889
2025-01-02,601009.XSHG,0.0077900793544386
2025-01-02,601018.XSHG,0.004383695708292
2025-01-02,601088.XSHG,0.0526421219774181
2025-01-02,601166.XSHG,0.029459505751282
2025-01-02,601169.XSHG,0.009539827763813
2025-01-02,601229.XSHG,0.0095726122768373
2025-01-02,601288.XSHG,0.1244239916714588
2025-01-02,601298.XSHG,0.0036372754354684
2025-01-02,601328.XSHG,0.0221524595996982
2025-01-02,601398.XSHG,0.1374124961964484
2025-01-02,601607.XSHG,0.0029894625324628
2025-01-02,601658.XSHG,0.0277705370801752
2025-01-02,601728.XSHG,0.0107926913758591
2025-01-02,601816.XSHG,0.0221939147416858
2025-01-02,601818.XSHG,0.0129738345654194
2025-01-02,601838.XSHG,0.0052383224428482
2025-01-02,601916.XSHG,0.0046021179421505
2025-01-02,601939.XSHG,0.0061766804580076
2025-01-02,601988.XSHG,0.0848304157073848
2025-01-02,601998.XSHG,0.0200801890016288
2025-02-05,000001.XSHE,0.0188367030657383
2025-02-05,000333.XSHE,0.0424800129404529
2025-02-05,000538.XSHE,0.0086737355966936
2025-02-05,000582.XSHE,0.0012720689783461
2025-02-05,000725.XSHE,0.0141889195989769
2025-02-05,000883.XSHE,0.0026719158317821
2025-02-05,000895.XSHE,0.0076360118709631
2025-02-05,002001.XSHE,0.0057740916677072
2025-02-05,002142.XSHE,0.0143299260325044
2025-02-05,002223.XSHE,0.0029033535200003
2025-02-05,002648.XSHE,0.0057164722824542
2025-02-05,002966.XSHE,0.0024661477667486
2025-02-05,600000.XSHG,0.0260860322015214
2025-02-05,600015.XSHG,0.0097340919243696
2025-02-05,600016.XSHG,0.0123824049253853
2025-02-05,600019.XSHG,0.0124964218091785
2025-02-05,600036.XSHG,0.0704456136991258
2025-02-05,600346.XSHG,0.0086349770926841
2025-02-05,600352.XSHG,0.00266634633018
2025-02-05,600377.XSHG,0.0046320575714663
2025-02-05,600660.XSHG,0.0101488227753802
2025-02-05,600887.XSHG,0.0145201638405418
2025-02-05,600900.XSHG,0.058104872899074
2025-02-05,600901.XSHG,0.0025505941358105
2025-02-05,600919.XSHG,0.0152752732992029
2025-02-05,600926.XSHG,0.0069022317429792
2025-02-05,600941.XSHG,0.0083468288551084
2025-02-05,601006.XSHG,0.0104204747137963
2025-02-05,601009.XSHG,0.0089834956336998
2025-02-05,601018.XSHG,0.0048312655217339
2025-02-05,601077.XSHG,0.0045118786579457
2025-02-05,601166.XSHG,0.0357015690139227
2025-02-05,601169.XSHG,0.0106857486152101
2025-02-05,601229.XSHG,0.0110976513083029
2025-02-05,601288.XSHG,0.1376357862715815
2025-02-05,601298.XSHG,0.0041660210800366
2025-02-05,601328.XSHG,0.0240262137495075
2025-02-05,601398.XSHG,0.1539864964244478
2025-02-05,601577.XSHG,0.0031236204192013
2025-02-05,601598.XSHG,0.0023063678032031
2025-02-05,601607.XSHG,0.0034100781043341
2025-02-05,601658.XSHG,0.0302564748655655
2025-02-05,601728.XSHG,0.0120512512091878
2025-02-05,601818.XSHG,0.0149758171075038
2025-02-05,601838.XSHG,0.0059737693295156
2025-02-05,601916.XSHG,0.0052971781140583
2025-02-05,601939.XSHG,0.0068634929650923
2025-02-05,601988.XSHG,0.0957256106877934
2025-02-05,601997.XSHG,0.0018228860543006
2025-02-05,601998.XSHG,0.0222707600956813
2025-03-03,000001.XSHE,0.0199372183077781
2025-03-03,000538.XSHE,0.0087039866404506
2025-03-03,000582.XSHE,0.0012686991443264
2025-03-03,000895.XSHE,0.0084260043134293
2025-03-03,002064.XSHE,0.0037085449150019
2025-03-03,002074.XSHE,0.0037241141444365
2025-03-03,002078.XSHE,0.0035003784027412
2025-03-03,002340.XSHE,0.0031500004010051
2025-03-03,002352.XSHE,0.0180042133466783
2025-03-03,002595.XSHE,0.0036130517555273
2025-03-03,002648.XSHE,0.0063915416368116
2025-03-03,002948.XSHE,0.0011334377041628
2025-03-03,002966.XSHE,0.0025014612831103
2025-03-03,600000.XSHG,0.0265930501377402
2025-03-03,600015.XSHG,0.0099714581192605
2025-03-03,600016.XSHG,0.0131363467703508
2025-03-03,600019.XSHG,0.0141349939691652
2025-03-03,600031.XSHG,0.0142038589783765
2025-03-03,600036.XSHG,0.077429201273564
2025-03-03,600346.XSHG,0.0094980852621
2025-03-03,600377.XSHG,0.0051926161519509
2025-03-03,600380.XSHG,0.0019004486322233
2025-03-03,600642.XSHG,0.0038760217328879
2025-03-03,600660.XSHG,0.010005008565804
2025-03-03,600688.XSHG,0.0020606583689148
2025-03-03,600885.XSHG,0.0031141329369264
2025-03-03,600887.XSHG,0.0157752497508035
2025-03-03,600900.XSHG,0.0580514819414628
2025-03-03,600919.XSHG,0.0151192722759122
2025-03-03,600926.XSHG,0.0072116788415703
2025-03-03,601006.XSHG,0.0120489941420211
2025-03-03,601009.XSHG,0.0089580934427309
2025-03-03,601077.XSHG,0.0044334044863387
2025-03-03,601166.XSHG,0.0384774641894717
2025-03-03,601169.XSHG,0.011040377568093
2025-03-03,601229.XSHG,0.0118187271591872
2025-03-03,601288.XSHG,0.145614862275831
2025-03-03,601328.XSHG,0.0252257153502654
2025-03-03,601398.XSHG,0.1648511211462726
2025-03-03,601577.XSHG,0.0030936340578244
2025-03-03,601598.XSHG,0.0023691995384682
2025-03-03,601658.XSHG,0.0315148295712401
2025-03-03,601818.XSHG,0.0155336962663894
2025-03-03,601838.XSHG,0.0061031230853376
2025-03-03,601868.XSHG,0.0066286816911591
2025-03-03,601916.XSHG,0.0054807723287336
2025-03-03,601939.XSHG,0.007278885931153
2025-03-03,601988.XSHG,0.1019672280887542
2025-03-03,601997.XSHG,0.0018732829548645
2025-03-03,601998.XSHG,0.0243516910213894
2025-04-01,000001.XSHE,0.0196477309899652
2025-04-01,000060.XSHE,0.0016686991175852
2025-04-01,000538.XSHE,0.0090887465824492
2025-04-01,000582.XSHE,0.0013655307907821
2025-04-01,000883.XSHE,0.002846620575239
2025-04-01,000895.XSHE,0.0085271912231557
2025-04-01,002001.XSHE,0.0061252650349153
2025-04-01,002032.XSHE,0.0042273258922743
2025-04-01,002078.XSHE,0.003680098643988
2025-04-01,002352.XSHE,0.0188295013781895
2025-04-01,002608.XSHE,0.0026610266284184
2025-04-01,002958.XSHE,0.0013801236070618
2025-04-01,002966.XSHE,0.0031346614538093
2025-04-01,600000.XSHG,0.0272924629081298
2025-04-01,600015.XSHG,0.0108239076881024
2025-04-01,600016.XSHG,0.0125841495873232
2025-04-01,600036.XSHG,0.0794497493637468
2025-04-01,600098.XSHG,0.0020462370207113
2025-04-01,600346.XSHG,0.0093473609429429
2025-04-01,600350.XSHG,0.0046816006847178
2025-04-01,600377.XSHG,0.0053081852685032
2025-04-01,600380.XSHG,0.0019558266144628
2025-04-01,600642.XSHG,0.00403697533421
2025-04-01,600900.XSHG,0.0601739856290784
2025-04-01,600901.XSHG,0.00274644344408
2025-04-01,600919.XSHG,0.0157941029677165
2025-04-01,600926.XSHG,0.0076183720206321
2025-04-01,601006.XSHG,0.011891636597212
2025-04-01,601009.XSHG,0.0092371630157733
2025-04-01,601018.XSHG,0.0052828210814778
2025-04-01,601077.XSHG,0.0047955480654142
2025-04-01,601166.XSHG,0.0396781976736472
2025-04-01,601169.XSHG,0.0114726902264418
2025-04-01,601229.XSHG,0.0127247891535629
2025-04-01,601288.XSHG,0.1471304074256373
2025-04-01,601328.XSHG,0.026129402038213
2025-04-01,601398.XSHG,0.1647064152719929
2025-04-01,601577.XSHG,0.0033050880758234
2025-04-01,601598.XSHG,0.0024411871379428
2025-04-01,601658.XSHG,0.0311156723115019
2025-04-01,601816.XSHG,0.0248816966736543
2025-04-01,601818.XSHG,0.0155924877802351
2025-04-01,601825.XSHG,0.007072540397623
2025-04-01,601838.XSHG,0.0065379182827781
2025-04-01,601916.XSHG,0.0056710671675061
2025-04-01,601939.XSHG,0.0074724901991805
2025-04-01,601988.XSHG,0.1045203062292995
2025-04-01,601991.XSHG,0.00332979824284
2025-04-01,601997.XSHG,0.0019313860219603
2025-04-01,601998.XSHG,0.0260374095380899
2025-05-06,000001.XSHE,0.0165907275829294
2025-05-06,000027.XSHE,0.002419606688541
2025-05-06,000538.XSHE,0.0078529780113906
2025-05-06,000651.XSHE,0.0195611756069304
2025-05-06,000729.XSHE,0.0025429817500281
2025-05-06,000895.XSHE,0.0066907140712283
2025-05-06,002032.XSHE,0.003440172812022
2025-05-06,002352.XSHE,0.0163681548722725
2025-05-06,002966.XSHE,0.0026807213168652
2025-05-06,600000.XSHG,0.0255753716425077
2025-05-06,600011.XSHG,0.0063140571376824
2025-05-06,600016.XSHG,0.0109820565116869
2025-05-06,600025.XSHG,0.0133249979384778
2025-05-06,600039.XSHG,0.0046592582697442
2025-05-06,600098.XSHG,0.0017740044165049
2025-05-06,600346.XSHG,0.0082267823617972
2025-05-06,600350.XSHG,0.0041077694058456
2025-05-06,600377.XSHG,0.0044548325221283
2025-05-06,600483.XSHG,0.0021036161187257
2025-05-06,600519.XSHG,0.1519057432640534
2025-05-06,600535.XSHG,0.0017841841946293
2025-05-06,600660.XSHG,0.0090622160592779
2025-05-06,600674.XSHG,0.0064566272003665
2025-05-06,600873.XSHG,0.0024523341206543
2025-05-06,600887.XSHG,0.0146755757840188
2025-05-06,600900.XSHG,0.054645732670444
2025-05-06,600901.XSHG,0.0024343997444525
2025-05-06,600919.XSHG,0.0143294632942442
2025-05-06,600926.XSHG,0.0072618117187751
2025-05-06,600941.XSHG,0.007961841113422
2025-05-06,601006.XSHG,0.0103411430046978
2025-05-06,601009.XSHG,0.008993413132137
2025-05-06,601077.XSHG,0.004605154054846
2025-05-06,601166.XSHG,0.0335934315891841
2025-05-06,601169.XSHG,0.0098132233927845
2025-05-06,601229.XSHG,0.0114588851422352
2025-05-06,601288.XSHG,0.1339780767096905
2025-05-06,601328.XSHG,0.0226879816427952
2025-05-06,601398.XSHG,0.1467991077762516
2025-05-06,601577.XSHG,0.0028227397798629
2025-05-06,601658.XSHG,0.0268080879381515
2025-05-06,601818.XSHG,0.0136474512391615
2025-05-06,601825.XSHG,0.0060974335994308
2025-05-06,601838.XSHG,0.005581115878036
2025-05-06,601916.XSHG,0.0050081788027487
2025-05-06,601928.XSHG,0.0023028048948725
2025-05-06,601939.XSHG,0.0067726904562435
2025-05-06,601988.XSHG,0.0902610395677886
2025-05-06,601991.XSHG,0.0030846351663235
2025-05-06,601998.XSHG,0.02270349803111
2025-06-03,000001.XSHE,0.0180509175377455
2025-06-03,000538.XSHE,0.007989229052783
2025-06-03,000651.XSHE,0.01953817320185
2025-06-03,000729.XSHE,0.0028167186097516
2025-06-03,002223.XSHE,0.002817594703019
2025-06-03,002714.XSHE,0.0124680003524349
2025-06-03,002966.XSHE,0.0030489689198481
2025-06-03,300498.XSHE,0.0070471400463496
2025-06-03,600000.XSHG,0.0289908416021573
2025-06-03,600011.XSHG,0.0062973757957609
2025-06-03,600016.XSHG,0.0125131222581825
2025-06-03,600018.XSHG,0.010659879193621
2025-06-03,600025.XSHG,0.0140639436181236
2025-06-03,600036.XSHG,0.0714424617498508
2025-06-03,600039.XSHG,0.0049103962079676
2025-06-03,600329.XSHG,0.0015454342543953
2025-06-03,600350.XSHG,0.0042814299911977
2025-06-03,600377.XSHG,0.0047616018646511
2025-06-03,600535.XSHG,0.0019685885028713
2025-06-03,600674.XSHG,0.0063887494099391
2025-06-03,600795.XSHG,0.006419886173
2025-06-03,600873.XSHG,0.0023660336875592
2025-06-03,600887.XSHG,0.0151544530769557
2025-06-03,600900.XSHG,0.0570102294011386
2025-06-03,600901.XSHG,0.0027134048736318
2025-06-03,600919.XSHG,0.0160151169221855
2025-06-03,600926.XSHG,0.0086912129806875
2025-06-03,600941.XSHG,0.0083676150348545
2025-06-03,601006.XSHG,0.0106477948949913
2025-06-03,601009.XSHG,0.0099966143610736
2025-06-03,601128.XSHG,0.0018997580418882
2025-06-03,601166.XSHG,0.038795479846846
2025-06-03,601169.XSHG,0.0107411044729163
2025-06-03,601229.XSHG,0.0123309895153116
2025-06-03,601288.XSHG,0.1400558214324309
2025-06-03,601318.XSHG,0.0456486748577846
2025-06-03,601328.XSHG,0.0238047094885707
2025-06-03,601398.XSHG,0.1509844080222888
2025-06-03,601577.XSHG,0.0031636492571253
2025-06-03,601658.XSHG,0.0286014235912941
2025-06-03,601665.XSHG,0.0025515068675061
2025-06-03,601818.XSHG,0.0147302376528953
2025-06-03,601838.XSHG,0.0064350838802987
2025-06-03,601916.XSHG,0.0055658553044907
2025-06-03,601928.XSHG,0.0023732602405183
2025-06-03,601939.XSHG,0.0068459756750447
2025-06-03,601988.XSHG,0.0916350393831994
2025-06-03,601997.XSHG,0.0017940754433458
2025-06-03,601998.XSHG,0.0264234125775174
2025-06-03,688271.XSHG,0.0066366061701473
2025-07-01,000001.XSHE,0.0182271403343385
2025-07-01,000027.XSHE,0.002332334070196
2025-07-01,000538.XSHE,0.0075495611105914
2025-07-01,000598.XSHE,0.0016424380420302
2025-07-01,000651.XSHE,0.0191409034645848
2025-07-01,000792.XSHE,0.0068734346547204
2025-07-01,002966.XSHE,0.0030935002432272
2025-07-01,600000.XSHG,0.0327715288981983
2025-07-01,600011.XSHG,0.0060215513836011
2025-07-01,600016.XSHG,0.0131338923906071
2025-07-01,600021.XSHG,0.0017787215129805
2025-07-01,600025.XSHG,0.0132781207015228
2025-07-01,600036.XSHG,0.0731728052320135
2025-07-01,600039.XSHG,0.0050628367045211
2025-07-01,600096.XSHG,0.0030737639318967
2025-07-01,600115.XSHG,0.0052146428491538
2025-07-01,600153.XSHG,0.0022939060319757
2025-07-01,600329.XSHG,0.0014667418145075
2025-07-01,600483.XSHG,0.0020784328365441
2025-07-01,600795.XSHG,0.0067963496650978
2025-07-01,600873.XSHG,0.0023636672186124
2025-07-01,600900.XSHG,0.0556768049756508
2025-07-01,600901.XSHG,0.0027589654757952
2025-07-01,600905.XSHG,0.0093216611994185
2025-07-01,600919.XSHG,0.0170126936346603
2025-07-01,600926.XSHG,0.0095832149512528
2025-07-01,600941.XSHG,0.0077597397791025
2025-07-01,601006.XSHG,0.0101080310545972
2025-07-01,601009.XSHG,0.0111117601619113
2025-07-01,601128.XSHG,0.0019019830252716
2025-07-01,601166.XSHG,0.0373597986212773
2025-07-01,601169.XSHG,0.0112373137574793
2025-07-01,601229.XSHG,0.0116317331929118
2025-07-01,601288.XSHG,0.1452968740348851
2025-07-01,601318.XSHG,0.045778515323364
2025-07-01,601328.XSHG,0.0242784647528464
2025-07-01,601398.XSHG,0.1577085761177786
2025-07-01,601577.XSHG,0.0031010463363711
2025-07-01,601658.XSHG,0.0282939449279776
2025-07-01,601665.XSHG,0.0025252101783047
2025-07-01,601668.XSHG,0.0181749774494537
2025-07-01,601818.XSHG,0.0148839444059004
2025-07-01,601838.XSHG,0.0065847631675739
2025-07-01,601868.XSHG,0.0054975585611583
2025-07-01,601916.XSHG,0.0057253409341533
2025-07-01,601939.XSHG,0.007113616119721
2025-07-01,601958.XSHG,0.0027226698390031
2025-07-01,601988.XSHG,0.0909358189212028
2025-07-01,601997.XSHG,0.0017785092516677
2025-07-01,601998.XSHG,0.0267701967583864
2025-08-01,000027.XSHE,0.0033858100515531
2025-08-01,000050.XSHE,0.0024750546623053
2025-08-01,000537.XSHE,0.0019572998229604
2025-08-01,000538.XSHE,0.0108754187827022
2025-08-01,000591.XSHE,0.0017868277496638
2025-08-01,000650.XSHE,0.0008619280960187
2025-08-01,000651.XSHE,0.0275829227692809
2025-08-01,000902.XSHE,0.0017686120891982
2025-08-01,001286.XSHE,0.0010745720800132
2025-08-01,002001.XSHE,0.0073647358382455
2025-08-01,002007.XSHE,0.0028540180954916
2025-08-01,002252.XSHE,0.0049965038550953
2025-08-01,003816.XSHE,0.0157335138335757
2025-08-01,600004.XSHG,0.0024143658273199
2025-08-01,600008.XSHG,0.0024721234156054
2025-08-01,600009.XSHG,0.0067209813742024
2025-08-01,600018.XSHG,0.0142445864292742
2025-08-01,600021.XSHG,0.002974758822521
2025-08-01,600036.XSHG,0.0998702693528144
2025-08-01,600038.XSHG,0.0028630281984644
2025-08-01,600056.XSHG,0.0018057752896803
2025-08-01,600085.XSHG,0.0054976714365484
2025-08-01,600332.XSHG,0.0041646810650722
2025-08-01,600352.XSHG,0.0037478656524438
2025-08-01,600420.XSHG,0.0016649035797656
2025-08-01,600436.XSHG,0.0131982704485286
2025-08-01,600483.XSHG,0.0028633787141878
2025-08-01,600572.XSHG,0.0012854793028909
2025-08-01,600582.XSHG,0.0028191161283886
2025-08-01,600703.XSHG,0.0068946948351339
2025-08-01,600863.XSHG,0.0028738769820563
2025-08-01,600886.XSHG,0.0126656254275172
2025-08-01,600905.XSHG,0.013428774766513
2025-08-01,600938.XSHG,0.0084532131719734
2025-08-01,600998.XSHG,0.0030116504432881
2025-08-01,601006.XSHG,0.0142947270415138
2025-08-01,601108.XSHG,0.0040792990530465
2025-08-01,601288.XSHG,0.2202456814029959
2025-08-01,601398.XSHG,0.223910877926212
2025-08-01,601607.XSHG,0.0058670365689255
2025-08-01,601658.XSHG,0.0414061201207325
2025-08-01,601668.XSHG,0.0253994423436723
2025-08-01,601766.XSHG,0.0193821004456409
2025-08-01,601880.XSHG,0.0031260669907482
2025-08-01,601939.XSHG,0.0098495361483577
2025-08-01,601988.XSHG,0.1274891418577375
2025-08-01,603027.XSHG,0.0012456485326681
2025-08-01,603368.XSHG,0.0008090309772457
2025-08-01,603858.XSHG,0.0022156340984612
2025-08-01,605090.XSHG,0.0020273481017461
2025-09-01,000301.XSHE,0.0084841159604126
2025-09-01,000333.XSHE,0.0666844814753433
2025-09-01,000538.XSHE,0.0136717085239884
2025-09-01,000725.XSHE,0.0200525673636829
2025-09-01,000895.XSHE,0.0115397686068082
2025-09-01,002001.XSHE,0.0098080982110472
2025-09-01,002007.XSHE,0.0035166483118146
2025-09-01,002157.XSHE,0.0027917574411683
2025-09-01,002179.XSHE,0.0115509782072776
2025-09-01,002223.XSHE,0.0046420537499837
2025-09-01,002230.XSHE,0.0151310580634901
2025-09-01,002252.XSHE,0.0059285337257308
2025-09-01,002340.XSHE,0.0048674258159641
2025-09-01,002415.XSHE,0.0369305985165575
2025-09-01,002608.XSHE,0.0037790313508079
2025-09-01,003816.XSHE,0.0193398829023928
2025-09-01,300124.XSHE,0.0233140541403512
2025-09-01,300999.XSHE,0.0023899426359426
2025-09-01,600004.XSHG,0.0030630401244183
2025-09-01,600008.XSHG,0.0029980832999509
2025-09-01,600009.XSHG,0.0080760260418086
2025-09-01,600018.XSHG,0.0168793467910746
2025-09-01,600029.XSHG,0.0098412159669872
2025-09-01,600038.XSHG,0.003467332004664
2025-09-01,600064.XSHG,0.001809549410615
2025-09-01,600085.XSHG,0.0064362953265391
2025-09-01,600098.XSHG,0.0031310094942501
2025-09-01,600298.XSHG,0.0044852859939617
2025-09-01,600332.XSHG,0.0048660834089943
2025-09-01,600352.XSHG,0.0044263228765074
2025-09-01,600372.XSHG,0.0081067213801857
2025-09-01,600420.XSHG,0.0019608034062332
2025-09-01,600436.XSHG,0.0162701254309949
2025-09-01,600483.XSHG,0.0034715273810526
2025-09-01,600511.XSHG,0.0021383697340157
2025-09-01,600741.XSHG,0.0080211722088419
2025-09-01,600795.XSHG,0.0113907604836445
2025-09-01,600863.XSHG,0.0034213242315889
2025-09-01,600887.XSHG,0.0231435905361789
2025-09-01,600905.XSHG,0.0157662117263538
2025-09-01,600938.XSHG,0.0100884442741946
2025-09-01,601288.XSHG,0.2927488426277911
2025-09-01,601658.XSHG,0.0531701367716537
2025-09-01,601857.XSHG,0.1834455843604851
2025-09-01,601858.XSHG,0.0022199211860278
2025-09-01,601880.XSHG,0.0040721681160936
2025-09-01,601928.XSHG,0.003737211727334
2025-09-01,601995.XSHG,0.0148077266658906
2025-09-01,603888.XSHG,0.0018711367012504
2025-09-01,688009.XSHG,0.0062459253076516
2025-10-09,000039.XSHE,0.0036555481846044
2025-10-09,000333.XSHE,0.0954080279759092
2025-10-09,000537.XSHE,0.0036899702107625
2025-10-09,000538.XSHE,0.0192677511066021
2025-10-09,000543.XSHE,0.0032096743897267
2025-10-09,000725.XSHE,0.029778064147839
2025-10-09,000895.XSHE,0.0162318487411915
2025-10-09,002252.XSHE,0.0085261358903208
2025-10-09,002608.XSHE,0.0059581232110284
2025-10-09,003816.XSHE,0.0284811421797757
2025-10-09,600004.XSHG,0.0042348067622061
2025-10-09,600008.XSHG,0.0045498156297176
2025-10-09,600009.XSHG,0.0123922697091705
2025-10-09,600018.XSHG,0.024333297057706
2025-10-09,600023.XSHG,0.0131145222533898
2025-10-09,600025.XSHG,0.032651225083427
2025-10-09,600029.XSHG,0.0148214814999039
2025-10-09,600064.XSHG,0.0026631916789859
2025-10-09,600115.XSHG,0.0136896448537198
2025-10-09,600131.XSHG,0.0042275680769664
2025-10-09,600177.XSHG,0.0064587419081917
2025-10-09,600332.XSHG,0.006829914688934
2025-10-09,600352.XSHG,0.0062898976107078
2025-10-09,600372.XSHG,0.0116300246741304
2025-10-09,600406.XSHG,0.0354364304688393
2025-10-09,600436.XSHG,0.0224378835454069
2025-10-09,600483.XSHG,0.005390846852102
2025-10-09,600511.XSHG,0.0030217282441792
2025-10-09,600755.XSHG,0.0025218491865403
2025-10-09,600795.XSHG,0.017478081875362
2025-10-09,600803.XSHG,0.0107467859887036
2025-10-09,600863.XSHG,0.0052455018228959
2025-10-09,600871.XSHG,0.0054437030347385
2025-10-09,600887.XSHG,0.0329623230957701
2025-10-09,600900.XSHG,0.1259573909932226
2025-10-09,600905.XSHG,0.0235170707621375
2025-10-09,600916.XSHG,0.0027863288559525
2025-10-09,600938.XSHG,0.0150016893335386
2025-10-09,600941.XSHG,0.0180424922581273
2025-10-09,601088.XSHG,0.1232820749662532
2025-10-09,601111.XSHG,0.0175594352401637
2025-10-09,601238.XSHG,0.0107485568902377
2025-10-09,601298.XSHG,0.008697621860702
2025-10-09,601607.XSHG,0.0096696235876753
2025-10-09,601668.XSHG,0.0435465993919161
2025-10-09,601766.XSHG,0.0359215689806042
2025-10-09,601966.XSHG,0.0043413310333804
2025-10-09,601985.XSHG,0.0326070087246661
2025-10-09,603568.XSHG,0.0066049622180646
2025-10-09,688009.XSHG,0.0089384232639006
2025-11-03,000089.XSHE,0.0013760277577969
2025-11-03,000333.XSHE,0.048498715506828
2025-11-03,000338.XSHE,0.0071526489898264
2025-11-03,000538.XSHE,0.0092727184153851
2025-11-03,000725.XSHE,0.0138306144232607
2025-11-03,000883.XSHE,0.002832418199627
2025-11-03,000895.XSHE,0.0083654548798512
2025-11-03,000937.XSHE,0.0019628293821569
2025-11-03,001286.XSHE,0.0009744668851094
2025-11-03,002142.XSHE,0.0176035830655565
2025-11-03,002252.XSHE,0.0041746012468828
2025-11-03,002508.XSHE,0.0017007344170244
2025-11-03,600004.XSHG,0.0021591254160938
2025-11-03,600009.XSHG,0.006122626627424
2025-11-03,600018.XSHG,0.0120649798787485
2025-11-03,600019.XSHG,0.015302877761289
2025-11-03,600023.XSHG,0.0064958505432256
2025-11-03,600025.XSHG,0.0164211591096441
2025-11-03,600028.XSHG,0.0490267249769851
2025-11-03,600177.XSHG,0.0032395906920749
2025-11-03,600236.XSHG,0.0055377189722616
2025-11-03,600269.XSHG,0.0011790691225726
2025-11-03,600332.XSHG,0.0034797852016597
2025-11-03,600352.XSHG,0.0032608431401368
2025-11-03,600373.XSHG,0.001374227755049
2025-11-03,600406.XSHG,0.0181668497211557
2025-11-03,600483.XSHG,0.0026601294678307
2025-11-03,600511.XSHG,0.0015329190784792
2025-11-03,600572.XSHG,0.0011077566540289
2025-11-03,600583.XSHG,0.0023019506803712
2025-11-03,600642.XSHG,0.0037787529273795
2025-11-03,600690.XSHG,0.0155098255451849
2025-11-03,600803.XSHG,0.0056758693959249
2025-11-03,600863.XSHG,0.0026470696635645
2025-11-03,600873.XSHG,0.0029590594204298
2025-11-03,600900.XSHG,0.0630754254009628
2025-11-03,600905.XSHG,0.011302274316341
2025-11-03,600938.XSHG,0.0078862955367316
2025-11-03,600941.XSHG,0.0089329017394577
2025-11-03,600970.XSHG,0.0019811935270765
2025-11-03,601000.XSHG,0.0022108549730566
2025-11-03,601088.XSHG,0.06645315373912
2025-11-03,601298.XSHG,0.0043186151723631
2025-11-03,601318.XSHG,0.0576873625796265
2025-11-03,601398.XSHG,0.1976716729743385
2025-11-03,601808.XSHG,0.0040141017166215
2025-11-03,601857.XSHG,0.1436619465509228
2025-11-03,601919.XSHG,0.0178504829810806
2025-11-03,601966.XSHG,0.002101172087626
2025-11-03,601988.XSHG,0.111102971783853
2025-12-01,000001.XSHE,0.0175550848621165
2025-12-01,000088.XSHE,0.0010867483865008
2025-12-01,000333.XSHE,0.0429391432429858
2025-12-01,000538.XSHE,0.007624970640807
2025-12-01,000800.XSHE,0.002718946196753
2025-12-01,000858.XSHE,0.0353383807547086
2025-12-01,000883.XSHE,0.0023216114928891
2025-12-01,000895.XSHE,0.0072998419338607
2025-12-01,002142.XSHE,0.0147296732251718
2025-12-01,002252.XSHE,0.0034142120907233
2025-12-01,002507.XSHE,0.001162049520975
2025-12-01,002508.XSHE,0.0014607668278667
2025-12-01,600004.XSHG,0.001769232971577
2025-12-01,600009.XSHG,0.0050498770924813
2025-12-01,600018.XSHG,0.00996627234555
2025-12-01,600023.XSHG,0.0052608634137206
2025-12-01,600025.XSHG,0.013232973495178
2025-12-01,600028.XSHG,0.0428951077316006
2025-12-01,600036.XSHG,0.0693470761408261
2025-12-01,600132.XSHG,0.0020186899186418
2025-12-01,600177.XSHG,0.002769285282268
2025-12-01,600332.XSHG,0.0028167286921515
2025-12-01,600511.XSHG,0.0012460957905747
2025-12-01,600519.XSHG,0.1403227040966157
2025-12-01,600598.XSHG,0.0020538782887963
2025-12-01,600642.XSHG,0.003052416259015
2025-12-01,600690.XSHG,0.013295744614151
2025-12-01,600750.XSHG,0.001102925563495
2025-12-01,600795.XSHG,0.0078534735813915
2025-12-01,600803.XSHG,0.0052221187461695
2025-12-01,600863.XSHG,0.0023436106372945
2025-12-01,600887.XSHG,0.0143342007860601
2025-12-01,600900.XSHG,0.0521490351411233
2025-12-01,600905.XSHG,0.0092694467459979
2025-12-01,600941.XSHG,0.007478665283958
2025-12-01,601009.XSHG,0.0113376612761133
2025-12-01,601018.XSHG,0.00569076581806
2025-12-01,601088.XSHG,0.0527569640585185
2025-12-01,601298.XSHG,0.0035384503715814
2025-12-01,601318.XSHG,0.0483661014657457
2025-12-01,601328.XSHG,0.0155156273957817
2025-12-01,601398.XSHG,0.1687910497874729
2025-12-01,601577.XSHG,0.0030367640611643
2025-12-01,601607.XSHG,0.0038701023161481
2025-12-01,601808.XSHG,0.0032738134766663
2025-12-01,601825.XSHG,0.0068482361095715
2025-12-01,601919.XSHG,0.0148158828266955
2025-12-01,601939.XSHG,0.0071642851015216
2025-12-01,601988.XSHG,0.0990032786140767
2025-12-01,688009.XSHG,0.0034891655268843
2026-01-05,000001.XSHE,0.0197353182231868
2026-01-05,000088.XSHE,0.001244697782912
2026-01-05,000157.XSHE,0.0054335545383429
2026-01-05,000166.XSHE,0.0105424661378939
2026-01-05,000333.XSHE,0.047633780807754
2026-01-05,000423.XSHE,0.0028278791796294
2026-01-05,000538.XSHE,0.0089863573823868
2026-01-05,000598.XSHE,0.0019127557860248
2026-01-05,000725.XSHE,0.0137308437472035
2026-01-05,000895.XSHE,0.0081398282340867
2026-01-05,002142.XSHE,0.0164298699770699
2026-01-05,002223.XSHE,0.003250849637816
2026-01-05,002507.XSHE,0.0013249043047247
2026-01-05,600018.XSHG,0.0111629938861555
2026-01-05,600023.XSHG,0.0058815069539444
2026-01-05,600028.XSHG,0.0510301753474461
2026-01-05,600036.XSHG,0.0772590963265666
2026-01-05,600050.XSHG,0.0140394987418161
2026-01-05,600132.XSHG,0.0022422659324626
2026-01-05,600177.XSHG,0.0030624318003953
2026-01-05,600332.XSHG,0.0032201092208888
2026-01-05,600352.XSHG,0.0030957069414296
2026-01-05,600372.XSHG,0.0057855178750019
2026-01-05,600511.XSHG,0.0014215510088591
2026-01-05,600519.XSHG,0.157919870809584
2026-01-05,600598.XSHG,0.0023471053061473
2026-01-05,600690.XSHG,0.0145544396723382
2026-01-05,600887.XSHG,0.0159242486560352
2026-01-05,600900.XSHG,0.0579170058683724
2026-01-05,600905.XSHG,0.0104411350616122
2026-01-05,600926.XSHG,0.0099043491005105
2026-01-05,600941.XSHG,0.0080298406546479
2026-01-05,600998.XSHG,0.0023723249635061
2026-01-05,601000.XSHG,0.0020176059424655
2026-01-05,601018.XSHG,0.0062795662991827
2026-01-05,601066.XSHG,0.0154753620167246
2026-01-05,601088.XSHG,0.0587139049206866
2026-01-05,601108.XSHG,0.0036097587159708
2026-01-05,601211.XSHG,0.0249763471327109
2026-01-05,601298.XSHG,0.0039959417278918
2026-01-05,601398.XSHG,0.1864513434227533
2026-01-05,601577.XSHG,0.0034560925956683
2026-01-05,601607.XSHG,0.0044028941929147
2026-01-05,601816.XSHG,0.0221959344426066
2026-01-05,601825.XSHG,0.0077596199496453
2026-01-05,601919.XSHG,0.0166158565493044
2026-01-05,601939.XSHG,0.0078477498409479
2026-01-05,601985.XSHG,0.0145450394411226
2026-01-05,603288.XSHG,0.0186519285861822
2026-01-05,688009.XSHG,0.004200774356468
2026-02-02,000001.XSHE,0.0216047143628538
2026-02-02,000157.XSHE,0.006262538474696
2026-02-02,000333.XSHE,0.0546580777426981
2026-02-02,000423.XSHE,0.0033876101014468
2026-02-02,000538.XSHE,0.0100883732579608
2026-02-02,000598.XSHE,0.0021715254066086
2026-02-02,000895.XSHE,0.0090773053735501
2026-02-02,000966.XSHE,0.00150126851396
2026-02-02,000998.XSHE,0.0013697072917006
2026-02-02,002142.XSHE,0.0206564146074604
2026-02-02,002415.XSHE,0.0293152437490157
2026-02-02,002507.XSHE,0.0015453012828304
2026-02-02,002966.XSHE,0.0036730660789961
2026-02-02,003816.XSHE,0.0156056398462474
2026-02-02,600004.XSHG,0.0023000989346097
2026-02-02,600008.XSHG,0.0022876848980649
2026-02-02,600023.XSHG,0.0067905710498848
2026-02-02,600025.XSHG,0.0167183077934472
2026-02-02,600028.XSHG,0.0619730480934129
2026-02-02,600098.XSHG,0.0024655335459358
2026-02-02,600132.XSHG,0.0026732447195667
2026-02-02,600332.XSHG,0.0036175702231892
2026-02-02,600511.XSHG,0.0016240899148196
2026-02-02,600519.XSHG,0.1831950092173028
2026-02-02,600582.XSHG,0.0024819885157777
2026-02-02,600585.XSHG,0.0096316862837402
2026-02-02,600642.XSHG,0.0041389763656585
2026-02-02,600690.XSHG,0.0160258850900803
2026-02-02,600820.XSHG,0.0021144200302668
2026-02-02,600863.XSHG,0.0031782742636188
2026-02-02,600887.XSHG,0.0170662922883631
2026-02-02,600900.XSHG,0.0643338777860171
2026-02-02,600901.XSHG,0.0036625981865443
2026-02-02,600905.XSHG,0.0119865273407113
2026-02-02,600926.XSHG,0.0118307677713648
2026-02-02,601000.XSHG,0.0025818853860955
2026-02-02,601018.XSHG,0.0078578804606653
2026-02-02,601088.XSHG,0.0679788288370854
2026-02-02,601128.XSHG,0.0024547735146899
2026-02-02,601229.XSHG,0.0136779505128616
2026-02-02,601298.XSHG,0.0052679353770585
2026-02-02,601398.XSHG,0.2023216020608446
2026-02-02,601577.XSHG,0.0039775791303246
2026-02-02,601816.XSHG,0.0244764427619823
2026-02-02,601868.XSHG,0.0079787115525179
2026-02-02,601919.XSHG,0.0182139533217098
2026-02-02,601939.XSHG,0.0086449941452131
2026-02-02,601966.XSHG,0.002194974417161
2026-02-02,601985.XSHG,0.0165514205366812
2026-02-02,688009.XSHG,0.0048078295827057
2026-03-02,000001.XSHE,0.0410034869929641
2026-03-02,000088.XSHE,0.0028826672758085
2026-03-02,000333.XSHE,0.1032977999227557
2026-03-02,000423.XSHE,0.0067703402084974
2026-03-02,000538.XSHE,0.0193369438923043
2026-03-02,000598.XSHE,0.0041715413602887
2026-03-02,000883.XSHE,0.0060821653588118
2026-03-02,000895.XSHE,0.0178103466687928
2026-03-02,000966.XSHE,0.003023370264834
2026-03-02,000999.XSHE,0.0094452340165668
2026-03-02,002507.XSHE,0.0029511852726329
2026-03-02,002608.XSHE,0.0061362229361206
2026-03-02,002966.XSHE,0.0070802565053434
2026-03-02,003816.XSHE,0.031100711193728
2026-03-02,600008.XSHG,0.0045459231648908
2026-03-02,600023.XSHG,0.0141791934516441
2026-03-02,600025.XSHG,0.0337919693257534
2026-03-02,600027.XSHG,0.0093144792882758
2026-03-02,600036.XSHG,0.1553513892370805
2026-03-02,600098.XSHG,0.0052844538600311
2026-03-02,600116.XSHG,0.002573133724817
2026-03-02,600132.XSHG,0.0052789682833785
2026-03-02,600177.XSHG,0.0065278080352256
2026-03-02,600332.XSHG,0.0069569721255686
2026-03-02,600511.XSHG,0.0032080409662692
2026-03-02,600528.XSHG,0.0036730602835063
2026-03-02,600582.XSHG,0.0049486258822746
2026-03-02,600642.XSHG,0.0084153474370547
2026-03-02,600674.XSHG,0.0140401494220201
2026-03-02,600704.XSHG,0.0058812068755807
2026-03-02,600873.XSHG,0.0062529489824849
2026-03-02,600886.XSHG,0.0195392948745867
2026-03-02,600900.XSHG,0.1266070395624854
2026-03-02,600901.XSHG,0.0072846548482459
2026-03-02,600905.XSHG,0.0233825414144523
2026-03-02,600919.XSHG,0.0373105693081525
2026-03-02,600926.XSHG,0.0232506883458913
2026-03-02,601016.XSHG,0.0037904987188007
2026-03-02,601018.XSHG,0.0161774259446942
2026-03-02,601139.XSHG,0.0040056314063714
2026-03-02,601298.XSHG,0.0098181914970621
2026-03-02,601577.XSHG,0.007657777070434
2026-03-02,601607.XSHG,0.0093698769551455
2026-03-02,601816.XSHG,0.0478304586432777
2026-03-02,601868.XSHG,0.0161671637742475
2026-03-02,601916.XSHG,0.0126289018375137
2026-03-02,601919.XSHG,0.0377544021784526
2026-03-02,601966.XSHG,0.0043235756971251
2026-03-02,601985.XSHG,0.0318463306638886
2026-03-02,688009.XSHG,0.0099390350438657
2026-04-01,000001.XSHE,0.0206553817981034
2026-04-01,000333.XSHE,0.0502621541200092
2026-04-01,000538.XSHE,0.0094051143654686
2026-04-01,000651.XSHE,0.0200170995346165
2026-04-01,000895.XSHE,0.0092926960843814
2026-04-01,000999.XSHE,0.0045093592265911
2026-04-01,001965.XSHE,0.0063699832431692
2026-04-01,002352.XSHE,0.0173444971018482
2026-04-01,002966.XSHE,0.0035126610622981
2026-04-01,003816.XSHE,0.0169726689953165
2026-04-01,600008.XSHG,0.0021933433140626
2026-04-01,600015.XSHG,0.0108404648901187
2026-04-01,600016.XSHG,0.0127963999090286
2026-04-01,600023.XSHG,0.0070017456624058
2026-04-01,600025.XSHG,0.0169426246622956
2026-04-01,600036.XSHG,0.0784168750409838
2026-04-01,600062.XSHG,0.0018528876053883
2026-04-01,600177.XSHG,0.0033852600682578
2026-04-01,600642.XSHG,0.0041718637165346
2026-04-01,600674.XSHG,0.0068637725345358
2026-04-01,600886.XSHG,0.0099694056811735
2026-04-01,600887.XSHG,0.0158199103506479
2026-04-01,600900.XSHG,0.0627860078959285
2026-04-01,600901.XSHG,0.0036648592189801
2026-04-01,600905.XSHG,0.0114073826572646
2026-04-01,600919.XSHG,0.0189550940856808
2026-04-01,600926.XSHG,0.0116049315931165
2026-04-01,601006.XSHG,0.0102511525434541
2026-04-01,601009.XSHG,0.0133840675428626
2026-04-01,601018.XSHG,0.0075400614534417
2026-04-01,601077.XSHG,0.005956647217381
2026-04-01,601128.XSHG,0.0022542084846109
2026-04-01,601166.XSHG,0.0382029677638161
2026-04-01,601169.XSHG,0.0110807689917965
2026-04-01,601229.XSHG,0.0134150291784886
2026-04-01,601328.XSHG,0.017447409618742
2026-04-01,601398.XSHG,0.1950922582399876
2026-04-01,601577.XSHG,0.0037115699082094
2026-04-01,601607.XSHG,0.0045797370346084
2026-04-01,601665.XSHG,0.0034072628806063
2026-04-01,601816.XSHG,0.0237263999511412
2026-04-01,601818.XSHG,0.0141763039503776
2026-04-01,601825.XSHG,0.0081883757344325
2026-04-01,601838.XSHG,0.0069350189336805
2026-04-01,601916.XSHG,0.0061494685786329
2026-04-01,601939.XSHG,0.0086546058296703
2026-04-01,601985.XSHG,0.0161336209750191
2026-04-01,601988.XSHG,0.1181051742593096
2026-04-01,601998.XSHG,0.0322979898315623
2026-04-01,603565.XSHG,0.0022954566799611
2026-05-06,000001.XSHE,0.0210511204432055
2026-05-06,000333.XSHE,0.0526610219810209
2026-05-06,000538.XSHE,0.0089137527764982
2026-05-06,000651.XSHE,0.0210660798457858
2026-05-06,000895.XSHE,0.009166646102938
2026-05-06,002142.XSHE,0.0206515884575849
2026-05-06,002352.XSHE,0.016981074535617
2026-05-06,002415.XSHE,0.0311336808085899
2026-05-06,002461.XSHE,0.0022065621579335
2026-05-06,002966.XSHE,0.003592939723073
2026-05-06,003816.XSHE,0.0172410275939799
2026-05-06,600008.XSHG,0.0021589944168723
2026-05-06,600018.XSHG,0.0112326432424747
2026-05-06,600023.XSHG,0.0073753054793031
2026-05-06,600025.XSHG,0.0170618753593714
2026-05-06,600036.XSHG,0.0748566516980719
2026-05-06,600109.XSHG,0.0032411285245308
2026-05-06,600177.XSHG,0.0034834710273855
2026-05-06,600535.XSHG,0.002157037275636
2026-05-06,600600.XSHG,0.0042586776035556
2026-05-06,600642.XSHG,0.0042760056766243
2026-05-06,600674.XSHG,0.0071126713425361
2026-05-06,600886.XSHG,0.0097234493903534
2026-05-06,600887.XSHG,0.0164981038439232
2026-05-06,600900.XSHG,0.0635537286044357
2026-05-06,600905.XSHG,0.0112199281360239
2026-05-06,600919.XSHG,0.0197146799551992
2026-05-06,600926.XSHG,0.011899368773491
2026-05-06,600999.XSHG,0.0113328598265806
2026-05-06,601006.XSHG,0.0101389884280539
2026-05-06,601009.XSHG,0.0135536253978298
2026-05-06,601077.XSHG,0.0061273448662508
2026-05-06,601128.XSHG,0.0022865979464076
2026-05-06,601169.XSHG,0.0106603141743093
2026-05-06,601198.XSHG,0.0041331539862943
2026-05-06,601229.XSHG,0.012618763581062
2026-05-06,601328.XSHG,0.0167558524981973
2026-05-06,601398.XSHG,0.1894903812665833
2026-05-06,601577.XSHG,0.003766506345285
2026-05-06,601607.XSHG,0.004570544098177
2026-05-06,601665.XSHG,0.0037726907002089
2026-05-06,601668.XSHG,0.0194132976904766
2026-05-06,601816.XSHG,0.0227528404256261
2026-05-06,601825.XSHG,0.0078329119864652
2026-05-06,601838.XSHG,0.0077628994592453
2026-05-06,601916.XSHG,0.0061308570159446
2026-05-06,601939.XSHG,0.0089780100076259
2026-05-06,601985.XSHG,0.0160846714401956
2026-05-06,601988.XSHG,0.1149226036898415
2026-05-06,601998.XSHG,0.0324250703933225
2026-06-01,000001.XSHE,0.0179592663695326
2026-06-01,000333.XSHE,0.047206575545208
2026-06-01,000538.XSHE,0.0074380646218736
2026-06-01,000651.XSHE,0.018177185008201
2026-06-01,002142.XSHE,0.0174557684225915
2026-06-01,002352.XSHE,0.0141111181820046
2026-06-01,002966.XSHE,0.0030721914339781
2026-06-01,003816.XSHE,0.0155352252325477
2026-06-01,600008.XSHG,0.0019780842993693
2026-06-01,600015.XSHG,0.0088889036951525
2026-06-01,600018.XSHG,0.0100620989196882
2026-06-01,600025.XSHG,0.015846142111183
2026-06-01,600036.XSHG,0.0663596640200638
2026-06-01,600177.XSHG,0.0029049398661879
2026-06-01,600600.XSHG,0.0036707127213138
2026-06-01,600674.XSHG,0.0064611248059882
2026-06-01,600886.XSHG,0.0091081691191079
2026-06-01,600887.XSHG,0.0143103238780243
2026-06-01,600900.XSHG,0.0572192321556067
2026-06-01,600905.XSHG,0.0105442666156918
2026-06-01,600919.XSHG,0.0176017134934087
2026-06-01,600926.XSHG,0.0099928815940399
2026-06-01,600941.XSHG,0.0075185863816256
2026-06-01,600999.XSHG,0.0107001244412758
2026-06-01,601006.XSHG,0.0088562227232276
2026-06-01,601009.XSHG,0.0116919610851472
2026-06-01,601059.XSHG,0.0046753542055608
2026-06-01,601077.XSHG,0.0049717144958793
2026-06-01,601088.XSHG,0.0680468273004802
2026-06-01,601128.XSHG,0.0020164331282533
2026-06-01,601166.XSHG,0.0328623812488295
2026-06-01,601169.XSHG,0.0092049331641407
2026-06-01,601229.XSHG,0.0110799769419646
2026-06-01,601328.XSHG,0.0149078582086788
2026-06-01,601398.XSHG,0.1657395785577866
2026-06-01,601577.XSHG,0.0032808584078594
2026-06-01,601607.XSHG,0.0038614147211692
2026-06-01,601658.XSHG,0.030659991813036
2026-06-01,601665.XSHG,0.003228481000163
2026-06-01,601668.XSHG,0.016876017413986
2026-06-01,601816.XSHG,0.0206825647051531
2026-06-01,601818.XSHG,0.0122708663471826
2026-06-01,601825.XSHG,0.0068206058138509
2026-06-01,601838.XSHG,0.0067636104697141
2026-06-01,601916.XSHG,0.0055516280938376
2026-06-01,601939.XSHG,0.0081434522910439
2026-06-01,601985.XSHG,0.0145976866064718
2026-06-01,601988.XSHG,0.1052490190376635
2026-06-01,601995.XSHG,0.0083335853056375
2026-06-01,601998.XSHG,0.0255046139796157
2026-07-01,000001.XSHE,0.0187999444886419
2026-07-01,000333.XSHE,0.050645731903485
2026-07-01,000538.XSHE,0.0081095714020948
2026-07-01,000598.XSHE,0.0018521965255623
2026-07-01,000651.XSHE,0.0197242586814747
2026-07-01,002142.XSHE,0.0188280170968887
2026-07-01,002352.XSHE,0.0146457329358142
2026-07-01,600015.XSHG,0.0094782588000245
2026-07-01,600016.XSHG,0.0109896500856899
2026-07-01,600018.XSHG,0.0106620938114452
2026-07-01,600025.XSHG,0.0159710630391643
2026-07-01,600036.XSHG,0.0706363386852219
2026-07-01,600177.XSHG,0.0032979309362379
2026-07-01,600377.XSHG,0.0042128394929652
2026-07-01,600674.XSHG,0.0065631156686282
2026-07-01,600795.XSHG,0.0079251934936519
2026-07-01,600886.XSHG,0.0095173537091951
2026-07-01,600887.XSHG,0.0145895742039427
2026-07-01,600900.XSHG,0.0621544640313619
2026-07-01,600905.XSHG,0.0102494856704151
2026-07-01,600919.XSHG,0.0192484546504514
2026-07-01,600926.XSHG,0.0101332321384038
2026-07-01,600941.XSHG,0.0074452238303153
2026-07-01,600999.XSHG,0.0162349307776838
2026-07-01,601000.XSHG,0.0023675884223401
2026-07-01,601006.XSHG,0.0087123657505934
2026-07-01,601009.XSHG,0.0119069611939526
2026-07-01,601059.XSHG,0.0051796155880134
2026-07-01,601128.XSHG,0.0020315372238167
2026-07-01,601166.XSHG,0.0336997430287403
2026-07-01,601169.XSHG,0.009959304360493
2026-07-01,601198.XSHG,0.0043120590306977
2026-07-01,601229.XSHG,0.0118551900473383
2026-07-01,601328.XSHG,0.0160104414241875
2026-07-01,601398.XSHG,0.1815014214524402
2026-07-01,601577.XSHG,0.0033316198944384
2026-07-01,601607.XSHG,0.0041622765872011
2026-07-01,601658.XSHG,0.0340947253375263
2026-07-01,601665.XSHG,0.0034209813179148
2026-07-01,601668.XSHG,0.0173755585911223
2026-07-01,601816.XSHG,0.0211801234401038
2026-07-01,601818.XSHG,0.0129653772436845
2026-07-01,601838.XSHG,0.0072221397090239
2026-07-01,601901.XSHG,0.0058714866531245
2026-07-01,601916.XSHG,0.0055056131407851
2026-07-01,601939.XSHG,0.0087545115804274
2026-07-01,601985.XSHG,0.0159171598945869
2026-07-01,601988.XSHG,0.1135491194450221
2026-07-01,601995.XSHG,0.0104566419158373
2026-07-01,601998.XSHG,0.0267417816678261
